Category,Message
0,идти jurong point crazy доступно bugis n great world la e buffet cine there amore wat
0,около лара шутить
1,бесплатный запись wkly comp выиграть финал cup cup tkts май год текст fa получение вопрос вход std txt
0,сказать рано сказать
0,думать идти usf жить хотя
1,freemsg привет дорогой неделя слово назад всё ещё хотеть повеселиться tb ok xxx std chgs отправка фунт стерлинг rcv
0,брат похожий говорить относиться патент спид
0,согласно ваш запрос мелля мелля ор миннаминунгинт нурунг веттам установить качество callertune весь вызывающий абонент нажать скопировать свой друг callertune
1,победитель качество ценный клиент сеть выбрать получение призовой вознаграждение фунт стерлинг требовать звонок код претензия kl действительно час
1,ваш мобильный телефон месяц u r иметь право обновление последний цветовой мобильный телефон камера бесплатно позвонить мобильный обновление co бесплатно
0,скоро дом хотеть большой говорить это сегодня вечером k плакать достаточно сегодня
1,шесть шанс выиграть деньга фунт txt csh отправить стоимость пенсовдеть день tsandc применить ответ hl информация
1,срочный выиграть недельный бесплатный членство наш джекпот размер фунт стерлинг txt the word претензия t c wwwdbuknet lccltd pobox ldnwarw
0,искать правильный слово поблагодарить это передышка обещать воспринимать ваш помощь должное выполнить свой обещание замечательный благословение
0,свидание воскресение уиллом
1,xxxmobilemovieclub использовать свой кредит нажать ссылка wap следующий сообщение txt нажать wap xxxmobilemovieclubcomnqjkgighjjgcbl
0,смотреть
0,эх помнить написать имя сделать делать пока смокнуть
0,это чувствовать это gota b
1,англия против македония пропустить голыновость команда txt ur sational team eg anglas
0,это серьёзно писать имя
0,собираться попробовать течение месяц ха ха шутка
0,итак ü заплатить сначала ar это акция da comin
0,заканчивать свой обед уходить вниз лор ard smth lor закончить свой обед
0,ffffffffff смочь встретиться ранний
0,просто заставить съесть кусочек действительно голодный это отстой марк обеспокоить знать больной отказываться пицца ржа мочь
0,лола убедительный
0,сесть автобус жарить яйцо делать чай свой мама ужин чувствовать любовь
0,вернуться amp упаковывать машина дать знать место
0,ааааааааааааааааааааааааааааааааааааааааааааа работа смутно помнить это каковой это ржа мочь
0,подождать это всё ещё ясно уверить саркастичный поэтому x хотеть жить
0,войти извиняться n выпасть актин избаловать ребёнок попасть это пойти туда слишком плохо уравновешивать
0,k рассказать нибыть
0,боязнь обморок весь работа дом который сделать быстро иметь чашка чай
1,спасибо ваш подписка рингтон великобритания ваш мобильный телефон взиматься фунт стерлинг месяц пожалуйста подтвердить отвечать ответить взиматься
0,ага идти домой посмотреть время снова msg ü xuhui собираться учиться май урок утро
0,ой дать знать закончиться сосед комната
0,видеть буква b машина
0,угодный решать
0,привет пройти суббота просто отправить текстовый сообщение посмотреть решить нибыть сделать томый пытаться пригласить это род
0,пожалуйста продолжать уоттс просто хотеть уверенный удачный выходной абиол
0,забыть сказать хотеть нужный жажда большой весь любить сладкий арабский скачок мммммм вкусный
1,роджер бернс msg попытаться позвонить ответ наш sms бесплатный мобильный видео nokia бесплатный видеокамера пожалуйста позвонить доставка завтра
0,видеть
0,большой надеяться нравиться ваш мужчина lt gt дюйм
0,вызововmessages перевернуть звонок
0,получить иммунизация hep b нигерия
0,достаточно справедливо нибыть происходить
0,надеяться тайлера смочь это сделать мочь немного спросить
0,знать насколько упрямый хотеть ходить больница продолжать говорить марка слабый присоска больница предназначить слабый присоска
0,думать впервые увидеть класс
0,грамм обычно работать lt gt половина восьмой умный хотя давать целый второй грамм lt gt
0,ваш сведение x прокатиться рано утром завтра сегодня вечером падать сегодня вечером
0,ух осознавать смутить ваш расстояние думать понравиться делать всё возможный казаться счастливый пещера жаль большой дать жаль предложить жаль ваш комната смущать
1,sms ac sptv the new jersey devils detroit red wings играть хоккей шайба правильно неправильно конец ответить конец sptv
0,знать вчера сделать маллик шерават узнать lt url gt
1,поздравлять год специальный пропуск кино ваш позвонить c suprman v matrix starwars далее всё бесплатно bxipwe вечер пропустить
0,извинить позвонить поздний встреча
0,рассказать достигнуть
0,gauti sehwag out серия odi
0,прийтись взять гамбургер доллар мочь двигаться боль убивать
0,ха ха ха хороший шутка девочка искатель ситуация
0,это часть проверка iq
0,извинить сосед комната занять вечно это нормально приехать
0,около дважды проверять wif da hair dresser сказать wun cut v short сказать резать пока выглядеть
1,ценный клиент рад сообщить недавний обзор ваш мафия получить бонусный приз размер фунт стерлинг позвонить номер
0,сегодня песня посвятить день песня посвятить отправить это весь свой ценный frnd сначала
1,срочный ur присудить бесплатный поездка eurodisinc trav aco entry фунт стерлинг претендовать txt dis morefrmmob shracomorsglsuplt ls aj
1,слышать новый развод барби это идти весь вещь кен
0,самолёт дать это месяц
0,вау счастливчик мочь сэкономить деньга хи
0,закончить занятие
0,привет детка дом хотеть нибыть сделать xx
0,kk выступить
0,мочь позвонить
0,ждать махан позвонить освободиться
0,это круто джентльмен относиться достоинство уважение
0,очень нравиться народ очень застенчивый па
0,работать lt gt
0,самый всё ещё искать работа сколько зарабатывать
0,извинить позвонить поздний
0,звонить
0,дорога домой привет привет
0,место это человек
0,следующий остановка
0,звонить поздний сеть urgnt смс
0,дело попадать йо нужно весь ещё билет ещё куртка закончить использовать всё свой мультис
0,начать отправлять запрос сделать это боль вернуться поэтому вернуться постель двойной монета фабрика должный заработать весь нитрос
0,действительно захотеть всё ещё сегодня вечером детка
0,ela kano il download приходить бесплатно
0,стоить закрыть чтоть поймать
0,извинить боль это нормально встретиться ещё ночь провести поздний день пострадать это означать сделать y stufcemoro это включать всё временной лист это извинить
0,улыбаться удовольствие улыбаться боль улыбаться неприятность накладываться дождь сумма болеть улыбка всё ещё любить видеть улыбаться
1,пожалуйста позвонить наш представитель обслуживание клиент номер вечер выиграть гарантировать фунт стерлинг фунт стерлинг
0,планировать купить поздний проверять лидо получить шоу второй половина день закончить работа
1,ваш бесплатный рингтон ждать собрать просто написать пароль микс проверить получить ашер бритни fml po box mk h ppw
0,смотреть фильм телугу
0,понимать закончить
0,привет всё порядок холс некоторый время забыть встреча парикмахер четыре нужно заранее добраться душа это вызывать вероятность
0,видеть чашка кофе анимация
0,пожалуйста писать большой большой нечего сказать
0,имя ур цена пока это законно вэнь мочь забрать y u ave x ams xx
0,всё ещё искать машина покупка ещё пройти тест вождение
0,согласно ваш запрос мелля мелля ор миннаминунгинт нурунг веттам установить качество callertune весь вызывающий абонент нажать скопировать свой друг callertune
0,ух право хотеть это делать думать однажды отказаться бостонский мужчина изменить место поиск нью йорк измениться страница signin это всё ещё говорить бостон
0,умма жизнь вава умма очень любить дорогой
0,большой спасибо ваш пожелание день рождение спасибо сделать день рождение настоящий запоминаться
0,aight набрать получить немного деньга
0,ip адрес тестировать учитывать компьютер являться сервер minecraft
0,знать сварливый пожилой человек мама похожий хороший лгать сторона играть шутка
0,волноваться думать занятый
0,множественный число существительное исследование
0,собираться ужин
0,порядок нравиться пробовать новый вещь бояться мах сказать слишком громко
1,господь пытаться связаться прошлый выходной вызов показывать выиграть приз размер фунт стерлинг звонить код претензия k действительно час млрд
0,ва ур открытый предложение очень формально всякий случай порядок juz tt слишком путать вес ха ха любой специально случиться
0,войти свой каюта pa сказать счастливый босс день чувствовать особенный спросить обед обед пригласить свой квартира послать туда
1,победитель специально выбрать получить фунт стерлинг праздник flights inc поговорить претензия прямой эфир претензия pмина
0,добро должный говорить пятница соотношение яйцо тортилья необходимо
0,хм дядя сообщить платить школа напрямую пожалуйста купить еда
1,частный ваш заявление учётный запись год показывать некушенный бонусный балл требовать звонок код идентификатор истекать
1,срочный ваш мобильный номер наградить бонусный абонент фунт стерлинг это наш последний попытка связаться звонок стационарный линия boxwrc ppm
0,новый адрес пара пара всё это malarky
1,сегодняшний номер voda заканчиваться выбрать получение награда размер доллар сша матч пожалуйста позвонить телефон код претензия код стандартный ставка приложение
0,собираться сегодня сан му сделать
0,ü предсказать время ü закончить покупка
0,хороший вещь подойти
0,просто знать йетонда ещё отправить деньга отправить текст беспокоиться отправка всё конченый нужно вовлекать либо должный навязывать поэтому это извиняться
0,комната
0,эй девочка надеяться бейк давно c позвонить сумма звонок lucyxx
0,kk сколько это стоить
0,дом
0,уважаемый назвать tmorrowpls accomodate
0,сначала ответить вопрос
1,sunshine quiz wkly q выиграть хороший dvd игрок sony знать страна алгаров txt ansr sp tyrone
1,хотеть проложить сегодня вечером хотеть реальный место подрыв отправить direct ur mob присоединяться крупный великобритания сеть сглаживание bt txting gravel нд eca pmsgp
0,haf msn это yijuehotmailcom
0,звонить встречать
0,проверить всё комната мероприятие
1,большой rcv большой msg чат svc бесплатный хардкорный сервис текст перейти адрес получить должный проверить помощь yr network попробовать ещё
0,получить c лениво напечатать забыть ü лекция видеть сумка
0,k написать путь
0,сэр ждать ваш почта
0,swt подумать устать делать мелочь мила
0,знать мочь открыть спина
0,увидеться точка
0,имя персонал брать класс
1,freemsg почему ответить текст рэнди сексуальный женщина жить местный люв услышать netcollex ltd p msg ответ остановка конец
0,ummmawill регистрация наш жизнь начаться катар пожалуйста молиться очень усердно
0,удалить свой контакт
0,синд получить работа birla soft
0,вино течь знать
0,хороший нужно спуститься plaza mah
0,твой типичный ответ
0,согласно ваш запрос мелля мелля ор миннаминунгинт нурунг веттам установить качество callertune весь вызывающий абонент нажать скопировать свой друг callertune
0,везде грязь пол окно рубашка открывать рот всё вытекать мечтать свой мир половина дело время радость телешоу ill думать всё должный существовать например дождь град туман время закончиться становиться
0,aaooooright работа
0,покидать свой дом
0,привет любовь делать добраться это интервью сегодня счастливый хороший мальчик думать скучать
1,аннонирование обслуживание клиент новогодний доставка который ждать пожалуйста позвонить телефон организовать доставка
1,победитель специально выбрать получить фунт стерлинг наличные праздничный flights inc поговорить претензия прямой эфир
0,держать безопасность нужный скучать завидовать весь видеть реальный жизнь
0,новый машина дом родитель новый работа рука
0,влюбить взволновать каждый день который проводить делать счастливый
1,pls stop bootydelious f приглашать стать друг ответить смотреть wwwsmsacubootydelious stop отправить остановка
1,бангбабс твой заказ путь должный получить сервис msg скачать ur content goto wap бангб телевидение ваш мобильный интернетеменю обслуживание
0,ставить всё ваш точка модуль e культура
1,срочный пытаться связаться прошлый выходной вытягивать выиграть приз фунт стерлинг звонить код претензия s действительно час
0,привет фнд хороший способ избежать мисс консультация любимый
0,отличный побег казаться мост нужный лагер увидеться томый
0,это совершенно форма кларк также произносить отход
0,сэр нужный банковский счёт axis no банковский адрес
0,хммм образ время прыгнуть ард мочь пойти бесплатно абт муза позвонить обсудить ляо
0,время спуститься поздний
0,кровавый ад мочь поверить забыть фамилия мистер дать подсказка испанский начинаться
0,закончить ванна хороший прекрасный ночь
0,дать знать деньга карлос мочь позвонить
0,всё ещё собираться торговый центр
0,оказываться друг оставаться всё шоу вернуться lt gt стесняться идти вперёд курить это lt gt ценность
0,написать ответить дать знать мочь войти система
0,привет поговорить maneesha v хотеть знать удовлетворить это опыт ответить бесплатно
0,поднять надежда предложение деньга нужно особенно приближаться конец месяц это наносить ущерб обучение любой случай выходной gr
0,лола мочь доверять
0,джентльмен относиться достоинство уважение
0,ребята закрыть
0,делать хороший
0,привет красивый находить работа ленивый работать вернуть сеть мама мальчик скучать
0,ха ха круто минута
1,пожалуйста позвонить наш представитель обслуживание клиент freephone вечер выиграть гарантировать фунт стерлинг фунт стерлинг
0,рождественский радио время получить это
0,добраться дом сначала идти купаться сестра использовать сеть сказать заканчивать
1,достаточно уникальный узнать август wwwareyouuniquecouk
0,жаль присоединиться лига человек который поддерживать связь иметь вид всё время друг отличный личный затрата удачный неделя
0,привет закончить курс
0,остановиться однако предлагать остаться смочь дать ors каждый табурет
0,дело надеяться поселиться новый учебный год просто желать день gr
0,gud mrng дорога хороший день
0,история человек
0,ваш хомяк мёртвый эй встречаться orchard mrt
0,привет это кейт твой вечер надеяться завтра увидеть завтра нужно кроваво детка txt обратно мочь xxx
0,найти это ent gt
0,отправить lt gt бакс
0,привет дорогой закончить колледж закончить мочь любить кейт ххх
0,ваш учётный запись успешно заполнить inr lt decimal gt поле ваш баланс учётный запись keralacircle составлять rs lt decimal gt поле ваш идентификатор транзакция kr lt gt поле
0,goodmorning sleephy ga
0,называть альтер около
0,ü сказать пока купить эрикссон осо
0,войти свой каюта pa сказать счастливый босс день чувствовать особенный спросить обед обед пригласить свой квартира послать туда
0,aight yo dats strught dogg
0,пожалуйста дать соединение сегодня decimal gt вернуть законопроект
0,оба снимать больший груз готовый
0,случиться бруть надеяться отличный перерыв иметь полезный семестр
0,домой мочь поболтать
0,k k изучать
0,n noe leh
0,звучать отлично дом
0,матч направляться рисунок качество прогноз
0,усталый плохо спасть последний несколько ночь
0,легко сен выбрать значит это
0,должный сдать экзамен март
0,должный думать мочь использовать свой банкомат gt зарегистрироваться уверенный любой случай мочь помочь знать убедиться готовый
0,около вероятно взять свой время
0,существовать ос название ubandu который работать установка жёсткий диск мочь использовать ос копирование важный файл система дать ремонтный мастерская
0,извинить позвонить поздний
0,говорить случиться сказать романтический jus немного лор хороший
1,новый мобильный телефон год должный идти txt nokia to no собрать свой сегодня wwwtcbiz optout gbpmtmsg
0,очень признательный позвонить просто нужный поговорить
1,скоро встретиться партнёр свой мечта ваш карьера предел запуск узнать бесплатно txt horo последующий знак your star e глина хоро овен
0,эй компания elama po mudyadhu
0,жизнь строгий учитель учитель bcoz преподавать урок amp затем проводить экзамен жизнь сначала проводить экзамен amp затем преподавать урок счастливый утро поле поле
0,дорогой добрый утро встать
0,спуститься гандифура идти пересечь дорога правый сторона lt gt уличный дорога повернуть сначала справа
0,дорога идти наш резиновый место
0,извинить батарея умереть
0,телевизор доступный рабочий место
1,текст встретиться сексуальный сегодня мочь найти дата флиртовать ответ имя возраст например sam msg recdthirtyeeight pence
0,напечатать это lt gt подняться наверх
0,немного близкий автобусный остановка улица
0,достигнуть
0,новый теория аргумент выигрывать ситуация d терять человек спороть твой друг просто поле поле пнуть amp сказать право
1,u иметь секретный поклонник который искать вступать контакт ufind который мнение раскрывать считать специальный вызов
0,последний слух tomarrow дело ноутбук мочь
0,pleasssssssseeeee tel me v avent done sportsx
0,просто сиять это должный подписать это звучать хороший
0,хотя сказать часами лицо бэйга очень нравиться дать это спасибо всё дава сделать сегодня тронутый
0,помнить старый реклама
0,слишком поздно сказать сайт тапочки
0,попросить позвонить
0,каллиса бить й подача
0,это большой сработать спокойный ночь очень хватать поспать
1,поздравлять присудить ваучер cd gift гарантированно бесплатно вход wkly draw txt music tncs wwwldewcomwinppmxage
0,ранджито кэл дрпд деарадж дипак мина
0,любить черта взять разгневаться относиться серьёзно злиться это самый детский правдивый способ проявить глубокий привязанность заботиться luv kettoda manda хороший день
0,дело дело
0,ups который также составлять день судоходный компания который занимать неделя способ являться usps который занимать неделя задерживаться возможно прийтись подкупить напост получить свой вещь
0,вернуться знать готовый
0,обязательно ожидать это сделать прежде вернуться
0,ммм вкусный детка хороший толчок сьюзи
0,любовник нужный
1,попытаться связаться ответ наш предложение телефон видео любой время сеть мина неограниченный текст видеокамера ответить позвонить
0,припарковать рядом минь думать входить сегодня
0,ага
0,любой случай собираться покупать самостоятельно сестрёнка ещё закончить dun reage u liao
0,лутоня звонить вокруг час
1,эй очень возбудить хотеть поболтать увидеть голый
0,почему давать
0,wana plan trip someme
0,ещё уверенный всё ещё пытаться схватить
1,ур сервис рингтон измениться бесплатный кредит зайти clubmobilescom выбрать контент останавливаться txt club stop pwk club po box mk wt
0,эво просто нужно скачать flash ревнивый
1,ringtone club получать британский таблица сингл мобильный телефон каждый неделя выбирать любой рингтон высокий качество это сообщение бесплатно
0,приходить mu разбирать наш ситуация наркотик
0,ночь закончиться ещё день утро прийти особый образ желать улыбнуться солнечный луч оставить свой забота голубой залив
1,бонус hmv специальный фунт подлинный ваучер hmv который выиграть просто ответить простой вопрос играть отправить hmv подробный wwwpercentrealcom
0,usf думать успех мочь взять машина
0,возражение парень прийти
0,спасибо
0,сказать роба подметать театр
0,классно увидеться немного
0,отправить тип еда нравиться
0,всё сделать всё сдать празднование полный разгар
0,называть инструмент
0,скучать комуть человек определённо особенный человек особенный скучать просто продолжаться гдева
0,спросить деньга далеко
0,ока
0,думать обычный парень всё ещё потерять сознание прошлый ночь понять нибыть дать знать бросить вниз
0,мочь прийти сегодня вечером класс отпустить рано
0,
0,привет детка кружить подруга зайшь позвонить час дом всё порядок настать это фон любить дженни ххх
0,жизнь значит любить свой жизнь любить человек жизнь мир называть друг называть свой мир ge
0,уважаемый почта тонит
0,эй сказать свой имя гаутаму ах
0,хаф найти чувствовать глупо работать кэм
0,упс получить это
0,бузить
0,случайно удалить сообщение повесить пожалуйста
1,клиент tmobile мочь требовать бесплатный обновление телефон камера simкарта pay go ваш лояльность позвонить телефон fer encks thfebt cs apply
0,это ситуация идти gurl уместный
0,поврежный дразнить заставлять плакать конец жизнь умереть пожалуйста держать роза могила говорить глупо скучать хороший день bslvyl
0,мочь выбрать телефон прямо пожалуйста отправить сообщение
0,нужный кофе бежать томый мочь поверить это время неделя
0,потрясающе помнить последний впервые получить высоко дизель v
0,дерьмо который действительно шокировать страшно мочь представить секунда def ночь думать мочь разбиться ночь сэкономить такси
0,ох кстати холодильник большой еда хотеть выйти еда сегодня вечером
0,актёр womdarfull
1,sms ac hate date u rodds м абердин великобритания проверить img sms acwicmbcktzr
0,остановиться думать забронировать
0,джос спросить встретить
0,лола наш дружба висеть ветка покупать вещь
1,themob проверить наш новый выбор контент игра тон сплетня малыш спорт сохранить свой мобильный причудливый текстовый wap
0,клавиша гараж книжный полка
0,сегодня принять день принимать брат сестра lover dear best slock lvblefrnd jstfrnd cutefrnd lifpartnr belovd swtheart bstfrnd no rpl
1,думать умный выиграть фунт стерлинг неделя наш еженедельный викторин text play t cs winnersclub po box m uz gbpнеделя
0,говорить позвонить друг деньга определённо покупать конец неделя
0,привет день это нормальный путь это настоящий уникальный надеяться знать остальной часть mylife надеяться обнаружить wot потерянный
0,сделать день удачный день
0,kk advance happy pongal
0,хммм думать мочь пойти кб силовой йог ха ха знать мочь тахан силовой йог это забыть liao
0,очень чувак друг бояться
1,декабрь ваш мобильный метр иметь право обновление последний цветной камера мобильный телефон бесплатно позвонить мобильный обновление co бесплатно
0,кофейный торт думать
0,счастливый рождество детка любить поцелуй
0,эй почему просто пойти смотреть х пообедать ха ха
0,cud u u coll ppl im gona b немного автобус cos полный всё ещё ждать пит x
0,это здорово гильдия мочь встретиться бристоль роуд связаться выходной наш план уезжать хороший неделя
0,проблема дело
0,вызововmessages перевернуть звонок
0,привет сегодняшний класс
0,сказать это хороший знак знать послужной список чтение женщина
0,круто написать припарковать
0,читать текст который отправить это должный шутка прочитать это это свет
0,кк апо кгуд фильм
0,мочь смочь получить книга томый затем немедленно вернуть
1,позвонить германия весь пенс минута вызов фиксировать строка номер доступ предоплата прямой доступ
0,любой вероятность возможно иметь испариться нарушить конфиденциальность украсть номер телефон документ ваш работодатель круто пожалуйста связаться снова иначе сообщить ваш руководитель
1,день святой валентина специальный выиграть фунт стерлинг наш викторин взять свой партнёр поездка весь жизнь отправить pmsg rcvd custcare
0,тадааааа дом детка всё ещё встать
0,прохладный почему завоевать обедать ранний
0,просто спать сёрфинг
0,извинить позвонить поздний
0,звать правильно позвонить рука телефон
0,это здорово спасибо
0,принимать это пост прийти должный текст счастливый чтение wiv hello caroline конец любимый благословить
0,прятать незнакомец
0,интересно делать это
0,сестра вчера почистить раунд бирло
0,gudnite tc практика продолжаться
0,dis is yijue видеть твой почта случай хуиминг прислать число dis это число
0,небольшой престижный проблема
1,хотеть похмелёк делать заинтересованный sextextukcom txt xxuk suzy txts стоить msg тнк веб сайт х
0,просто проверять действительно скучать иеремий удачный месяц
0,мочь помочь iphone
0,машина полтора час собираться
0,сегодня извинить либо злить нибыть плохо вводить причинить боль пожалуйста пожалуйста просто пощечиться bcoz это ваш вино основное
0,ребята нибыть выяснять сколько нужно алкоголь джей пытаться выяснить сколько мочь безопасно потратить травка
0,lt gt иш минута минута назад wtf
0,спасибо позвонить forgot сказать нравиться sirji порядок помнить встретить страховой человек получить катар инша аллахrakhesh бывший тат айг который присоединиться tissco tayseer
1,поздравлять присудить ваучер cd gift гарантированно бесплатно вход wkly draw txt music tncs wwwldewcomwinppmxage
1,ваш денежный баланс настоящий время составлять фунтовчтоба максимизировать ur cashin отправить деньга pmsg cc hgsuitelands rowwjhl
0,актёр работать работать вечером спать поздно поскольку безработный данный момент спать поздно безработный каждый день суббота
0,привет прийти сюда сентэндрюсмальчик это долгий путь холодно держать курс
0,хах крутой крутой чикк чиккуdb
0,вероятно
0,проверить статус одри прямо
0,занятый попытка закончить новый год нетерпение ждать возможность встретиться
0,добрый день солнечный свет рассвет день освежить счастливый живой дышать воздух улыбаться думать любовь
0,знать z позаботиться беспокоиться
1,update_now рождественский предложение последний motorola sonyericsson nokia free bluetooth двойной минута txt orange вызвать mobileupd телефон calloptoutfq
1,ваш код скидка rp остановить дальнейший сообщение ответ остановка wwwregalportfoliocouk служба клиент
0,вата униформа получить
0,круто написать
0,привет мальчик скучать проснуться хотеть постель обнимать любить
0,испортить постель
0,собираться ванна собираться следующий образ lt gt мина
0,мочь продолжать разговаривать человек уверенный смочь заплатить согласный цена пожалуйста сказать хотеть действительно купить сколько готовый заплатить
1,спасибо заказ рингтон ссылка t платить gbp неделя мочь отказаться подписка любой время позвонить служба поддержка телефон
0,мочь сказать случиться
0,мочь увидеть узнать лицо
0,линдсить новый год происходить вещь несколько бар ptbo синий цап
0,держать свой payasam rinu принести
0,учить ранджито сэр позвонить смс проверять проект праб рассказать сегодня па ошибаться
0,думать именно поэтому беспокоиться должный знать способ восстановить тело совершенно уверенный должный беспокоиться взять это медленно сначала тест направляться ваш овуляция просто расслабляться ничто сказать являться причина беспокоиться следить
0,дать пара минута выследить кошелёк
0,эй оставить это важно беречь
0,эй опоздать ах познакомиться
1,двойной минута txts месяц бесплатно bluetooth апельсин доступно телефон sony nokia motorola call mobileupd телефон calloptoutndx
0,потребоваться мистер owl лик
0,место клиент позвонить
0,мм время нравиться веселие
1,месячный половина цена апельсиновый линия аренда новый телефон камера бесплатно ваш телефон месяц позвонить mobilesdirect бесплатно телефон обновить orstoptxt
0,обеденный шведский стол
0,поздно обедать
0,эй сат собираться вступительный пилатёс кикбоксинг
0,утро мочь
0,думать находиться офис колено комната думать это последний несколько день закрыть это
0,забрать бой ish время это происходить
0,отсюда награда исполнение рассчитываться каждый месяц текущий месяц
0,дело спасть всё ещё мочь перезвонить итак текст gr рок сестрёнка прислать текст проснуться
0,выкладывать свой бизнес класть фотография свой задница facebook самый открытый человек который либо встречать почему думать фотография ваш комната причинить вред заставить чувствовать нарушить
0,добрый вечер сэр аль сало вахликкум связывать счастливый новость благодаря божий получить предложение тайсер стоман присоединиться хоуп порядок инша аллах познакомиться нибыть ракхеш посетитель индия
0,хммм k хотеть быстро изменить поле da хотеть получить системный администратор сетевой администратор
1,бесплатный текст рингтон сначала поль текст настоящий тон помощь го бесплатный тон pw e nd txt stop
0,дорога чех разговаривать
0,крем волос отправить
0,это произойти пока попасть сюда хотя
0,великий локсахатч рождественский сжигание дерево lt gt начинаться час
0,ха ха привыкнуть езда usf man знать стоунер
0,всё пока это pm немного немного катастрофический класс любимый любимый надеяться день отпуск кофе wld хороший мочь остаться поздно завтра время место
0,привет хороший неделя хотеть напиток это род
0,направляться сторона busetop
0,сообщение отсутствовать текст отправитель имя отсутствовать число отсутствовать отправить дата отсутствовать отсутствовать всё отсутствовать отправить fillonsmscom
0,приходить наш комната момент мочь сдать план выходной
0,хотеть это твой
0,okies пойти ян джиу мочь пропустить ard oso идти идти идти бла бла бла
0,принести домой немного венди d
1,служба знакомство cal l boxskch
0,хотеть спать
0,новый цель
1,бесплатный вход наш еженедельный соревнование размер фунт стерлинг просто написать слово выиграть t c wwwtxttowincouk
0,отправиться несколько минута написать встретиться
1,отправить логотип ураит имя соединить сердце txt love name name mobno например любовь адам ева yahoo poboxwwq txtno no ads p
0,прошлый неделя принимать живой звонок
1,связаться наш служба знакомство войти ваш телефон нравиться выяснить это звонить стационарный линия poboxntfp
0,шив общежитие aha
1,срочный ваш номер мобильный телефон наградить гарантировать приз фунт стерлинг позвонить земля требование действительно час
0,отправить это свой друг получить нибыть свой голос выражение говорящий недостаточный неправильный ровди отдел отношение романтический сказай attraction funny lt gt irritating lt gt lovable ответить
0,всё порядок наверное
0,аатить дорогой
0,любой боль мочеиспускание нибыть ещё
0,esplanade do ü mind поднимать сегодня машина
0,срочно купить автомобиль bmw это vry urgentw hv нехватка lt gt lacs источник arng dis amt lt gt лак это проблема
0,дом смотреть телевизор
0,обычно требовать пятнадцать черта ответить
1,поздравлять nokia video camera phone это ваш звонок запись стоимость ppm ave call min
0,забронировать билет понгала
0,доступный прямо вокруг хиллсборо amp lt gt тур
0,отправить сообщение спрашивать lt gt доллар shoul i pay lt gt lt gt
0,спросить g iouri рассказать история десять
0,сколько время брать applebees черта взять
0,привет надеяться получить это путешествие путешествие gd около минута поздно думать
0,должный нравиться иметь любовь устроить
0,действительно великолепный бхадж сказать каллиса хороший игрок крикет сачин мир очень трудно выбраться
0,должный разбудить gt
0,оик видеть держаться найти группа ляо
0,извинить позвонить поздний
0,эй эй розыгрыш говорить обезьяна привет великолепно это founder self a jobyet cause love jen xxx
0,извинить батарея умереть мочь прийти мимо грамм ваш место
0,молодец blimey упражнение вроде помнить это хм
0,концентрироваться дорога знать разум всё
0,lol планировать новый год
0,минута спустя k
0,хэнкс
0,спасибо это надеяться сегодня хороший день
0,k k деталь хотеть перенести acc достаточно
0,около сказать остаться это сложно оптимистичный вещь улучшиться это месяц
1,кредит любой цель фунт стерлинг домовладелец арендатор приветствоваться ранее отказаться всё ещё мочь помочь позвонить бесплатно отправить сообщение помощь
0,si si думать сделать трюфель oreo
0,посмотреть эми ури красивый умный женщина очень нравиться знать нравиться волноваться
0,надеяться это результат постоянно умный добрый начать спрашивать практический ссылка держать ухо открытый весь хороший поговорить поздний
0,стоимость вызов думать плохо мисс нужный хотеть любить
0,переход совершенно чувство обращаться решение справляться человек это человек время исцелить всё верить
0,пойти телефон умереть должный остаться
0,большой хороший каждый день давать ещё большой причина поблагодарить бог
1,upgrdcentre orange customer мочь потребовать бесплатный обновление телефон камера ваш лояльность позвонить телефон предложение заканчиваться июль t c применяться отказать
0,извинить позвонить поздний пока
0,путь железный дорога
0,великий принцесса любить давать получать устный стиль собака любимый позиция нравиться заниматься любовь lt gt ночь
0,ставить это дорога допустить скользкий
0,собираться ездить велосипед
0,необходимость подождать e rain stop
0,компания сказать язык
1,okmail уважаемый дэйв это ваш окончательный уведомление собрать тенериф позвонить стационарный линия tcs sae box cwwx ppm
0,сколько время пройти пора кричать принцесса
0,иметь вид деньга ввести ваш счёт банк удалить свой фиксировать ставка перевести lt gt учётный запись lt gt доллар удалить образ банк различаться сбор также различаться убедиться доверять человек ja который отправлять сведение учётный запись cos
1,хотеть проложить сегодня вечером хотеть реальный место подрыв отправить direct ur mob присоединяться крупный великобритания сеть полязковы txting moan nyt eca pmsgp
0,хороший линия сказать разбитый сердце плз конфть мудрый ещё доверять t
0,собираться отправиться usf пятнадцать минута
0,любить ати любить
0,напряжение ах мач проблема
0,k мочь забрать ещё закончить
0,ребята возвращаться g сказать думать остаться mcr
0,увидеться секунда
0,йо карлос несколько друг спрашивать работать весь выходной
0,смотреть телевизор
0,спасибо детка мочь дождаться попробовать реальный вещь
0,должный изменить свой fb jaykwon thuglyfe falconerf
0,выиграть это действительно сторона течение долгий время
1,бесплатный сообщение активировать бесплатный текстовый сообщение ответить это сообщение бесплатно условие условие посетить wwwcom
0,дорога достигнуть железный дорога случиться
0,зависеть качество хотеть тип который отправить бой выцветший слава около хотеть ральф мочь
0,думать исправить это мочь отправить тестовый сообщение
0,извинить чувак аккаунт сухо
1,поздравлять год специальный пропуск кино ваш позвонить c suprman v matrix starwars далее всё бесплатно bxipwe вечер пропустить
0,извинить встреча позвонить поздний
0,класс lt gt воссоединение
0,свободный мочь позвонить
0,получить
0,думать пойти это понедельник извинить поздно ответить
0,некоторый сказать accenture подтверждать это правда
0,кейт джексон река центр ish верно
0,дорога комната
0,борьба мир легко либо выиграть либо проиграть bt fightng близкий дикольт проиграть проиграть выиграть всё ещё проигрывать
0,ü мочь выйти
0,проверить нуролог
0,лолница перейти рыба вода
1,ошибка
0,ждать э э э э э э э э э э э подождать улица сделать дом мочь делать вещь смотреть телевизор
0,мочь вестхор гайда парк деревня место рядом дом
0,должный знать энтони приносить деньга школьный сбор заплатить арендовать всё почему нужный твой помощь друг нуждаться
0,значение
0,ваш мнение сверх джада кусрутить милый тихо спл
0,g всё ещё смочь забрать боеприпас хотеть попробовать новый ак
0,прабха sorydarelyfrm сердце sory
0,лола прощать
0,jst изменить тат
1,гарантировать последний телефон nokia гб ipod mp плеер приз размер фунт стерлинг txt word собрать ibhltd ldnwh pmtmsgrcvd
0,s конкуренция
1,boltblue tones p ответ poly mono например poly cha cha slide mlow jamz toxic поднять остановить ещё тон txt большой
1,ваш кредит дополнить ваш пин код
0,образ транспорт менее проблематичный sat night кстати хотеть попросить n присоединиться понедельник стесняться нужно знать определённый нож бронирование пт
0,обычно человек сознание ребёнок взрослый мочь просто вести аномально ill позвонить
0,это ebay это мочь маленький друг место
0,должный получить рассол
0,собираться получить тако
0,это очень грубо кампус
1,срочно ваш мобильный удостоить премия бонус размер фунт стерлинг это наш второй попытка связаться звонить boxqu
0,привет рождество наслаждаться веселие
1,сегодняшний предложение утверждать ваучер сумма фунт стерлинг текст savamob участник предлагать мобильный устройство t cs sub отказаться ответ x
0,красивый леди одинокий
1,получить свой тон течение следующий час условие пожалуйста смотреть канал u teletext pg
0,джей говорить двойной фаргот
1,частный ваш заявление учётный запись год показывать выручить sim точка звонить код идентификатор истекать
0,сегоднявоскресение воскресеньепраздник работа
0,gudnite tc практика продолжаться
0,опоздать
0,давно звонить это надеяться это малярия lr знать скучать ребята скучать баня большой пожалуйста дать любовь особенно хороший день
0,добрый день любовь дело день надеяться мочь некоторый лидер работа думать бойтая посылать страстный поцелуй весь море
0,наверное некоторый время увидеться поздний сегодня вечером lt
0,мочь толстый палец просто нажимать всё кнопка знать делать
0,мммммаа счастливый возвращение день дорогой сладкое сердце день рождение дорога
0,находиться тирупур начать офис позвонить
1,wwwapplausestorecom monthlysubscriptionpmsg maxmonth t csc web age stop txt stop
0,знаменитый цитата разрабатывать способность слушать нибыть безоговорочно терять уверенность уверенность это означать женатый
0,собираться колледж штат пенсильвания делать ещё приезжать туда
0,oclock просто разбить плоский план
0,девушка оставаться постель девушка нужно время восстановление скорее выходить развлекаться затем настать постель
0,нибыть особенный
0,знать нужно получить отель получить свой приглашение прийтись извиниться кали сладко приехать weddin некоторый английский парень
0,извинить занять долго омв
0,подождать lt gt мина
0,дать минута думать видеть кстати алиби всё время стрикать волос
0,представить попасть ванна провести ваш шаг возможно съесть некоторый время прежде уйти также представить ощущение клетка ваш член окружить вода ванна напоминать владеть наслаждаться кук
0,спешить дефицит сорняк течение день
0,получить признание это поразительно тактично целое требовать клятва кровь
0,каждый ночь принимать тёплый ванна написать чашка молоко увидеть магия всё ещё нужно потерять вес просто знать
0,посмотреть сковорода случай это дёшево возможно книга глупый сковорода вряд книга
0,ультрафиолетовый ультрафиолетовый значение вызывать мутация солнце
0,обедня интернет почему
0,знать друг сказать это
0,привет принцесса спасибо фотография очень красивый
0,айо наш бывший знать ответить впервые отвечать быстро повезти работать получить бао твой сугардада дело
0,привет msg офис
0,спасибо e брауни это v приятно
0,geeeee сильно любить едва мочь стоять
1,господь пытаться связаться прошлый выходной вызов показывать выиграть приз размер фунт стерлинг звонить код претензия k действительно час млрд
0,черта детка скучать знать мочь позволить отправить немного деньга ваш сеть нужный хотеть жажда
0,позвонить мрд ninish адрес который видимый перестать позвонить bad jen k eh
0,ооо кровать ездить ey думать
0,любой случай мочь просто пойти свой тренажёрный зал ещё любовь улыбаться надеяться порядок хороший день детка очень скучать
0,любить это папа заставить кричать удовольствие собираться пощечить твой задница свой член
0,хотеть сделать миссь
0,ярый лор подождать мама финиш пообедать лор целый утренний оставаться дом чистить комната комната довольно чистый хи
0,знать послать лабораторный очки
0,мочь открыть дверь
0,ожидание ваш звонок
0,ждать sch папа
1,выиграть наличный приз год утверждать call
0,устать спорить неделя неделя делать хотеть это момент сделать самый
0,ü подождать sch заканчивать ard
1,наш номер мобильный телефон выиграть фунт стерлинг претендовать звонок позвонить горячий линия претензия телефон
0,брак время ходить укусать змея кусать bt love baracing танцевать frnt of d snake amp сказать укусить
0,
0,около всё равно нужно меняться сказать
1,попытаться связаться ответ наш предложение минута текстовый новый видео телефонный звонок ответить бесплатный доставка завтра
0,бывший жена смочь иметь ребёнок хотеть день ребёнок
0,шотландия надеяться показывать свой тенденция jjc заботиться жить мечта
0,сказать болеть голова просто хотеть использовать час больной время
0,ещё уйти хммм мочь пойти джаз йогасан осо мочь мочь познакомиться наш урок
0,пит мочь позвонить вряд кредит
0,очень хороший
0,встреча позвонить поздний
1,ваш шанс выиграть фунт стерлинг
1,специально выбрать получение награда фунт позвонить прежде строка стоимость plm t cs применяться ag promo
1,частный ваш заявление учётный запись год показывать выручить s i m points звонить код идентификатор истекать
0,всё ещё гран
0,встретить незнакомый выбирать друг пока мир стоить наш дружба заканчиваться давать друг навсегда гуд ниц
0,отлично
0,gud mrng дорога хороший день
1,важный объявление обслуживание клиент позвонить freephone
0,сделать истощённый поезд сегодня утром слишком вино пирог спать
0,собираться купить нынешний ar мама
0,mind blastin большой цунами
0,отправить домой сначала это нормально лор ещё готовый
0,говорить деньга
0,счастливый прийти полдень
0,встречать обед la
0,беречь подойти
1,xclusiveclubsaisai morow speciale zouk николсом parisfree roses all ladies информация
0,хотеть сказать мочь дождаться увидеть снова надой
0,нева это нормально
0,всё порядок имма выпить нибыть хотеть прийти найти
1,день начать euro курс последний новость результат ежедневно удалённый отправить get txt stop
0,это игра валентина поле поле отправить dis msg весь свой друг ответ самый действительно любить ques цвет подходить хороший весь
0,иждивенец
0,спасибо сегодня это приятно догнать
0,позвонить сказать всё затем должный выбрать это будущее
0,день святой валентина знать это рано сотня красивый красавица пожелать поэтому подумать закончить тётушка дядя го
0,нравиться v shock leh косильный сказать шухуй всё равно сказать леон всё знать ляо попросить реакция
0,семейный счастие
0,приходить забирать сразу выйти корм урок
0,пусть снег пусть снег погода объединять ppl дружеский отношение мочь расти
0,уважаемый получить lt gt доллар привет привет
0,хороший слово слово мочь оставить ужас
0,убедиться алекс знать день рождение закончиться пятнадцать минута насколько обеспокоить
0,извинить немного дело мочь паб поздний
0,это прямо мочь просто принести бутон напиток дело немного полезно прямой деньга
0,ха ха приятно слышать официально платить рынок й
0,сколько лик нужно добраться центр tootsie pop
0,учитель сказать это заставить лицо выглядеть долгий даррен спрашивать вырезать слишком короткий
1,новый textbuddy chat возбудить парень ваш область p бесплатно получить пост код поиск gaytextbuddycom txt one name to
1,сегодняшний номер vodafone заканчиваться выбираться премия фунт стерлинг ваш номер совпадать позвонить номер получить награда фунт стерлинг
0,пожалуйста говорить привет привет
0,спасибо
0,это перенаправить сообщение думать посылать это
0,понятно семнадцать фунт семьсот мл надеяться около
1,уважаемый держатель ваучер заявление предложение неделя ваш компьютер перейти адрес ts cs
0,смешной
0,милый надеяться день иметь множество причина улыбнуться биол
0,ü вход система время папа заставлять ü домой
0,делать душа детка
0,задать вопрос несколько час назад ответ
0,имма определённо нужно пополнить запас день благодарение дать знать уйти
0,сказать поцелуй поцелуй мочь сделать звуковой эффект великолепный человек вроде человек который нужный улыбка украсить свой день
0,наверное немного прокатиться
0,очень мило поле готовый четверг
0,алло выдержать автобус взять поезд победить иметь вид бьхэма увлечься остальной часть неделя
0,смотреть мультфильм слушать музыка amp ева прийтись пойти храм amp церковь насчёт
0,возражать спросить случиться должный говорить это неудобно
1,частный ваш заявление учётный запись год показывать выручить s i m points звонить код идентификатор истекать
0,вероятность прислать ваш электронный письмо
1,выиграть наличный приз год утверждать call t c rstm sw ss млрд
0,это круто медленно нежно sonetimes грубо тяжело
0,сказать извинить обычно начинать паниковать время ещё извинить видеть вторник
0,подождать знать уэсли город биться заклад принимать наркотик
0,очень скучать
0,история человек
0,рассказать торговец наркотик становиться нетерпеливый
0,солнце мочь прийти земля посылать лув качество луч облако мочь прийти река отправить лув дождь мочь прийти встреча мочь отправить свой помощь качество msg u gud evng
0,место это человек
0,иметь смысл взять туда это бесплатно нужно узнать большой wikipediacom
1,являться премиальный телефонный служба звонок
0,море лежать камень скала конверт конверт бумага бумага слово
0,мама раскаиваться
0,извинить впервые вернуться домой папа приходить поздний
0,оставить это de начать готовиться следующий
0,детка мочь изучить всё позиция кама сутра
0,en chikku nange bakra msg kalstiya чайкофе
0,карлос минута ещё нужно купить
0,оплата это десятичный значение лакх
0,хороший вечер поговорить поздний
0,получить msg
0,хо хо большой живот смеяться увидеться томый
1,sms ac sun пост привет казаться крутой хотеть сказать привет привет останавливаться отправить остановка
1,получить свой й рингтон бесплатно ответить msg тон gr top тон ваш телефон каждый неделя весь фунт стерлинг wk отключение отправить остановка
0,самый большой прийтись беспокоиться говорить сказать прошлый ночью делать всё хотеть сделать самый мир
0,lt gt мочь забрать
0,знать просто пить молоко
0,мочь сказать привет узнать получить карта отличный побег wetherspoons
0,пигга спать биться заклад всё ещё спать идти обед
0,причудливый лола
0,пропустить твой звонок кричать скарппи скучать мочь дождаться вернуться домой сегодня одиноко
0,говорить это шестиграть объяснять
0,ü выбрать вата это sdrybi
0,xy идти e lunch
1,привет сью год работать лапдицар любить секс написать вживую спальня текст сью textoperator g da ppmsg
0,хотеть попросить ü подождать закончить лекция лекция заканчиваться час любой случай
0,закончить работа
0,каждый король плачущий ребёнок каждый великое здание карта впечатляющий сегодня достигнуть топливо gud ni
0,дорога cherthalain dece u r cochin пожалуйста позвонить прежде запустить также достигнуть соответствовать образ сказать день прибегать
0,спасибо любовь делать факел жирный жирный цвет
1,позвонить телефон ждать срочный сообщение
0,ферма открыть
0,извинить снова беспокоить мочь купить d отец снова всё big маленький sat n sun спасибо
0,невестка надеяться отличный месяц просто говорить эй абиол
0,купить d вещь сегодня отправить отправить почта номер питание
0,ах какашка похоже плохо вероятно прийтись отправить ноутбук получить фиксировать проблема графический процессор
0,хороший хороший работа нравиться предприниматель
0,айса закрываться сей пора рухнуть вокруг алекс
0,познакомиться corporation st swoner gap мочь увидеть работать разум
0,мама попросить ü купить еда домой
0,ku также msg ответить msg
0,сколько r ü желать заплатить
0,извинить позвонить поздний
0,важно предотвращать обезвоживание давать достаточно жидкость
0,это немного странно должный происходить дело хороший идея паб
0,правда дорогой сидеть молиться вечер чувствовать некоторый время
0,думать мочь долго уйти путь семья город извинить
0,итак хотеть спорт харри
0,довольно поздно лара ард любой случай вун б дривина
1,просмотреть сохранить фантастический игра nokia ngage game club nokia go wwwcnupdatescomnewsletter отписаться оповещение ответить слово
1,месячный половина цена апельсиновый линия аренда новый телефон камера бесплатно ваш телефон метр позвонить mobilesdirect бесплатно телефон обновить orstoptxt t cs
0,высота уверенность всё профессор аэронавтика calld amp просить сидеть самолёт сидеть сказать самолёт сделать ученик dey all выйти d самолёт bt двигаться сказать это сделать ученик это начать доверие датец
0,просто казаться странный время ночь всё г
1,вечер стоимость п
0,сохранить стресс человек аккаунт общежитие просто отправить дать свой учётный запись деньга отправить
0,также знать меню обед поле знать
0,вещь продать сказать
1,ошибка
0,книга урок msg позвонить работа sth собираться получить спецификация членство px
1,выиграть гарантировать фунт стерлинг приз фунт стерлинг получить приз позвонить наш представитель обслуживание клиент телефон
0,мач расстраиваться мочь предположить ваш мышление возвращать однажды вечером замечательный план оба давать начаться жизнь снова любой время любой время
0,это прислать адрес
0,sfine любой время весь хороший
0,это wondar full flim
0,печение желе
0,мир работать всё ещё возможно всё чувствовать самый
0,понятно это выглядеть восхитительно папа хотеть съесть весь ночь напролёт
0,cos cas lar ба спрашивать пойти ах сказать спросить пт сказать спросить сегодня
0,ом должный изменить заказ пол й
0,точно любой случай далеко являться учиться просто посетить
0,знать спрашивать
1,электронный почта alertfrom jeri stewartsize kbsubject недорогой рецепция drvgsto слушайте электронный почта звонок
0,это сделать весна наступать рано ура
0,лола чувствовать плохо использовать деньга отвезти стейкский ужин d
0,возникнуть проблема убедительно просто тело тель пренебрегать сообщение c читать просто отвечать
0,уйти катар тонит поиск возможность всё послать быстро пла
0,почему никто разговаривать
0,спасибо посмотреть очень ценить
1,привет предложение лояльность клиент новый nokia mobile весь фунт стерлинг txtauction txt word начать получить свой t ctxt tc pmtmsg
0,хотеть
0,ха ха обнимать знать ощущение любить это gd lor быстрый найти всё девушка наш группа прикрепить liao
0,рад сделать это
0,делать всё немного время вещь хороший время впереди
0,встать должный выйти комната очень скоро положить часы назад год кричать весь встать затем понять это вахать ещё час постель
0,мочь бесплатный спортзал
0,мужчина любить короткий дама взглянуть глаз
0,знать сказать лидо время
0,обещать заботиться принцесса должный бежать пожалуйста отправить фото шанс поговорить поздний
1,подписать хороший сервис мобильный контент великобритания фунт стерлинг день пока отправить остановка hellpline
0,причина который говорить это год любой случай отличный неделя весь хороший экзамен
0,понедельник следующий неделя дать полный
1,понимать год тысяча старушка бегать татуировка
1,важный объявление обслуживание клиент premier
0,дать подушка
0,попасть библиотека
0,очень извинитеть узнавать номер смутить пожалуйста
0,почему холл
0,мочь придумать никто запасный комната
0,вера делать всё возможный надежда заставлять вещь работать любовь делать вещь красивый пусть всё это рождество рождество
0,должный назначить встреча
0,позвонить тыкарлос
1,романтический париж ночь рейс фунт стерлинг следующий год позвонить номер ts cs
0,бабушка дорога всё ещё больной сегодня утром чувствовать дерьмо думать просто похмелие ещё ночь уходить sat
1,срочный гарантировать награда фунт стерлинг всё ещё невостребовать звонить закрытие date претензия code mm pmmorefrombilebremovmobypoboxlsyf
0,кроме кроме спросить бу гуа послать гора фабер
0,желать ваш семья весело x mas новый год заранее
1,yu присудить городской перерыв смочь выиграть летний покупка фунт стерлинг каждый неделя txt store скилгма tscwinawk возраст perwksubub
0,уходить нибыть прежний встретить ужин ха ха интересно уйти время
0,извинить позвонить поздний
0,мочь выбрать телефон прямо пожалуйста отправить сообщение
0,лола знать драматичный школа закрытый завтра видимо мочь водить дюйм снег
0,никуда добраться чертовый охота работа
0,ржа мочь пьяный просто делать волос момент всё ещё сегодня вечером wats план
0,idc идти сюда выходить это дерьмо дважды подряд
0,lt gt минута получить любой место
0,просто спать сёрфинг
0,спасибо взять мусор
0,почему сказать свой друг уверенный хотеть жить слишком курить затем часами умолять курить
0,привет это кейт приятно увидеть сегодня вечером перезвонить завтра должный петь парень дать свой карта xxx
0,новый год дорога брат действительно скучать получить ваш номер решить отправить текст желать счастие абиол
0,это значит получить дверь
0,ваш мнение сверх джада кусрутить милый тихо спл
0,хммм думать сказать час раб опоздать наказать
0,пиво
1,важный объявление обслуживание клиент premier позвонить freephone
0,думать выключаться случайно течение минута открытие
0,должный мочь это сделать хотя всё ещё город
0,это делать это самостоятельно больший часть время это исправлять правописание это получать совершенно разный слово перейти фигура
1,нибыть думать жить хороший жизнь идеальный партнёр просто название txt back возраст присоединиться мобильный сообщество psms
1,бесплатный верхний полифонический тон позвонить национальный ставка получить toppoly tune отправлять каждый неделя просто текстовый подполия фунт стерлинг полюс unsub
0,gud mrng дорога хороший день
0,это надеяться понравиться ваш игра вчера извинить связь пожалуйста знать любовь выключиться удачный неделя абиол
0,всё e best ur rivl tmr
0,y догбрита это просто звучать январь
0,бог хотеть кричать взвесить потерять большой вес уоха
0,обычно это бесчисленный существительное u словарь исследование
0,это действительно заставлять просто болтаться
1,клиент orange мочь потребовать бесплатный обновление телефон камера ваш лояльность позвонить телефон предложение заканчиваться й март t c применяться отказ доступность
0,petey boy всё ваш друг thekingshead come смочь
0,msg u b покидать свой дом
0,дать некоторый gt протокол минута назад
1,последний шанс требование вау варосный ваучер сид большой текстовый магазин савамоб предлагать мобильный t cs savamob pobox muz фунт стерлинг
0,appt at lt time gt являться вино слушать говорить дважды
1,бесплатно й неделя nokia tone ur mobile каждый неделя txt nokia получить txting рассказать свой товарищ wwwgetzedcouk pobox wwq normptone
1,выиграть гарантировать премия размер фунт стерлинг фунт стерлинг cashto call free free телефон stop getstop php rg jx
0,k
0,замолчать d это очень обрести
0,убедиться знать ещё курить
0,буоо работать просто уйти
0,брать наполовину отпуск порядок
0,тьфу хотеть вставать постель это тепло
0,s snervous lt gt
0,кольцо который идти костюм парень это мочь подарить свой будущий йовиф подсказка
1,поздравлять присудить либо фунт стерлинг подарочный ваучер бесплатный вход наш еженедельный музыка еженедельно txt txt tncs wwwldewcomwinppmxage
0,одолжить твой сумка
1,u перебить simonwatson dvd shinco plyr предложение снова посетить sms acsmsreawards end уведомление ставка ответить
0,мальчик скучать случиться
0,использовать малыш модель помогать должный принести это сопоставить это
0,также приносить галилео добби
0,почему отвечать
0,бу детка наслаждаться свой джоб казаться черта взять находиться хороший
0,добрый день звезда мальчик жаждать боль трахнуть sips cappuccinoть скучать деткадразнить поцелуй
0,дорога мочь txt txt
1,smsservices ваш текстовый титр пожалуйста wwwcomuknet login qxj отказаться остановка дополнительный плата помощь comuk cm ae
1,p песня ребёнок альфи мун твой толоб рассказать ur ms txt thone благотворительность nokias poly poly fortion for polys zed прибыль благотворительный организация
0,хороший вечер поговорить поздний
0,хм кусочек лола вздыхать
0,хахах использовать свой мозг дорога
0,привет почта
0,извинить свет стать зелёный иметь вид ещё друг который хотеть lt gt стоить мочь рядом
0,спасибо вчерашний сэр замечательный надеяться понравиться погребение моджибиол
1,секретный поклонник раскрыть думать особенный позвонить номер отказаться ответ выявить остановка msg recd cust care
0,привет приятель rv хороший ол
1,уважаемый держатель ваучер претендовать предложение неделя ваш компьютер пожалуйста перейти адрес ts cs остановить текст txt остановить
0,большой спасибо скайп кз сура получить удовольствие ваш компания надеяться всё дать ультиматум считать абурый наслаждаться это сообщение который отправить несколько день назад
0,результат предложить
0,добрый утро дорогой успешный день
1,хотеть любой время любой сеть mins text новый видео телефон весь пять фунт неделя звонить ответить доставка завтра
0,сэр опаздывать платить арендный плата течение последний несколько месяц должный заплатить lt gt заряжать чувствовать невнимательный давать давать больший цена поэтому говорить однако мочь помочь спасибо
1,попытаться связаться наш предложение новый видео телефон любой время любой сеть получить половина цена
1,последний шанс утверждать ваучер сумма фунт стерлинг снять txt x остановить
0,любить понять особенный звонить й luv u xxx
0,пожалуйста прислать полный почта плач сколько
0,мать наш прашантеттать скончаться прошлый ночью молиться семья
1,срочный позвонить номер ваш стационарный линия ваш бесплатный ibiza holiday наличный деньга sae t cs po box sk wp мд
0,кк идти
0,время пакет дерьмо ксавье решить дать lt gt секунда предупреждение саманта приближаться играть гитара джей произвести дерьмо также думать дуга понимать большой жить
0,желудок травма клясться просто мочь хороший похудеть
0,находиться офис дело звонить перерыв
0,двое едва достаточно место x слишком грёбаный туфля извинить чувак увидеться поздний
1,сегодняшний предложение утверждать ваучер сумма фунт стерлинг текст savamob участник предлагать мобильный устройство t cs sub отказаться ответ x
0,достигнуть сад первый очередь купить билет
0,настоящий детка хотеть выявить твой внутренний тигр
0,запускать это активировать полный версия da
0,ах бедный ребёнок надеяться bettersn luv проблема передозировка работа эй идти осторожно spk u sn любовь xxx
0,остановить история сказать вернуть это говорить должный заказать это
1,говорить сексуально завести новый друг влюбиться мировой наиболее осторожный служба знакомство просто написать vip посмотреть мочь встретиться
0,собираться вывести твой малышок
0,хай ана томарроу приезжать утром lt decimal gt сэти пойти офис rto ответить прийти домой
0,ложа всё порядок
0,сказать звать тампа
0,работа уйти несколько минута
0,твой брат гений
0,извинить думать мочь получить свой связь мочь час написать
0,узнать время автобус нужно разобраться некоторый вещь
0,чувак видеть корвет последний время
1,поздравлять присудить либо год поставка компакт диск virgin records либо загадочный подарок гарантировать звонок ts cs wwwsmsconet вечер примерно mins
0,самый считать стена бункер дерьмо важный играть мирный думать ваш место достаточно высокий это иметь значение
1,частный ваш операция учётный запись год xxxxxx показывать некачественный s i m points звонить код идентификатор истекать
1,привет нужный шикарный птица парень пользовательский испытательный продувка champneys мочь опустить нужный ваш адрес dob скорее
1,хотеть рождество насчёт бесплатный текстовый сообщение новый видео телефон аренда линейка полцена позвонить бесплатно телефон узнать большой
0,официально философский дыра хотеть назвать дом готовый спасение
0,это идти проблема всё ещё нужный небольшой опыт понять американский голос клиент
0,написать бросить х
0,тьфу это долгий день измождённый просто хотеть обниматься вздремнуть
0,поговорить крайний мера день противный случай скучать свой хороший друг это мир shakespeare shesil lt gt
1,магазин бросить это k k фунт стерлинг наличные ваучер фунт стерлинг позвонить ntt po box crbt стоимость фиксировать линия ppm
0,кастор нужно увидеть
1,sunshine quiz wkly q выиграть хороший dvd игрок sony знать страна ливерпуль сыграть середина неделя txt ansr sp tyrone
1,секретный поклонник который искать вступать контакт ufind out показывать думать специальный вызов
1,секретный поклонник который искать вступать контакт ufind out показывать думать специальный вызов stopsms
1,напоминание скачать контент который заплатить goto doit mymoby тв собрать свой контент
0,видеть знать дать перерыв несколько вууть привести желать пропустить комендантский час собираться привлечь полночь фильм выйти нужно вернуться домой нужно заснуть всякий случай нужно обучать обучение ухо
0,любить давать массаж использовать детский масло каковой ваш любимый позиция
0,чувак должный снова пойти
0,yoyyooo знать изменить разрешение диск mac usb флэш накопитель
0,гиббс непроданный майк хасся
0,любить говорить па мочь знать y
0,y dun cut слишком короткий leh ах потерпеть неудача довольно грустно
0,невероятный педик
0,жена знать время убийство точно
0,почему спрашивать принцесса
0,отличный принцесса думать
0,нарезывать резак ctter cttergg cttargg ctargg ctagg
0,всё порядок занятый действительно скучно поэтому oso dunno wat color выбрать
0,занятие рано завтра следовательно должный пытаться курить lt gt
0,превосходный мысль благодарный весь хотеть это означать всё ещё возможность счастливый завтра сегодня
0,надеяться хороший неделя просто проверять
0,привыкнуть просто надеяться агент бросить забронировать несколько вещь это год весь бостон нью йорк эксперимент
0,четверг вечером разобраться
1,ваш бесплатный рингтон ждать собрать просто написать пароль микс проверить получить ашер бритни fml po box mk h ppw
0,вероятно деньга заботиться дело долг несколько выдающийся счёт работа который проделать месяц назад
0,научить
0,интересно замереть ваш телефон должный сказать любить детка
0,прекрасный запах это автобус это табак
0,всё беспокоиться дерек тейлор принять плохой
0,эй дело чарльз извинить поздний ответ
1,всё самый последний стереофоника марля диззь ракать либертин строк выиграть игра nookii флирт щёлкнуть themob wap закладка текстовый wap
0,кроме
0,белый помадка oreos находиться магазин
1,январь мужской распродажа горячий гей чат дешёвый позвонить номер национальный ставка пенсамин дёшево пмина пик остановить текст звонить pmin
0,любовь почему понадобиться время уйти захер получить твой слово ym рад увидеть грустно уйти скучать
0,жаль больно
0,мочь тошнить зло сладость весь неделя сегодня планировать вытащить диета весь неделя голодный
0,слишком рано всё ещё встреча проект
0,позвонить ждать твой звонок
0,мочь спросить карлос смочь получить большой нибыть ещё мочь втиснуться
0,дело собираться отправить напоминание сегодня удачный выходной
0,человек видеть msg думать зависимый msging правый знать зависимый милый друг bslvyl
0,эй дать свой фотография зарегистрироваться вождение tmr хотеть встретиться yck
0,разговаривать это всё порядок это слово
0,увидеть это
0,мама школа мочь пожалуйста прислать номер эшли
0,всё аваларра холлалтер
0,пойти сегодня посетить ещё раунд всё ещё достигнуть дом
0,дело удалить свой старый веб сайт вести блог magicalsongsblogspotcom
0,k подождать chikkuil отправить aftr lt gt мина
0,диета вчера съесть слишком кусочек пицца тьфу диета
0,k дать свой дать kvb acc
0,всё должный прийти
1,деньга счастливчик заменить свой призовой текст деньга свыше миллион фунт стерлинг pptxнормальный скорость текст box wtjy
0,очень жаль смочь сделать пятница хоп смочь найти альтернатива
0,поздравлять рука mo owo re wa наслаждаться это желать счастливый момент
0,ещё плечо самуса
0,время думать это нужно знать должный рядом кампус
1,уважаемый мэтью пожалуйста позвонить номер стационарный линия ваш бесплатный lux tenerife holiday фунт стерлинг ppm sae t cs box skxh
0,dun wear jeans lor
0,пора сторона любой лихорадка любой рвота
0,k k это колледж
1,срочный позвонить стационарный линия ваш бесплатный tenerife holiday фунт стерлинг
0,хороший заработать пятница вчера набить свинья чувствовать блех крайний мера это коржать боль
0,продавать всё это тонна монета затем продать наш монета paypal вуаля деньга возвращаться карман жизнь
0,делать это многий место больница медицинский место безопасный
1,насчёт связь человек ожидать компания просто обратно свой имя возраст выбрать наслаждаться сообщество psms
0,также недавно сбить пара выписывать синий поиск травка
0,отправить свой результат софас прийтись сделать второстепенный заявление несколько школа думать думать применение провести также исследование затрата связаться шутка ogunrinde школа менее дорогой
0,мочь дождаться увидеть фотография полезный
1,ваш денежный баланс настоящий время составлять фунтовчтоба максимизировать ur dasein sepend prese pmsg cc po box tcrw
0,эй забронировать кб sat ещё урок собираться ах держать свой sat night free нужно встретиться подтвердить наш проживание
0,chk ваш belovd ms dict
0,это время хотеть приехать
0,потрясающе знать рядом
0,shb b ok lor спасибо
0,красивый истина против гравитация тщательно прочитать наш сердце чувствовать лёгкий это очень тяжело уходить спокойный ночь
0,также забыть получить миска добби ваш машина
1,грязный история девушка ожидать твой
0,извинить c ur msg yar lor so phore thing однажды ночью tmr совершенно новый комната
0,любовь это решение это чувство мочь решить любить жизнь намного простой менее волшебно
0,уэлп очевидный выйти пенсия
0,код сортировка acc банк natwest мочь ответить подтвердить отправить это нужный человек
0,
0,уверенный мочь удержать больной время
1,срочный пытаться связаться u сегодняшний рисунок который выиграть гарантировать гарантировать призовой сумма размер фунт стерлинг позвонить номер земля претензия m действительно час
0,смотреть мультфильм слушать музыка amp ева прийтись пойти храм amp церковь насчёт
0,йо чед урок гимнастика хотеть взять сайт говориться класс христианин полный
0,бузить
0,ещё хороший мочь поймать позволить спросить мочь продать lt gt
0,уверенный насчёт ночной меню поле поле знать полуденье меню
0,хотеть вернуться
0,готовый пойти класс способность
0,это попробовать сортировка дом это нормально
0,yar lor wan go c скачка лошадь сегодня мах ранний куриный рис
0,ха ха круто
0,пока закрыть магазин
0,номер счёт
0,отправить неправильно
0,эй рекламировать дерьмо борин болото скучный буйтч спасибо подождать пока время ил
0,поговорить
0,колебаяться знать это второй слабость хранить ноутбук съесть сделать накануне измениться накануне мочь уверить это
0,эй мочь заплатить зарплата де lt gt поле
0,ещё месяц нужный шоколадный сорняк алкоголь
0,начать искать получить работа несколько день большой потенциал талант
0,считаться нужно город восемьдесят пройти карпарка
1,поздравлять мобильный g видеофон r yours позвонить videochat wyd your mates играть игра java dload polyph music noline rentl
0,посмотреть чертовски время хрен думать
0,угадать уронить
0,карлос говорить mu in lt gt минута
0,офис назвать lt gt мина
0,geeee скучать понимать всё мочь думать черта мочь ждать следующий год вместе любящий поцелуй
0,юный ах ubi one сказать ü wan позвонить завтрашний день call искать irene получить автобус ubi cres ubi tech parkph го wkg daysèn
0,фу должный вернуться sd лос анджелес задница болеть
0,июль
0,привет самый расслаблять время должный вставать утро каждый день вечеринка хороший ночь вернуться домой завтра ish
0,вплоть ü wan come приходить дин c любой юбка полоска
0,рождественский история это мир желать счастливый рождество
0,мочь номер
0,снова изменить это рядом эскалатор
0,йтонда класс мочь запустить вода всё порядок пожалуйста
0,очень тихо бета тётя чарли работать хелен мо твой дело
0,затем ü подождать автобусный остановка конец ваш лекция lar раздача c ü пойти машина затем вернуться выбрать ü
0,айта подойти ещё спасибо
0,слышать абт тат
1,пожалуйста позвонить наш представитель обслуживание клиент freephone вечер выиграть гарантировать фунт стерлинг фунт стерлинг
0,действительно великолепный бхадж сказать каллиса хороший игрок крикет сачин мир очень трудно выбраться
0,lt gt думать должный сказать программа
0,умма нибыть сказать
0,дать секунда подумать это
1,panasonic bluetoothhdset бесплатно nokia бесплатно motorola free doublemins doubletxt orange contract вызвать mobileupd телефон позвонить optout
0,знать делать сей пора никто мочь получить подбирать вечер мочь увидеть паб
0,poyyarikatur kolathupalayam unjalur post erode dis lt gt поле
0,дорога герой уезжать катар тонит получить возможность plspls поддерживать связь lt электронный почта gt керала
0,лола мама подойти рассказать весь семья насколько сумасшедший ужасный
0,вернуться домой детка всё ещё спать
0,знать закрывать орести ü v ma fan
0,просто купить пицца любитель мясо высокий мочь выбрать
0,сказать спрашивать ватс
0,уважаемый сожалеть выбирать calldrove down frm ctla cochin homeleft mobile машина enter style ishtamayoo happy bakrid
1,бесплатно й неделя nokia tone ur mob каждый неделя txt nokia получить txting рассказать ur mates wwwgetzedcouk pobox wwq normptone
0,должный отправить это exe ваш почтовый идентификатор
0,смотреть телевизор дом выходить улица v скучно
0,дон знать пожалуйста проверить это
0,добрый день славный день юбилей сладкий j надеяться это найти счастливый довольный добыча думать посылать дразнить поцелуй весь море уговорить изображение любимый сувенир кугар
1,угадать знать тайно фансировать хотеть узнать это позвонить телефон стационарный dateboxessexcmxn pmin
0,всё ещё сегодня вечером
0,мочь позвонить поздний пожалуйста
0,это узор недавно дерьмовый выходной
0,болеть горло это царапина говорить
0,любой plm ur office
0,рядом просто всё ещё спать v
0,лола забыть это принести это детка
0,это найти способ
0,мочь использовать иностранный марка страна хороший лекция
0,купать ляо
0,новый год человек
0,мистер шеффилд хотеть сыграть игра босс няня давать повышение дать
0,зоя это просто ударить чертовски дерьмо
0,привет детка вернуться мама настраивать компьютер заполнение живот дело loverboy скучать вздыхать
0,одеяло достаточно спасибо
0,непослушный маленький мысль хороший флиртовать флирт флирт любить коготь причинять боль больно больно gud nyt
0,эдисон справедливо сказать дурак мочь задать большой вопрос мочь ответить мудрый человек знать почему всё безмолвно речь время viva gm gn ge gnt
0,просто говорить всё
0,сегодня идти колледж поэтому мочь ослабить класс
0,класс холл поздний
0,легко сен выбрать значит это
0,ммм это хороший получить жаркое хороший несколько напиток хороший индеец
1,знать знать нравиться позвонить узнать pobox lshb p
0,приходить это
0,сделать вещь изменить это предложение хотеть концентрироваться образовательный карьера уезжать
1,год флиртовать txt girl bloke ur name age например девочка zoe присоединиться поболтать
0,пройти час c u показывать всё равно поверить серьёзно
1,день начало euro информироваться весь последний новость результат ежедневно отправить подпись отправить euro stop
0,доступный speiree июнь
0,участвовать место продавать d закрывать d
0,ещё работа больница делать анализ данные это род начинаться понедельник уверенный тезис закончиться
0,джей становиться действительно нетерпеливый воинственный
0,hiya comin бристоль сента неделя апрель лес выйти рудить новый ева храпеть пьяный ещё бить колледж работа отправлять чернила ванна
0,работа пожалуйста позвонить
0,водить лор
0,ard dat
0,сказать женщина v бросать решать всё получить
1,eastenders tv quiz цвет дот сравниваться d фиалка e tulip f lily txt d e f шанс выиграть фунт стерлинг wkentp
0,работать технический поддержка voice processnetworking field
0,мочь приехать керала день мочь готовый уйти завершить запланировать любой путешествие время визит нужно закончить срочный работа
0,уверенный время уверенный мочь добраться библиотека занятие попробовать увидеться момент иметь хороший ева
1,новый местный дата ваш район новый человек зарегистрировать ваш район ответить дата начать wwwflirtpartyus reply
0,это нормально побуждать поздний
0,мама пойти стоматолог
0,однажды бесплатно назвать сэр ждать
0,встреча работа поле поле получить сделать свой работа завтра
1,знать попросить наш служба знакомство связаться мочь догадаться позвонить всё раскрыть po box m wu
0,jus завершить купание
0,позаботиться машина вернуться сегодня вечером
1,срочный пытаться связаться u сегодняшний рисунок который выиграть гарантировать гарантировать призовой сумма размер фунт стерлинг позвонить земля претензия c действительно час
1,дорога пригласить xchat это наш последний попытка связаться txt chat
0,lul im получать сочный сплетня больница медсестра говорить насколько толстый становиться думать страдать ожирение ойеть
0,aight попасть fb пара минута
0,оу ami parchi na re kicchu kaaj korte iccha korche na телефон ta tul na плз плз
0,скачать чистый фильм dvd копия
0,красивый скульптура
0,передать отношение
0,смотреть фильм сурий поле vijay movie pokkiri
0,говорить случиться вести нужно говорить
0,мочь получить картинка свой телефон
0,отправить комуть ещё
0,вата делать некоторый человек дорогой это просто счастие который чувствовать встречать чувствовать чувствовать скучать дем
0,любовь должный начинаться притяжение должный чувствовать нужно каждый вокруг должный первый входить мысль начинать день заканчивать должный каждый мечтать каждый дыхание имя влюбить делать самый безумный вещь люд нужно никто заплатить девушка самый красивый женщина весь планета петь похвала любие начать придумать куриный карри конечный итог сделать самбар жизнь самый красивый
0,frndship похожий игла час хотя v r часы v r nt able встретиться evn v встретиться itz секунда bt v alwys оставаться конфиденциальный gud t
0,думать лопаточный рука
0,смочь сделать
1,наградить цифровой камера sipix позвонить стационарный линия доставка течение день t cs box mbp летний гарантия млрд p p
0,goodmorning today опоздать десятичный мина
1,выиграть срочно ваш мобильный номер наградить гарантировать призовой звонок размер фунт стерлинг земля требование действительно час часть час
0,пожалуйста давить любой ошибка сторона извинить пожалуйста доктор
0,встречаться
0,погода кали отлично сложность великолепный нужный машина свободно переехать налог возмутительный целое это отличный место грустный часть хватать дом
0,добраться дом поле поле очень устать поле прийти томорро
0,райдер непродать гиббс
1,уважаемый абонент ur draw подарочный ваучер b ввести получение правильный ans день рождение элвис преслис txt ответ
0,волноваться купить тестовый полоса овуляция отправить получить март мочь прислать свой почтовый адрес u порядок akay
0,подарок пытаться заставить отбросить скала это род
0,интересно хороший день рождение норма начать uni сегодня
0,занятый мочь момент выяснить делать завтра
0,продолжать скучно депрессия ситтина ждать пока телефон звонить надеяться ветер упасть страшно
0,чёрный рубашка голубой джинсы c ü
0,айя извинить лор смотреть телевизионный часы пока забыть проверить свой телефон
1,сообщение важный информация пользователь o сегодня твой счастливый день узнать войти ждать фантастический сюрприз
0,курица ночь собираться качание
0,добрый день любовь проходить ваш день задумать проснуться рано ждать онлайн хммм итальянский мальчик онлайн видеть усёлка
0,курить каждый курить последний неделя звонить писать хотеть курить
0,просто получить головной боль пытаться понять это мочь доверять сделать математика обещать o
0,s s первый время dhoni rocks
0,около рассказать компания
0,потрясающе думать смочь получить место usf сегодня вечером
0,это означать всё ещё думать teju
0,порядок фильм это нормально уйти чара
0,это kallis home groundamla home town дурбан
0,итак давать сделать это суббота понедельник соответствие удобство
0,эй сколько водить пт идти оценка пт
1,выиграть цена фунт стерлинг утверждать позвонить номер
0,идти обед семья затем идти orchard lor
1,надоесть скорость знакомство попробовать speedchat txt speedchat нравиться em txt swap получить новый болтовня chat poboxwwq pmsg rcd
0,отменить чейамо вернуть деньга
1,хотеть любой время любой сеть мина текст новый видеолефон весь пять фунт неделя позвонить телефон ответить доставка завтра
0,около
0,добрый утро принцесса
0,айяр извинить lor забыть сказать
1,участие наш мобильный опрос вчера мочь использовать текст хотеть get txts просто отправить txt t c wwwtxtcom p
0,сегодня вечером приятель догонять немного сон кстати это новый номер
0,высота дерьмо ситуация парень бросать буква luv девушка падать голова брат гей d
1,ur hmvвикторин денежный баланс настоящий время составлять фунт стерлинговчтоба максимизировать ur cashin отправить hmv pmsg
0,проверить свой ошибка трудность сделать коррекция
0,боль надеяться
0,извинить позвонить поздний
0,добрый утро принцесса
0,войти свой каюта pa сказать счастливый босс день чувствовать особенный спросить обед обед пригласить свой квартира послать туда
0,просыпаться спасибо e tau sar piah это довольно приятно
0,k нужный логин нибыть ещё
1,забывать мочь разместить столько бесплатный запрос stchoicecouk сколько хотеть получение дополнительный информация звонить
0,лола просто занятый
0,носить
0,сообщение отсутствовать текст отправитель имя отсутствовать число отсутствовать отправить дата отсутствовать отсутствовать всё отсутствовать отправить fillonsmscom
0,ох обычный фильм виджей отличаться
1,знать знать отправить чат давать найти друг друг pmsg rcvd hgsuitelandsrowwjhl ldn год старший
0,хороший день действительно занятый задумать завтра вечером
0,способ отправить вещь шейд замечательный
0,действительно заканчиваться твой бумага давно скопировать использоваться счастливый лара всё ещё учиться
1,спасибо победитель уведомить sms удача будущее маркетинговый ответ
0,детка потерять
0,помочь спросить работать tmr
0,еда дождь поймать станция e mrt lor
0,капля танк
0,это сказать мочь написать ещё
0,извинить позвонить поздний
0,идти изменение
1,девочка местный который девственница это готовый fil ur каждый сексуальный потребность мочь fil текст милый m
0,наслать няня кейтлина больной спасть весь день вчера
0,простить чувак случайно оставить свой телефон молчание прошлый ночью проверить пока встать
0,эй прийти прошлый минута думать подписаться tmr хи
0,взрослый учиться это опыт реальный опасность просто любить пик использовать лекарство который нужный никакой комментарий
0,привет вегетарианский пицца
0,юня покупать школа получить предложение плюс
0,уверить ваш сосед взять это
0,отправить снова
1,бесплатный запись wkly comp выиграть финал cup cup tkts май год текст fa получение вопрос вход std txt
0,новый теория аргумент выигрывать ситуация d терять человек спороть твой друг просто поле поле пнуть amp сказать право
0,компьютерный время сделать трюфель oreo
0,ха ха видеть это секунда
0,номер сэр
0,lol это воздушный воздушный шар
0,поле автобус поле скоро прийти прийти завтра завтра
0,msgs проходить время молча говорить думать также заставлять думать минимум момент gd ntswt drms shesil
0,вероятно смочь качаться сосед комната заканчиваться свой девушка
1,получить требоваться принимать участие ралли wrc оз мочь lucozade energy текст rally le p смотреть packs lucozadecoukwrc itculd u
0,новый год мелодия
0,ü dun нужно выбрать ur gf
0,ура хороший сказать это девушка
0,ужасно ешьшь маки пока забыть обряд долго отвечать это большой b b подготовиться
0,сказать фантастический случай нужно нужный больший жизненный подъём потерять will live думать первый человек n v q
0,просто nw прийти hme da
0,улица остров направляться хард рок столкнуться
0,дневный занятие занятие
0,ченнай велахри
0,пробивать свой дерьмо
0,k дать секунда сломаться gt cstore
0,плохо избежать это
0,эй рядом вернуть машина
0,раздражать
0,goodmorning сегодня опоздать lt gt мина
0,смысл общаться мистер правый макина счастливый
0,всё оживиться дальний исправить любой красивый фигура
0,это случай думать увидеться campus lodge
0,закончить
0,приходить домой последний делать поверьте
0,весь ночь слишком беспокоиться это приложение жаль пропустить ночь девочка викторин попкорн делать волос
1,секс up ur mobile бесплатный сексуальный фотография джордан просто текст детка каждый неделя получать сексуальный знаменитость pocketbabecouk ещё фото wk
0,около c ya
1,новый голосовой почта пожалуйста позвонить номер
0,сказать являться вопрос разум говорить дело
0,также знать меню обед поле знать
0,аль делать стонать ошибаться это вино всё аргумент вино сытый горло это беспокоить hav go thatxxx
0,neft transaction контрольный номер lt gt рупия lt decimal gt зачислить учётный запись бенефициар lt gt at lt время gt lt gt
0,противный случай работа неполный рабочий день
0,знать позвонить
0,чувствовать вчера вечером подождать пока день ночь дорога
0,спасибо понимание пытаться сказать сура это
1,выиграть годовой запас cds магазин ur choice стоимость фунт стерлинг ввести наш еженедельный музыка фунт стерлинг ts cs wwwldewcomsubswinppmx
0,весь машина оценить последний папа полуурегулирование карта помимо всё идти нормально п
1,подписчик sim карта выбрать получение бонус получить дверь txt слово ok ok to претендовать pmsg exp
0,нужно сильный рука
0,также маааан упускать
0,bday real апрель
0,думать
0,приехать твой дом полчаса
0,эй игра закончиться хотеть скоро поехать walmart
0,наверное уверенный илола дать знать лично беспокоиться снова пойти клещть
0,написать всё жутко подумать забыть
0,это позвонить томый обед должный организовать
1,новый голосовой почта пожалуйста позвонить номер
0,блин мочь сделать это сегодня вечером хотеть просто подождать пока завтра
0,kk порядок закончить курс
0,истинный это сносно получить высокий балл подавать заявка докторский степень получить год зарплата это делать жизнь простой
1,nokia tone ur mob каждый неделя просто txt nok й тон взять txtin рассказать свой друг pтон ответ hl info
0,пракеш знать
0,научить приложение приходить колледж
0,rofl betta invest некоторый продукт против старение
1,победитель специально выбрать получить фунт стерлинг наличные праздничный flights inc поговорить претензия прямой эфир
0,сэр получить аккаунт ещё час извинить задержка
1,ответить свой имя адрес получить публикация совершенно бесплатный размещение различный глобальный место wwwphbcom ph p
0,итак ü отправлять da project tmr rite
1,бесплатный вход наш еженедельный комплекс фунт стерлинг t c wwwtextcompcom cust care
0,jus ans me lar поздний
0,хотеть отправить мочь продавать быстро lt gt k лёгкий деньга
0,мало дело мочь паб поздний
0,позвонить позвонить
0,lol ok схватить кошелёк
0,приветdrivby quit edrunk извинить iff pthis делать senrddnot no dancce drum n basq iave fun hite x ros xxxxxxx
0,ваш мнение сверх джада кусрутить милый тихо спл
0,сколько получать
0,твой бумага утро кормовой тмр
0,уважаемый westonzoyland всё планировать конец
0,надеяться отличный новый семестр желать весь хороший создать величие
0,мочь говорить txt u хм получить электронный почта
0,хотеть показать мир принцесса насчёт европа
0,никто мочь решить поесть папа хотеть китаец
0,стрелять зал ожидание документ
0,скоро пойти ужин
0,здравствуйте сайт загрузка песня срочно пожалуйста
0,знать иметь вид это король хавино кредит идти ночь сладкий большой сон
0,ужасный девушка широта делать кой почему mc
0,привет заходить nitetell every жаль надеяться добро
0,звонить поздний сеть urgnt смс
0,мммммаа счастливый возвращение день дорогой сладкое сердце день рождение дорога
1,пожалуйста позвонить телефон ждать срочный сообщение
0,это произойти друг имма переворачивать дерьмо полчаса
0,мама сказать хотеть пойти поехать мочь избежать биана смотреть выставка da glass
0,твой план понгала
0,просто подождать конец март эль нино получить ой
0,ещё чикк выйти комната северо запад автобус
0,делать cbe должный заплатить
0,дорогой скучать
0,отправить jd исполнительный директор обслуживание клиент cum идентификатор ваш почта получение подробный информация связаться
0,эй свой родитель хороший новость подобрать вниз сцена
0,большой спасибо скайп кз сура получить удовольствие ваш компания надеяться всё дать ультиматум считать абурый наслаждаться
1,голодный гей парень чувствовать голодный позвонить номер весь пенсовмин остановить текст звонить pmin
0,вахать просто помнить нуждаться друг
0,увидеть полчаса
0,находиться inperialmusic alding самый странный трек весь история листовой уколоть приставать насекомое ктоть сантехнизироваться ремиксировать злой человек кислота
0,эй извинить знать постельный клещ go thepub ltr uwana mt up загружать luv jenxxx
0,серьёзно сказать точный слово прямо
1,мочь получить телефон хотеть поболтать настройка позвонить телефон us кончить moro luv jane xx вызывать minmoremobsempoboxpowa
0,ти хи выйти лекция весёлый пока пока
0,извинить чикк камера возникнуть проблема смочь ответить msg u
0,всё ещё собрать тесто пожалуйста дать знать мочь пойти место отправить получить контрольный номер
0,
1,сетевой оператор сервис бесплатный посещение t c biz
0,дать знать связаться поселиться комната давать узнать всё порядок
0,чудако
0,сделать лор
0,помещать свой телефон молчаливый режим около
0,мочь встретиться ü зависеть ü wan лор
0,ждать телешоу start lor u leh всё ещё занятый делать свой отчёт
0,хо это первый использовать слово
0,единственный преследовать профиль
0,когдалибо зелёный цитата когдалибо говорить джерри мультфильм человек который раздражать тебяэтый любить мочь выразить это гуд ньюйорк
0,думать спасибо
0,пить порядок
0,просто интересно остальной просто взлететь
0,ночь закончиться ещё день утро прийти особый образ желать улыбнуться солнечный луч оставить свой забота голубой залив gud mrng
0,делать собака должный ждать конец ваш день получить слово хватить время свой камера
0,новый год
0,эй отличный сделка фермерский тур pax депозит май
0,японс сделать корм лекция ü получить лекция обряд
0,эй детка видеть выйти интернет секунда исчезнуть случиться
0,дата рождение сертификат апрель настоящий дата сегодня публиковать дать особый удовольствие сохранить секрет любой случай спасибо пожелание
0,день рождение пусть всё твой мечта сбыться
0,айя сделать порядок e nydc wheellock
0,сказать сказать дерьмо
0,еда скоро добраться место назначение
0,k сколько пятьдесят
0,ваш ежедневный текст одолжение
0,приятно слышать оседать происходить ола
0,член это заставить чувствовать хороший ipad это бесполезный предмет новинка мусор должный чувствовать плохо хотеть
0,достигать ляо сказать футболка
0,фрэн решить идти полностью сломать встать насчёт c u mrw love janx ps это папа фаля
0,мочь выбрать телефон прямо пожалуйста отправить сообщение
0,право назначить встреча прямо
0,обозначение являться разработчик программный обеспечение возможно получить ченнай
1,наслаждаться gold club jamster videosound ваш титр новый видеозаунд logosmusicnews получить большой удовольствие jamstercouk помощь позвонить
1,получить lions england tone ответить lionm mono lionp poly ещё go wwwringtonescouk оригинальный n best применяться тариф оператор сеть gbp
0,jokin oni lar ü занятый беспокоить
0,осторожный писать ездить
0,ill это просто дух ill скоро получить bb просто пытаться уверенный это нужно
0,слишком близко сердце уйти разбитый пожалуйста оставаться
0,любить детка уверенный всё стать идиот txt bak girlie
0,abt делать некоторый фотография большой
0,получить получить цвет лор цвет довольно светлый тёмный дело закончить укладывать волос
0,грустно серый вспомнить watevr хотеть сказать немного ходить amp обещать вернуть свой улыбка
0,почему около всё равно дать удовольствие
1,выиграть новый гарри поттер орден феникс книга ответить гарри ответить вопрос шанс стать первый среди читатель
0,
0,правильный работа сегодня
0,послать снова кричать стонать постель принцесса
0,давно просыпаться знать ещё
0,просто
0,порядок сказать сказать плюс минус ü оставить линия параграф
0,мочь позвонить пожалуйста ваш номер отображаться зона coveragd звонок васай amp нужно достигнуть o часы позвонить пожалуйста
0,джей чертовски отсталый
0,извинить ванная sup
1,ваш баланс фунт стерлинг ур следующий вопрос петь девушка верхний девушка х год ответ txt ur ответ удача
0,экзамен февраль желать отличный день
0,знать делать выйти это поэтому задавать подобный вопрос пускать
0,aight no rush спросить джей
0,добрый утро пожалуйста назвать сэр
0,это нормально ar спать рано нейт
0,icic k lor den встречать день
0,ой полчаса сирия гораздо долгий канада вау должный выполнить гораздо большой работа день весь это дополнительный время усёлка
0,ставить стена наш сердце безопасность пострадать выяснить достаточно заботиться сломать стена amp подойти близкий goodnoon
0,сладкий мочь мочь пойти u встретиться
0,покупать сегодня ü нужно это
0,извинить потратить десять год принять душа план
0,каждый понедельник nxt week vl завершать
0,
0,просто расслабиться ещё час мочь спать боль являться хирургический чрезвычайный ситуация поэтому посмотреть разворачиваться
0,попробовать нибыть надеть
0,сумасшедший женатый ü gd смотреть ребята френана говорить любить корейский леон настоящий думать большой весь думать пойти
0,фредериксбург
0,que pases on buen tiememo это род
0,это нормально остаться ночь ксавье спальный мешок уставать
0,нужный никакой тест
0,особенный чиллина дом любой план суперкубок
1,freeday sexy georges day pic jordan txt pic to пропустить затем каждый wk a saucy celeb ещё фото c pocketbabecouk wk
0,bugis oso рядом вата
0,йо класс tmrw верно
0,пусть ваш сердце твой компас твой карта твой душа твой гид потеряться мир гнун отправить waysmscom
0,спокойный ночь спать пожалуйста
0,baaaaaabe скучать должный пойти преподавать свой класс
0,передать отношение
0,убедить это невозможно повредить чувство оно главное
0,добрый день любовник день удача повезти думать милый посылать свой любовь море улыбнуться счастливый
0,начать отправлять ежевика факел нигерия найти покупатель месяц сказать папа покупать bb
0,lt gt pple вступать брак свой любовник becz gud undrstndg dat избегать проблема отправить dis u получить gud news пятница d человек который нравиться завтра хороший день ваш жизнь сломать цепочка сломаться страдать отправить это lt gt frnds lt gt минс читать
0,эй чувак угадать арестовать день
0,shuhui say say main suntec steamboat
0,делать танцевальный река
0,йоунд жаль моджи казаться слишком занятой ходить магазин мочь просто найти нибыть способ получить хотеть получить пожалуйста простить мочь ответить бесплатно yahoo messenger
0,эй очень поздно хотеть первый урок присоединиться достигать tp mrt
1,hot live fantasies call now пенс мина ntt ltd po box croydon cr wb k
0,барбекю это сидеть ish добро пожаловать приходить
0,знать самый часто часто паника начинать идти бог достаточно
0,хороший ночь
0,пробовать сделать ещё задница
0,надеяться прекрасно чувствовать пожалуйста заполнить абиол
0,хотя выходить улица повеселиться бар город это род звучать нормально
0,перейти написать msg поместить словарь режим покрыть экран рука нажать lt gt поле аккуратно удалить рука это интересно
1,медвежий картинка ник пит дик дело всё тип пробовать гей чат загрузка фотография телефон pmin стоп текст звонить
1,новый мобильный телефон год должный идти txt nokia to no собрать свой сегодня wwwtcbiz optout gbpmtmsg txtauction
0,готовый сведение
0,тётя хуай хуан забирать свой телефон
1,double mins double txt ценовой линейный новый мобильный телефон orange bluetooth позвонить mobileupd самый последний предложение calloptoutlf
0,ya tel wats ur проблема
1,nokia tone ur mob каждый неделя просто txt nok й тон взять txtin рассказать свой друг pтон ответ hl info
0,
0,проводить день ожидать появиться идеальный путь забывать путь проходить ходить ожидать спокойный ночь
0,всё порядок рука чувствовать слабый получить удар мочь пойти
0,пожалуйста зарезервировать билет канун суббота ченнай тирунелвать снова тирунелвать ченнай канун воскресение видеть сеть билет хотеть забронировать билет снасть
0,штурмовидный msg wen u поднимать d phne говорить привет знать это реальный значение привет поле поле поле это d имя девушка поле поле поле девушка маргарет привет d girlfrnd f grahmbell который вкладывать телефон поле поле поле мораль get d имя человек девочка g o o d n i g h t поле
0,это нормально зайти спросить сказать рядом тонгт приходить девушка
0,всё e best ur экзамен поздний
0,надеяться твой голова повредить вспахивать куча гладения оставаться чернокожий сегодня вечером приходить хотеть
0,думать большинство игрок wi nz непродать
0,ха ха быстро похудеть это год месяц
0,интересно появиться онлайн любовь ходить сетевой кафе перезаряжать свой телефон сеть друг думать бойтой
0,ха ха шутить папа нуждаться наркотик
0,thk shld b мочь хотеть идти урок ха ха мочь пойти целый ряд
0,ох
0,r всё ещё встречать ужин сегодня вечером
0,это круто джентльмен относиться достоинство уважение
0,мочь начать слышимый
0,ждать нуждаться чувствоваться чувствовать плохо
0,проверить получить подробный сообщение
0,зарегистрировать sinco payee войти icicibankcom ввести urn lt gt подтвердить остерегаться мошенничество делиться раскрывать урна никто
0,решить человек который заботиться вещь заботиться вещь проиграть
0,kaiez наслаждаться твой обучение дело
0,зарегистрировать sinco payee войти icicibankcom ввести urn lt gt подтвердить остерегаться мошенничество делиться раскрывать урна никто
0,прохладный веселиться практиковать ребёнок
0,дело готовиться покинуть дом
0,kk nony special today сегодня
1,срочный важный информация пользователь o сегодня твой счастливый день узнать войти фантастический сюрприз ожидать
0,должный сделать это это
0,десять бакс джей связать
0,голодный
0,пожалуйста поговорить это клиент махан
0,бледно лунный свет думать сбываться мечта гуднит amp сладкий сон
0,любить черта взять разгневаться относиться серьёзно злиться это самый детский правдивый способ проявить глубокий привязанность заботиться luv kettoda manda хороший день
1,дорога пригласить xchat это наш последний попытка связаться txt chat pmsgrcvdhgsuitelandsrowwjhl ldn год
0,твой мнение насколько абт характер
0,джей хихикать говорить x полностью трахать аккорд говорить
0,несколько час
0,неудивительный видеть серебряный машина видеть чёрный
0,lmao сделать фотография отправить
0,говорить чувствовать ваш слово хороший тишина gud mrng
0,настоящий время шотландия
0,работать неделя
1,поздравлять присудить либо фунт стерлинг подарочный ваучер бесплатный вход наш еженедельный музыка еженедельно txt txt tncs wwwldewcom winppmxage
0,лола отлично проголодаться
0,увидеть ваш сообщение
0,mu in like lt gt секунда
0,
0,вещь r спасибо получить экзамен март сделать пересмотр фрэн всё ещё мальчик должный interview exeter bit bit x
0,рассказать сделать небольшой электронный таблица трек чей идея курить определить слишком курить весь февраль пойти
1,продажа арсенал дартборд хороший состояние удваивания трюк
0,оглядываться здание пальто хотеть заболеть просто поторопиться домой надеть пальто спортзал
0,болезненный личный мысль стараться всё время счастливый никто узнать
0,спасибо милый желание рок
0,бесстрашный дуэт прекрасно провести время скоро увидеться
0,попросить сено приехать ченнай искать работа
0,папа выйти орести
0,надеяться это правда скучать действительно скучать ещё сделать почувствовать виноватый
0,поздно ещё ранний мах джуза уходить ужин лор айя знать
0,оружие кардифф универ
0,дело уходить думать адди возвращаться школа вторник среда
0,прохладный ветерок яркий солнце свежий цветок птица твиттер всё это ждать пожелать хороший умора amp хороший день
0,ya пойти ресторан
0,всё порядок просто спрашивать знать
1,бесплатный неделя вход textpod a sance win гб ipod фунт стерлинг каждый wk txt pod ts cs wwwtextpodnet custcare
0,уклоняться чиншилла
0,работать брак
0,похоже шар уезжать боутом ish отчаянно нуждаться компания смочь отправиться ранее собираться встретиться руммера
0,дать летать обезьяна думать возражать любой друг всё это
1,качество зарегистрировать подписчик optin ur draw подарочный ваучер ввести получение правильный ans чарт bbc
0,сказать спасибо
0,msg прийти раджиня
0,ü получать практический урок начинать июнь
0,это нужный наркотик
0,глупый это невозможно
0,мочь всё быстрый решить сестрёнка возвращаться домой ляо
1,лето хотеть поболтать флиртовать сексуальный сингл район yr получить совпадение просто ответить лето бесплатно присоединение optout txt stop elf
0,спать собираться взять ха ха шпион
1,клэр хавино борин время хотеть кончить nite чат hope c u luv claire xx вызывать minmoremobsempoboxpowa
0,борьба мир легко либо выиграть либо проиграть bt fightng близкий дикольт проиграть проиграть выиграть всё ещё проигрывать
1,купить рингтон получать текст стоимость фунт предлагать большой тон далее
0,yalru lyfu astne chikku bt innu mundhe lyf ali halla ke bilo брак программа edhae lyf nt nt ovr chikkuali vargu lyfu meow meow d
0,первый входить двенадцать ааа говорить томый
1,срочно ваш мобильный xxxxxxxxx выиграть премия бонус фунт стерлинг это второй попытка связаться позвонить скорее
0,поздний найти ü c lucky сказать ü уехать ранний поздний ppl
0,вата заставлять упад дело очень склонный падать счастие папа дом просить принести
1,гарантировать новый телефон nokia mp плеер гб приз фунт стерлинг txt word собрать tcllc nyusa pmt msgrcvd
0,ваш учётный запись успешно заполнить inr lt decimal gt поле ваш баланс учётный запись keralacircle составлять rs lt decimal gt поле ваш идентификатор транзакция kr lt gt поле
0,трогать ваш разрешение
1,привет это люси хабби собрание течение весь день пт одиночество отель pls оставить msg day люси x вызывать minmobsmorelkpoboxhpfl
0,чудо мир й й стиль й твой улыбка личность природа й ур смс й твой прекрасный дружба добрый утро дорога
0,взять небольшой доза лихорадка
0,ой должный сначала взять свой настоящий покупка валентин
0,отправить электронный письмо адрес incomm верно
0,сделать блейка весь ночь мочь выйти отсюда немного рано
0,дружба это игра игра это слово сказать начинаться март заканчиваться май это завтра вчера сегодня e
0,хороший подождать стоить переписываться собираться платить твой билет знать
0,смотреть lotr сестра знать ужин
0,почему держать
0,думать это гораздо большой это узнать проверить карта google место ваш общежитие
0,поездка порядок довольно утомительно лор uni начинаться сегодня это нормально принимать никакой модуль jus концентрироваться последний yr проект
0,говорить welp
0,парень браус обязательный
0,
0,чистота дружба улыбка прочтение перенаправить послание это улыбка просто увидеть имя gud evng musthu
0,извинить позвонить поздний
0,должный добавить всё равно мочь мочь хотя заставить это чувак отважиться твой деньга хотеть
0,привет любовник новый работа счастливый думать просыпаться свой раб посылать дразнить поцелуй море
0,сказать ваш номер гаутаму
0,сказать необходимость расследовать нигде
0,получать получать
0,мочь поверить сказать вещь сегодня утром всё действительно хотеть сказать добрый утро любить хороший утро увидеться библиотека поздний
1,ваш учётный запись зачислить бесплатный текстовый сообщение активировать просто txt the word credit to t cs wwwbiz
0,конец конец всё ещё мочь рвать всё порядок всё выйти
0,деньга деньга дело ша
0,это связать погода держать очень тепло это холодно серьёзный пожалуйста витамин
0,эй девчонка нибыть идти эфирный центр tmr
0,yahoo messenger просто отправить сообщение получить возможно прийтись отправить мобильный режим sha ill получить ответить
0,надевать это должный готовый lt time gt
0,время улыбка важный вещь наш жизнь время заставлять забыть улыбка чей улыбка заставлять забыть время гуд полдень
1,sms ac jsco энергия высокий возможно знать chanler it й день лидерский навык r сильный экстрасенс ответить вопрос конец ответить конец jsco
0,основать хост idp linux systems
1,hot live fantasies call now p мина ntt ltd po box croydon cr wb это национальный звонок
0,дон планировать
0,lt gt
0,бог дом
0,total video converter скачать бесплатно тип это поиск google
1,спасибо голосование петь вместе звезда караоке свой мобильный телефон бесплатный ссылка просто ответить sing
0,любить черта взять разгневаться относиться серьёзно злиться это самый детский правдивый способ проявить глубокий привязанность заботиться luv kettoda manda хороший день
0,звучать тестировать
0,любить заставлять любить сильно любить сильно хотеть любить никто кроме gud nit
0,пит это твой телефон это дженни колледж линн
0,ой извинить просто проверить против поднять томый половина восемь станция это нормально
0,эй милый интересно момент мочь прийти хотеть отправить файл пройти yahoo соединение отстой помнить настроить страница мочь перейти загрузить диск format мочь сказать это сделать знать способ скачать больший файл мочь скачать вещь прямо интернет любой помощь отличный добыча дразнить поцелуй
0,чемпион просто покидать глазго
0,k весь хороший поздравлять
0,интересно получить текст
0,нужно вернуться домой дать хороший любовь
1,наш новый сервис мобильный музыка жить бесплатный музыкальный игрок прибыть близкий время просто установить свой телефон просмотреть контент хороший художник
0,должный спросить вещь ошибаться
0,проверить wid corect speling сарказм
1,срочный ваш мобильный no удостоить премия бонусный абонент размер фунт стерлинг это наш второй попытка связаться позвонить номер boxqu bt национальный стать
0,сердиться случиться дорогой
0,подсказка форум форум сказать рон н даррен собираться сказать шухуй
0,спасибо спасибо
0,привет cts сотрудник дело
0,пожалуйста узнать тётя nike
0,вау сильно любить понимать едва мочь стоять интересно уйти твой день порядок любовь думать скучать
0,крик означать крик
0,эй случиться порядок
0,должный взять квитанция ранее
0,думать ченнай урегулировать
0,черта взять иметь вид прислать это ржа мочь
0,сожаление узнать должный забрать сестра аэропорт вечер думать вообще пойти должный попытаться выйти
0,ужасный парень v голодный
0,помнить день
1,выиграть nokia i это получать выигрывать наш бесплатный аукцион принять участие отправить nokia hgsuitelands rowwjhl
0,это чувствовать мистер настоящий валентин просто валентин вряд играть
0,всё звучать палец затруднять печатать
0,полночь близкий время
0,уверить пытаться приготовить ксавье дым хотеть курить сказать слишком курить
0,k приезжать нордстрёма закончить
0,это дружба который знать exmpel jsut ese tihs msg evrey splleing of tihs msg это wrnog bt sitll yuo мочь получить wihtuot yon mitsake спокойный ночь amp хороший сон слажа мечта
0,пресс конференция
1,привет апельсин течение месяц бесплатный доступ игра новость спорт плюс бесплатный текст фотосессия ответить условие применяться wwworangecoukow
0,получение степень присоединение финансы польза
0,добрый день любовь нибыть перспектива работа скучать делать ленивый мрачный хммм счастливый наполнить любовь
0,шант большой беспокоить цзя
0,бишан лара близкий нужно покупать рано купить должный припарковать свой машина
0,большой знать
0,чувак сукс змея стать старый райден получить баффа
0,говорить привет вернуть ваш задница южный тамп желательно кеггера
0,e msg jus сказать спасибо подарок
0,
0,дорогой называть четать
0,делать сумка хотеть
0,около найти dis pierre cardin one который выглядеть нормально продажа
0,хороший сон это ритм человек должный установить ритм который тело изучать использовать хотеть узнать большой
0,делать
0,сообщение больница труро доб мочь позвонить телефон рядом
0,одиночный строка больший значение пропустить нибыть ur хороший жизнь пропустить ваш хороший жизнь gud nyt
0,газовый деньга банда хотеть пойти приключение величина
0,беспокоиться использовать кусочек лёд тканевый пакет также взять таблетка
0,чувак увидеть припарковать машина появление люк крыша сука
0,готовый надеть свой отличный суб лицо
0,tmrw заканчивать дверь
0,the lt gt g который видеть несколько день назад парень хотеть продать wi fi lt gt g lt gt поле почему полюбить
0,опоздать
0,довольно разозлиться
0,сегодня принять день принимать брат сестра lover dear best slock lvblefrnd jstfrnd cutefrnd lifpartnr belovd swtheart bstfrnd no rpl
0,изображение класс
0,слух собираться купить квартира ченнай
0,рядом калайнарский телевизионный офис тенампеть
1,ваш денежный баланс настоящий время составлять фунтовчтоба максимизировать ur dasein sepend prese pmsg cc hgsuitelands rowwjhl
1,sms auction совершенно новый nokia вырасти аукцион сегодня аукцион бесплатный присоединяться принять участие txt nokia hgsuitelands rowwjhl
0,сестрёнка ловить e шоу e второй половина день поэтому смотреть итак c u wan смотреть сегодня tmr lor
0,звучать gd ха ха мочь вау ян джиу быстро лиао
0,думать любопытный знать реагировать взволновать
0,помнить весь причинять боль течение день сатанинский самозванец нужно заплатить цена пусть возможно судьба продолжать сказать молиться получить ум преодолеть самый
0,сделать девушка счастливый сложно сделать девушка счастливый должный друг компаньон любовник шеф поле поле lt gt поле хороший слушатель lt gt поле организатор lt gt поле хороший парень lt gt поле очень чистый lt gt поле симпатический lt gt поле спортивный lt gt поле тёплый поле поле lt gt поле смелый lt gt поле определяться lt gt поле true lt gt поле надёжный lt gt поле разумный поле поле lt gt поле психолог lt gt поле всаждавать вредитель lt gt поле психиатр lt gt поле целитель поле lt gt поле стилист lt gt поле водитель поле aaniye pudunga wenaam
0,почему это принцесса биться заклад всё броть преследовать
0,забронировать chez jule пол восемь всё порядок
0,hhahhahahahah rofl wtf nig леонардо ваш комната это род
0,дом дерек увидеться воскресение
0,это круто дать знать прежде начаться вокруг lt gt выйти примерно весь день
0,извинить позвонить поздний
0,интересно нормально позвонить дядя джон сообщить нигерия всё самый lt gt доллар отправить год знать это напряжение планировать погасить всё цена который давать каждый копейка ожидать практично подобный
0,перевод сбор мочь снять всё равно
0,искать любовь пусть любовь найти почему называться влюблённость заставлять приживать просто падать знать смеон держать bslvyl
0,пойти билл миллер
0,любить поджечь душа это просто искра это пламя большой пламя сырой xoxo
0,немного наверняка сделать u бог решить идеальный время заставить встретиться человек поле поле поле логон поле поле поле поле наслаждаться твой влюблённость
0,это наряд медовый месяц
0,помочь это предложить вернуться снова завтра
1,частный ваш заявление учётный запись год показывать выручить s i m points звонить код идентификатор истекать
0,винить день ваш жизнь хороший день давать счастие плохой день давать опыт оба необходимый жизнь всё бог благословение добрый утро
0,пожалуйста подтвердить время сбор чек
1,качество зарегистрировать подписчик yr draw a gift voucher фунт стерлинг b ввести получение правильный ans следующий олимпиада txt ans
1,срочный ваш номер мобильный телефон наградить гарантировать приз фунт стерлинг позвонить земля претензия действительно час млрд
0,папа позаботиться
0,наверное всё ещё нужно проверить лео
0,затем нибыть особенный
0,карлос занимать свой сладкое время обычно дать знать пэтти закончатхотить курить сказать перевозить задница
0,около проблема
0,слышать работа собираться снова поговорить дикий природа сегодня вечером хотеть го это worzels wizzle это род
0,бог поднять цветок diphiphitinadew любовь тронуть который одарённый tomeandade друг u
0,прислать общежитие
0,вероятно прийти обед
0,jus сказать оставить шанхай го число большой время встретить cya
0,ваш замораживание ещё дом забыть поцеловать свой мама утром любить думать скучать
0,всё готовый большой день завтра
0,наверное рядом
0,
1,rtking pro video club нужный помощь inforingtonekingcouk позвонить телефон должный клубный кредит который обменять адрес wwwringtonekingcouk наслаждаться
0,спасибо чувак ребята nite
0,смеяться время дорогой анджи
0,мм еда
0,k иметь смысл кстати карлос затруднить поэтому ребята собираться курить пока собираться забрать второй партия получить газ
0,скачать приложение fring
0,парень унция становиться довольно тревожный друг заинтересованный подобрать lt gt стоить сегодня это возможно
0,друг который мочь остаться чат fb
0,черта взять детка скучать хотеть спать кровать одинокий идти спать мечтать любовь
0,жизнь очень простой любить просто смеяться слишком просто победа слишком простой простой очень сложно gud nte
1,секретный поклонник который искать вступать контакт ufind out показывать считать специальный вызов
0,ах смущать вещь
1,бесплатный текстовый msgs просто написать ok забрать ваш учётный запись
0,привет дорога назвать это урнт знать твой проблема хотеть работать либо проблема крайний мера сказать выйти ответ ваш ответ
0,дорога порядок
1,выбрать остаться хороший британский отель даром праздник стоимость фунт утверждать позвонить лондон bx swss
0,принцесса хотеть сделать счастливый
0,похоже талант хотеть поужинать следующий неделя
0,собираться снять й день извинить
0,ещё смотреть фильм xy хотеть магазин делать покупка
0,привет маленький животное вечеринка просто подумать надувать свой друг улыбаться напоминать любить отправить непослушный обожать поцелуй
0,вчера это идти домой
1,eerie nokia tones u rply tone teal to eg tone dracula to название ghost addamsfa munsters exorcist twilight wwwgetzedcouk poboxwwq p
0,войти жизнь опустить солнце устремить согревать сердце постоянный улыбка лицо заставлять чувствовать любимый заботиться
0,дерьмо удивлённый поэтому пойти провести вечер французский парень который встретить город немного одурачиться позволить трахнуть
1,a networks позволять компания выставлять счёт sms поэтому нести ответственность свой поставщик магазин должный дать гарантия продавать б г
0,отличный комедия мочь перестать смеяться
1,freemsg почувствовать любить оставить компания jst cam moby wanna c my pic txt дата ответ msgp rcv hlp остановка
0,всё настроить написать человек
0,привет находиться заинтересовать выходить улица вроде чувствовать должный мочь выйти томый говорить
0,спать нт чувствовать
0,переключить свой фон черта взять
0,индия должный взять инициатива
0,ill опубликовать lr класс
0,это брат вата райт летать
0,вечер v немного нагрузить заполнить волноваться голова около горло разрушить увидеться шесть
0,очень громко смеяться говорить спонтанно всё равно чувствовать вероятно свой дорогой amp хороший друг goodevening дорога
0,это ноутбук взять
0,ваш файл сумка работа позвонить сказать найти нибыть свой комната
0,жажда слишком рано лей снаружи вун б домой рано нева ум
1,ваш шанс выиграть фунт стерлинг каждый wk txt действие
0,bugis juz идти домой орести ü поздно затем ответить видеть топ нравиться din купить
0,желать ваш семья весело x mas новый год заранее
0,пойти
0,опубликовать пара фотография fb улица всё ещё снег просто просыпаться
0,s хороший партнёрство взять лидерство
1,rgent это попытка связаться u выиграть фунт стерлинг b t csbcmwcnxx callcost ppm mobilesvary макс фунт стерлинг
0,твой класс
0,просто отправить храм
0,идти домой класс верно нужно поработать принять душа
1,привет смотреть дерзкий дневный развлечение грудастый замужний женщина бесплатно всё следующий неделя чат сортировка janinexx вызывать minmobsmorelkpoboxhpfl
0,s основное
0,ü v ma fan
0,знать поздно достигнуть спагеддий лор это ежедневный который смеяться
0,угадать всё провести прошлый ночью впаривать четвёртый измерение
0,папа позвонить выйти работа задать всё сумасшедший вопрос
0,сказать это всё
0,очень больно значимый строка скомпрометировать всё любовь конец любовь скомпрометировать всё gud mornin
0,lmao хороший
0,рад видеть ваш ответ
1,срочный пытаться связаться u сегодняшний рисунок который выиграть гарантировать гарантировать призовой сумма размер фунт стерлинг позвонить номер наземный линия претензия a действительно час
1,ежемесячный пароль wap mobsicom использовать свой телефон wap пк
0,даб всё ещё любитель
0,болезненный слово думать счастливый сложный вещь земля самый тяжёлый это счастливый весь невысказанный боль внутри
0,это нормально это фунт войти это нормально
0,лола придумать идея
0,человек казаться особенный первый взгляд лишь очень немногие остаться особенный ваш последний взгляд поддерживать конец жизнь sh jas
0,сегодня песня посвятить день песня посвятить отправить это весь свой ценный frnd сначала
0,ждать ах
0,y lei
0,привет детка скорее весь постель очень жаль сегодня вечером действительно хотеть увидеть завтра позвонить любить ххх
0,корточный это новый способ ходьба
0,хотеть жирный жирный факел bb
0,судорога остановиться возвращаться сон
1,сегодняшний номер vodafone заканчиваться последний четыре цифра выбрать получение награда размер фунт стерлинг ваш номер совпадать позвонить номер претендовать ваш награда размер фунт стерлинг
1,бесплатно top top ringtonesub to weekly ringtoneget й недельный подполирование бесплатный распределение неделя sms
0,нана сонахать соладх почему босс
0,принести компакт диск don забыть
1,sunshine quiz wkly q выиграть хороший dvd игрок sony знать страна алгаров txt ansr sp tyrone
0,знать насиловать парень покер
0,весло большой девушка сделать куча деньга ebay это род поблагодарить бог
0,gr увидеть это сообщение итак уходить поздравлять дорогой школа план
0,ü поздний френс лей ü сначала возвращаться домой
0,закончить ярый продолжать говорить мягкий смутиться
0,простить чувак тайник пройти вчера вечером мочь большой забрать воскресение
0,хай прия право сказать доктор па
1,бесплатно msg извинить услуга который заказать мочь доставить поскольку достаточный кредит пожалуйста пополнять получить услуга
0,
0,пожалуйста попросить мама позвонить отец
0,мочь прийти комната мочь прийти дом дом всё ещё грязный ха ха
0,потерять килограмм сегодняшний день
0,просто попробовать рыба карриp
0,мочь сделать мочь авария занять место ghodbandar rd трафик двигаться неровно итак пожалуйста скольжение amp волноваться
0,юный ах ü wana специализироваться wad
0,мужчина женщина рассказать пожалуйста свой лайк антипатия постель
0,делать свой тест ранний ценить позвонить завтра
0,поживать любитель делать мешать прийти свой королева хммм болеть говорить скучать отчаянно
0,встречать френ дун ван встречать муза б обряд парень
0,однако обещание ещё поужинать
0,получить твой спина неприязнь постель
0,оказываться стерео любовь mi phone неизвестный альбом
1,hard live чат весь pmin выбрать свой девушка подключиться вживую позвонить дешёвый чат великобритания крупный живой сервис vu bcmwcnxx
0,понимать почему
0,спрашивать знать нт мочь ур одноклассник
0,извинить ранее выпустить пожар поговорить дело жизнь лола
1,ух мальчик возвращаться взять тур год великобритания выиграть vipбилет предварительный книга vip club txt club trackmarque ltd infovipclubu
0,миссионер собачий подключение стоя
0,хороший пойти спать дун бесправить лиао проснесть
0,борьба мир легко либо выиграть либо проиграть bt fightng близкий дикольт проиграть проиграть выиграть всё ещё проигрывать
0,смотреть дом очень интересный получать весь вещь хью лори палка действительно особенно палка
0,подумать ячечкаха иметь вид ещё добро посмотреть завтра
0,привет джон пит айва бин испания недавно остаться хэм сума динеро билл сказать твой арендовать мэйба заинтересованный это пенс около фунт стерлинг туберкулёз джеймс
0,жирный lt gt поле это твой
0,знать говорить lt gt минута
0,alrite hunny wot u up nite вместо это спуститься город jus da pub jus chillin da mo in me спальня любить джена xxx
0,пойти проектный центр
0,согласно ваш запрос maangalyam alaipayuthe установить качество ваш callertune весь вызывающий абонент нажать скопировать свой друг callertune
0,лола момент думать
0,делать проект w frens lor
0,ржа мочь качество плохо поэтому жаловаться
0,это мочь произойти сегодня вечером
1,привет это мэнди салливана звонить hotmix fm решить получить фунт стерлинг наш розыгрыш пасхальный приз пожалуйста позвонить телефон потребовать ваш приз передать ещё
0,думать собираться финн приходить
0,устать особенный
0,прийти завтра
0,мочь выбрать телефон прямо пожалуйста отправить сообщение
0,идти спать отдохнуть
0,ребята никуда приглашать
1,ур идти багамский остров callfreefone поговорить оператор прямой эфир претендовать либо багамский круиз размер фунт стерлинг весь отказаться txt x
0,мочь это сделать хотеть угодить внутри предел спальня
0,эй успокоиться вниз теакус itxt u знать делать thewend выступать возраст
0,любить вино поужинать леди
1,связать наш служба знакомство войти ваш телефон нравиться узнать это звонок стационарный линия poboxntf
0,прохладный v беречь spk sn x
0,знать подробность учётный запись спрашивать свой мама отправить мама недоступный
0,думать неправильный номер
0,почувствовать счастливый медленно это становиться ваш привычка amp это становиться часть ваш жизнь следовать это счастливый утро amp удачный день
0,б покойный любовь мама
0,получить получить панрен пара
0,думать чакина ур ред зелёный чёрный тренерс спасти бак поезд
0,дать промах это номер пожалуйста
0,jus вернуться fr lunch wif сестра лех
0,ваш расписание следующий неделя выходной город
0,действительно дхануша снова качать
0,lmao ладный большой понадобиться мочь делать волос
0,мисс нуждаться хотеть любить
0,извинить свободный
0,нибыть получать песня застрять свой голова причина уйти пока слушать
0,nt пока чикк непревзойдённый хабба
0,получить ваш почта dileep спасибо нетерпение ждать поддержка очень маленький контакт помнить венугопал который упомянуть поздно постараться прийти
0,сердце воспоминать очень скоро забывать сердце bcoz понравиться весь нравиться каждый bslvyl
0,отец джа джон джон имя отец джа мандать
1,привет ibh предложение лояльность клиент новый мобильный nokia фунт стерлинг txtauction txt word get your now t
0,привет это yijue это относиться учебник вступить алгоритм второе издание продавать доллар
1,sms auction выиграть nokia i это получать выигрывать наш бесплатный аукцион принять участие отправить nokia hgsuitelands rowwjhl
0,хотеть прислать
0,это немного сложно это простой способ войти это место
0,ха оба делать самый получить телевизор час мочь пойти сегодня вечером иметь вид
0,показывать далеко поместить новый фотография facebook
0,смотреть телевизор новый работа
0,добрый день сексуальный булочка проходить поиск работа просыпаться первый мысль любовь желать порядок счастливый знать обожать
0,приходить делать всё хотеть
0,это нормально чикк это любимый песня
0,видеть разместить ваш facebook
1,позвонить freephone
1,купить космический захватчик aneck win orig arcade console нажать games arcade std wap смотреть ocoukgames условие настройка покупка
0,чудо мир й й стиль й твой улыбка личность природа й ур смс й твой прекрасный дружба добрый утро дорога
1,кредит любой цель фунт стерлинг домовладелец арендатор приветствоваться ранее отказаться всё ещё мочь помочь позвонить бесплатно отправить сообщение помощь
1,большой брат бартер компьютер выбрать u тыс наличный ваучер звонить ntt po box cro bt стоимость стационарный линия часть мобильный телефон варьироваться
0,поздний
0,дядя атланта желать ребята отличный семестр
0,дорогой бесплатный сообщение либо перезарядка привет привет
0,искать любовь пусть любовь найти почему называться влюблённость заставлять приживать просто падать знать смеон держать bslvyl
0,поверить сказать сказать
0,знать почему бог создать разрыв ваш палец создать приходить amp заполнять пробел держать рука любовь
0,сура солнце тв лола
0,арун мочь перевернуть
0,душа уйти закончить
0,работать находиться глаз философия поэтому написать поздний немного бесплатно чат
0,потерять u собираться ранить знать чувствовать
1,win победитель мистер фоля выиграть ipod скоро захватывать приз следить свой мобильный телефон посетить wwwwincouk
0,плохой девушка сей пора помнить
0,сколько дать утро
0,надеяться порядок детка волноваться возможно почувствовать немного отчаянный узнать работа поддельный ждать вернуться любовь
0,эй мочь сказать адрес блейка карлос хотеть встретиться потеряться отвечать свой телефон
0,мочь сначала получить ваш мнение
0,неделя уходить познакомиться это время почему
0,ударить это мочь переехать
0,отличный потратить lt gt год ввс ирак афганистан стабильный честный любить путешествовать
0,хотеть посмотреть фильм
0,около лор спасибо ü школа
0,класс получить текст
0,автобус уходить lt gt
0,благословить бог получить хороший сон дорогой молиться
1,сегодняшний номер voda заканчиваться выбрать получение фунт стерлинг матч пожалуйста позвонить телефон код претензия приложение стандартный ставка
0,хороший день сегодня очень любить
0,аййо немного пай сеэ ü noe бояться дать рем который умереть хи становиться хороший выглядеть орести лех
0,aight спросить несколько сосед комната
0,твой дом снова пиво
0,всё wan встречаться весь часть продвигаться остальной проект da
0,получение билет walsall tue март приятель заставлять sat заплатить угощение хотеть пойти txt bak terry
0,болтать
0,привет это джесс знать работа позвонить смочь дом всё xxx
0,sian aft meeting supervisor получить работа
0,собираться написать экзамен ccna неделя
0,смотреть шрека d б
0,грязный парень
0,знать сказать около лор
0,наверное завтра поздний сегодня вечером происходить
0,мочь сказать умирающий грустно поэтому уйти просто хотеть знать вероятно уйти ваш ночь
0,думать поднять
0,дун ван делать всё ещё
0,скоро прислать свой электронный идентификатор
0,вата делать некоторый человек дорогой это просто счастие который чувствовать встречать чувствовать чувствовать скучать дем
0,чувак дело тереза надеяться всё порядок слышать человек позвонить получить посылка декабрь gt поле просто нравиться знать удачита фантастический год весь хороший ваш чтение кроме действительно действительно мочь bam first aid usmle ваш работа выполнить
0,привет великолепный человек рабочий номер мобильный телефон удачный детка squishy mwahs
0,мочь позвонить поздний пожалуйста
1,самый горячий фото прямо ваш телефон смотреть промокать хотеть xx текстовый фото txt стоить p textoperator gga xxx
0,должный остаться
0,привет спасибо звонок получить работа начинаться понедельник
0,время ур полёт tmr
0,прийти
0,довольно заметный отметка укус правый щека
0,сентябрь время
0,влажный
0,твой муж
1,взломать чат получить вход backdoor чат доля стоимость ответить neo позвонить телефон подписаться p dps bcm box ldn wcnxx
0,делать норма завтра заканчивать cos st тест нужно разобраться библиотечный материал момент томый получить письмо сегодняшний день доступить конец март хороший двигаться далёкий
0,ага список джоанна чувствовать действительно против социальный
0,твой офис
0,приехать поздний
0,super da хороший замена murali
0,хороший хороший игрок почему непродать
0,привет хотеть присоединиться sts поздний встреча пять позвонить занятие
0,включить энгальнд телли решить позволить посмотреть миа эллиот целоваться блин
1,бесплатный nokia motorola метр price linerental бесплатный xnet mins txtmth free btooth вызвать mobileupd телефон позвонить optoutdwv
0,хотеть слышать философия просто сказать случиться
0,получить работа wipro получить всё жизнь год
0,мочь получить ноутбук da карта матричный карта wif ü lei
0,dunno da следующий шоу aft составлять toa payoh получить
1,это второй пробовать контакт выиграть фунтовый приз претензия легко позвонить пенс мина btnationalrate
0,сделать несколько платёж извинить хотеть это fedex наоборот
0,сыграть однажды прошлый год знать очень хороший команда индия
0,единственный девушка ждать приёмный
0,сказать это медленно бог любить amp нужный очистить сердце твой кровь получить это десять особый человек amp u c miracle завтра сделать это пожалуйста пожалуйста сделать это
0,ненавидеть это делать превращать должный забавный поездка магазин раздражающий день всё выглядеть дом
0,сэр ждать ваш звонок
0,дело хотеть выйти интернет
0,это мочь работать достигнуть консенсус следующий встреча
0,айя ждать развлекать хи
0,последний либо хотеть сделать это причинить боль думать это посмеяться смутить удалить тег продолжать идти насколько знать это факт чувствовать сделать это причинить боль показывать действительно знать это грязный среда это неплохо проблема который столкнуться это заключаться время очистить решить делать это skype делать фотография спать хотеть выйти возражать против несколько вещь готовить кровать бросать прачечный мочь иметь друг дом смутить нижний бельё бюстгальтер разбросать кровать подушка пол это ещё ранний хороший крайний мера готовить кровать
0,дать знать начать
0,называть сказать позвонить
0,позвонить номер который доступный встреча попросить подключить звонок вахид фатима
0,ü идти купить встретиться поздний
0,мммм бля справедливо знать слабость улыбаетсяподталкивать коленуразоблачать живот тянуть голова немун забывать знать чтозлой улыбка
0,сегодня система подготовить всё глубокий
0,мама хотеть знать
0,aight написать вернуться
0,знать поддерживать задница srt i thnk думать ps мочь играть usb
0,знать иметь вид малыш джонтина
1,выиграть гарантировать фунт стерлинг приз фунт
1,хотеть увидеть фотография xxx настолько горячо запретить великобритания
1,бонус hmv специальный фунт подлинный ваучер hmv который выиграть просто ответить простой вопрос играть отправить hmv подробный wwwpercentrealcom
0,смотреть телевизор новый работа
0,ручка подходить сделать биро делать мастер мочь сделать это снова
0,вечеринка алекс николсом
1,секретный поклонник который искать вступать контакт ufind out показывать думать специальный вызов
0,просто увидеть твой пропустить звонок дорога брат удача gr
0,около ü скоро закончить
0,извинить мочь помочь
0,прийти раб делать это снова выйти свой раковина бессознательно избегать делать несчастный
0,любить твой задница нравиться собачий стиль
0,думать попросить спортзал это оправдание ленивый человек бегать трусца
1,уважаемый xxxxxxx пригласить xchat это наш последний попытка связаться txt chat pmsgrcvdhgsuitelandsrowwjhl ldn год
1,срочный пожалуйста позвонить номер стационарный линия ваш бесплатный abta tenerife holiday фунт стерлинг
0,дорога домой длинный сухой заклинание сезон закончить
0,должный собрать машина da lei
0,около измотаться прийти домой пойти спать очень хороший это рабочий корма полный ставка
0,наверное ранний станция думать это
1,позвонить послушать extreme dirty live chat который происходить офис
0,добрый утро пожалуйста назвать сэр
1,freemsg hey u получить видеокартинка ответить txt прислать свой фото спешить скучно работа xxx prcvd stopstop
0,эээ остаться
0,выходить улица даррен сказать приходить магазин милый послать sim lim посмотреть mp плеер
0,aight звучать хотеть спуститься
0,понравиться твой день рождение
0,любить работать дом
0,мисс vday парашют двойной монета очень знать
0,извинить позвонить поздний
0,сестра поместить birla soft da
1,бесплатный вход неделя получить шанс выиграть ipod txt pod получить вход std txt
0,вау ока ока муза использовать e unlimited ха ха
0,некоторый человек стол лямбда
0,перестать старик мочь построить снеговик снежный ангел снежный бой
0,элло детка порядок
0,привет красивый порядок вроде ряд wiv выйти паб хотеть ночью скучать
0,пойти атмосфера
0,это lt gt ян пост офис отпуск пойти пост оф получить даффера
0,lol грр мама навсегда брать рецепт аптека примерно минута езда фу
0,дело это отстой мочь приготовить всё электричество выйти голодный
0,хотеть пойти
1,новый textbuddy chat возбудить парень ваш область p бесплатно получить пост код поиск gaytextbuddycom txt one name rpl stop cnl
0,это время месяц середина время
0,fffff мочь написать кадить слишком далеко уйти
0,ещё уезжать пойти место
0,являться fujits series series lifebook хороший
0,ярый хотеть ругать поздно получить чжун сие цин спросить спросить выйти всё всё ещё мочь действовать реально
0,знать приносить немного еда
0,ток еда
0,sch fr dun haf da book sch дом
0,привет идти деревенский паб год поэтому либо приходить сюда либо соответственно
0,
0,называть lt gt дать гипертония
0,дать обезьяна думать против любой друг всё это спать это раздражать
0,бог мочь снег
1,позвонить сообщать u звонить получить приз фунт стерлинг ввести всё ваш мобильный личный дать подсказка осторожный
1,бесплатный неделя вход textpod a sance win гб ipod фунт стерлинг каждый wk txt vpod ts cs wwwtextpodnet custcare
0,продолжать беспокоить оба
0,сказать пойти ванна
0,jus закончить аватар нигро
0,поцарапать это
0,надеяться отличный день
0,нибыть идея знать делать
0,планирование обычно останавливаться найти травка хелла дымный чёрный травка
0,факт убирать показывать знать почему расстроить ваш приоритет постоянно хотеть делать нужно сделать
0,отличный готовый стонать кричать экстаз
1,ваш район преследовать большой человек позвонить присоединяться единомышленник почему договориться сегодня вечером minapn lsbb
0,чувак аватар d imp момент подумать комната дело муха попробовать хит рефлекс
1,отличный работа ваш costa del sol holiday фунт стерлинг ожидать коллекция позвонить toclaim sae tcs pobox stockport skxh стоимость фунт стерлинговpm maxmins
0,k k почему мочь прийти сюда найти работа
0,паршивый сон продолжать просыпаться каждый час посмотреть хотеть кошка войти беспокоиться немой холодно
0,уйти пара минута amp дать знать добраться му
0,мочь позвонить убедиться проснуться
0,эй мочь пойти джазовый силовой йог хип хоп кб йогасан
0,батарея мистер адевале дядя aka egbon
0,мочь выбрать телефон прямо пожалуйста отправить сообщение
0,подождать минута пройти автобусный остановка
0,ic думать иметь вид мэри джейн
0,ха ха действительно вычесть ваш урок tmr
0,идти j wot bout u
0,просто съесть дерьмо подождать твой сука обезьяна мудак
0,спокойный ночь собираться спать
0,aight нибыть взять написать вернуться mu
0,k k почему мочь прийти сюда найти работа
0,взять нибыть боль двигаться однако любой сторона близкий час обратиться врач
0,лола детка скользить твой место полуночь спасибо приглашение
0,how это рассказ человек
1,угадать знать тайно фансировать хотеть узнать это позвонить телефон стационарный dateboxessexcmxn pmin
0,lol это потрясать окупать
1,это ваш бесплатный текстовый сообщение действительный декабрь год
0,это совершенно форма кларк также произносить отход
0,дошневинк сказать очень милый мир бог смеяться amp сказать подождать встретить человек читать это msg мораль бог мочь шутить gmgngegn
0,спасибо это tescos довольно приятно всё пройти говорить скоро
0,пернатый боуа это ребята знать
0,мочь закрыть глаз наш вава играть умма d
0,ноутбук инфра
1,выиграть гарантировать премия размер фунт стерлинг фунт стерлинг
0,nvm это нормально
0,наслаждаться твой жизнь поле спокойный ночь
0,мочь встретиться город пойти gep затем домой мочь написать автобусный остановка волноваться закончить март иш
0,задать вопрос несколько час назад ответ
0,это круто кончить
0,дели ченнай всё ещё молчать
0,лола думать это ха ха
1,ответить выиграть фунт стерлинг неделя проходить чемпионат мир футбол год отправить остановка закончить обслуживание
0,находиться лодка всё ещё мама проверить йо наполовину голый
0,shhhhhh никто должный знать
0,извинить позвонить поздний
0,извинить позвонить поздний встречаться любой вещь связанный торговля позвонить арула lt gt
0,эй опоздать amk нужно пить чай кофе
0,срочно купить автомобиль bmw это vry urgentw hv нехватка lt gt lacs источник arng dis amt lt gt лак это проблема
1,срочный пожалуйста позвонить номер стационарный линия ваш бесплатный abta tenerife holiday cash await collection sae t cs box cwwx ч млн
0,длина e вверху пойти ляо слишком ленивый dun wan отвлекать u также
0,santha num corrct dane
0,вызововmessages перевернуть звонок
0,извинить позвонить поздний
0,корзина полный полный мочь сегодня вечером
0,привет дорогой вернуться действительно хороший ночь большой спасибо лифт увидеться завтра xxx
0,никакой валентина доказательство ваш страница fb тьфу рада действительно смотреть твой инструмент рупуля
1,бесплатный тон надеяться понравиться ваш новый контент текст останавливаться отписаться помощь p предоставить tonesyoucouk
0,эх ден сберет книга e kb liao huh
0,практиковать свой curtsey
0,должный получить рассол
0,лола бу надеяться смех
0,def up чтоть sat заплатить day получить фунт стерлинг
0,должный уйти класс детка вернуться надеяться поспать любовь
0,lmao ваш рыбный память нужный
0,пойти sch пн сестрёнка нужно взять smth
0,идея скоро преобразовать жизнь
1,themob yo yo yohere приходить новый выбор горячий загрузка наш участник получить бесплатно просто нажать открыть следующий ссылка отправить ur fone
0,s s индия собираться провести серия многий год южноафриканский земля
0,goodmorning сегодня опаздывать decimal gt мина
0,мочь взять никакой важный роль сообщество рок мел
0,покупка лор дождь мах хард оставлять сад
0,привет рождение фунт унция мать ребёнок делать блестяще
0,смотреть сообщение пересылка доказательство
0,мочь продолжать проходить это собираться выпустить решить сделать это держать комната чистота поэтому нужно говорить посетитель возможно это хороший выбор хотеть смутить мочь почувствовать чувствовать друг который хотеть бросить покупка должный сказать это случиться сегодня утром всё пробовать знать ещё делать
0,знать лей мама ленивый выйти ещё спрашивать
0,делать всё хотеть знать каковой правило начало неделя поговорить должный начать происходить демонстрировать ответственность менее каждый неделя мочь сгибать правило образ насчёт это делать угодный устать аргументация каждый неделя a lt gt фильм вводить превью всё ещё входить
0,красивый истина против гравитация тщательно прочитать наш сердце чувствовать лёгкий это казаться очень тяжёлый уходить goodmorning
1,отличный новость позвонить freefone потребовать гарантировать фунт стерлинг подарок фунт стерлинг поговорить живой оператор
0,ambrithmaduraimet u in arun dha marrgeremembr
0,просто прочитать это стыд сказать брать бежать обвинять нибыть либо долгий время
0,принцесса твой кошечка побриться естественный
0,хороший bb использовать это жена доктор
0,это прийти некоторый время назад
0,завтрашний день работа
0,угодный тоа пэя получить место прогуляться мех
0,номер сей пора думать тактичный способ спросить алекс
1,мочь выиграть фунт стерлинг музыкальный подарочный ваучер каждый неделя начинать слово draw tscs wwwldewcom skillgame winaweek возрастppermesssubscription
0,нибыть кинотеатр который мочь пойти посмотреть безлимитный фильм просто заплатить
0,пообедать одиночество скучно
0,очевидный яйцапервое картофельный голова говорить скоро
0,чувак машина должный забитый полный человек
0,новый работа бар аэропорт сатстеттин год означать лгать поддерживать связь
0,каллиса готовый летучий мышь й подача
0,спасибо день рождение закончиться
0,тьфу мочь просто извиниться признаться ошибаться попросить забрать обратно
0,u wana pei bf oso rite k lor день ден
0,маленький ребёнок boost это секрет энергия
0,скучать
0,являться аватар должный иметь субтуит
0,просто сидеть смотреть матч офис
0,мочь записать вещь который хотеть запомнить поздний
0,ой извинить пожалуйста всё конченый
0,эй собираться урок тренажёрный зал
0,упаковывать мочь купить любой магазин хлопья нужно упаковать еда упаковать gari это род пропустить
0,делать вещь большой
0,ü dun wan наблюдать адский дело
0,просыпаться час день sup
1,месячный половина цена апельсиновый линия аренда новый телефон камера бесплатно ваш телефон месяц позвонить mobilesdirect бесплатно телефон обновить orstoptxt
0,мочь прислать фото хотеть
0,забронировать всё включая который bugis
0,айта черта взять получить это поздний
0,де позвонить некоторый время сказать k
0,использовать никто
0,сколько стоить blackberry bold нигерия
0,привет дом каликута
0,эй дорогой мочь забрать колледж сказать млн мт любить пит xx
1,позвонить использовать ur mins вызов отбрасывать пенсовмин толпа меняться сервис предоставлять aom gbpмесяц aom box m er пока остановиться возраст год
0,ох гоина йогасан ден поехать ден мочь броситься парко нб ока позвонить готовый
0,y поздно нужно пойти получить ноутбук
0,сэр ждать ваш почта
0,пожалуйста зарядить мобильный вставать утром
0,получить msg frm tht неизвестно
0,тьфу черта взять повторно
0,видеть свой тень получать ранний весна ура
0,сделать ломтик хлеб ржа мочь
0,привет хотеть жажда скучать нужный любить ахмад саид аль халлак
0,нибыть тренировка завтра
1,срочный ваш мобильный no выиграть премия бонус фунт стерлинг это второй попытка связаться позвонить скорее boxnqp ppm
0,перейти всё ваш контакт увидеть получить красный синий улыбнуться лицо фиолетовый действительно горячий розовый оранжевый зелёный действительно выходить улица yelow чёрный завидовать коричневый скучать nw пожалуйста давать цвет
0,cosdy daddy устроение время c вата время вынести ü mah
0,затем знать старший
0,поздороваться наш наркотик
0,трудно поверить вещь всё мочь сказать ложь подумать дважды прежде сказать
1,eerie nokia tones u rply tone teal to eg tone dracula to название ghost addamsfa munsters exorcist twilight wwwgetzedcouk poboxwwq p
1,сексуальный сингл ждать написать свой возраст который следовать ваш пол whieer m f например f гей писать ваш возраст который следовать g например g
0,спокойный ночь дорогой sleepwell amp беречь
0,это чудесный песня
1,freemsg претендовать ur smsсообщениятекст ok использовать webmobile urтоварищ далее присоединяться txtcom pwk t c box lawu удалить txtx остановиться
0,ярый лор дело довольно быстрый медленно вата ха ха
0,должный прийти поздний обычно купать дневный мах
0,поверьте
0,эй хунонбусы goin встреча хотеть go wout a еда чувствовать это получить последний автобус домой сладкий последний время
1,бесплатно рингтон ответить настоящий
0,мочь взять полдень
0,это либо открытие mca
0,aight происходить твой сторона
0,закончить орести
0,милый принцесса рассказать пожалуйста свой лайк антипатия постель
0,желать отличный семестр
0,моджи любить большой слово удачный день
0,чувак баффа ветер
0,детка справедливо говорить дело lovejen x
1,молодец англия получить официальный полингтон цветный флаг yer mobile текст тон флаг отказаться txt eng stop box wwx
0,мочь дать всё хотеть нуждаться дело мочь добиться больший собственный местеу большой деньга мочь получить работа мочь получить мужчина мочь заплатить арендный плата мочь заполнить свой грёбаный бензин стресс подавить звонить домой день благодарение прийтись сказать
0,s каллиса играть первый odi
0,взять немного деньга вместе написать джейсон
0,любовь приятно слышать бог сильно скучать жаль проблема поставщик спасибо
1,последний шанс требование вау варосный ваучер сид большой текст savamob участник предлагать мобильный устройство t cs savamob pobox muz фунт стерлинг
1,частный ваш заявление учётный запись год показывать некушенный бонусный балл требовать звонок код идентификатор истекать
0,наверное хотеть большой
0,задолбаться
0,самый милый девушка мир
0,кубик художественный класс спасибо хотя идея сколько должный приехать завтра
1,sms services ваш инклюзивный текстовый кредит пожалуйста wwwcomuknet login unsubscribe остановка дополнительный плата помощь po box ip
0,howda gud gud mathe en samachara chikku
0,лор данно мочь получить билет делать
0,audrie duousy autocorrect
0,это сайт моделирование тест это просто давать очень сложный вопрос проверить ваш готовность
0,любой случай серьёзно поразить вернуться противный случай приходиться зажечь арманд дерьмо иить рвота
0,принести юный
0,спасибо нравиться
0,хммм представить вернуться домой приходиться потирать нога заставить ужин помочь подготовиться свидание уверить готовый жизнь
1,freeday sexy georges day pic jordan txt pic to пропустить затем каждый wk a saucy celeb ещё фото c pocketbabecouk wk
0,лара сказать мочь одолжить lt gt поле
0,либо запасный питание
0,ярый довольно умный кормить многие догадываться попросить принести желать идти айя всё ещё прикреплять вата
1,победитель специально отобрать получить фунт стерлинг награда фунт стерлинг поговорить оператор прямой эфир потребовать звонок утро вечер стоимость
0,ложиться спать вернуться полуночь
1,солнечный хол претендовать ваш med holiday отправить конверт адрес напиток us uk po box bray wicklow eire викторин начинаться суббота отказаться остановка
0,доступный утихать вчера вечером поэтому прийтись спросить никки платт вместо
0,это время неделя райан
0,желать возвращение день день рождение викки
1,мочь выиграть фунт стерлинг музыкальный подарочный ваучер каждый неделя начинать слово draw tscs wwwidewcom skillgame winaweek age ppermesssubscription
0,надеяться знать всё ещё злиться
0,argh g spotty любой случай единственный помнить исследование который провести провинция стерлинг единственный проблема проблема который смотреть
0,xam hall boy попросить девушка рассказать стартовый срок ответ который мочь самостоятельно управлять колебание смотреть молча сказать intha ponnungale ipaditan
0,знать результат
1,ошибка
0,красивый истина против гравитация тщательно прочитать наш сердце чувствовать лёгкий это очень тяжело уходить спокойный ночь
0,извинить вставать чувствовать очень плохо полностью отвергнуть это
0,куча бриллиант хотя
0,tessypls сделать одолжение пожалуйста передать пожелание день рождение нимья pls dnt забыть это сегодня день рождение шиджас
0,тётя
0,всё фарфа шумно
0,поздний думать нужно изучать mcat
0,s учебный пособие это показывать технический процесс всё сброс пароль устранение неполадка
1,ваш ваучер bu wc марсма войти wwwbutelecom скидка отказаться ответ позвонить обслуживание клиент
0,поговорить дядя джон сегодня твёрдо чувствовать нужно пожертвовать оставить позвонить это делать просить просто послушать дать никакой обещание давать чёткий нелегко нужно позволить работать пока продолжать ожидать помощь творчество удушить пожалуйста просто оставить счастливый никакой обещание ваш сторона
0,начать искать получить работа несколько день большой потенциал талант
0,карлос занять некоторый время снова уходить минута
0,молодец лува всё
0,почему прислать общежитие
0,k всё ещё любить
0,вспомнить сегодня должный купать свой собака
0,препарат смочь
0,взять морфин вернуться йо
0,видеть требование пожалуйста
0,оставаться вне неприятность незнакомец увидеть дэйв день который отсортировать всё ещё получить девушка мистер ура мама всё ещё думать получить getha
1,freemsg эй баффи любить удовлетворять мужчина дом одиночество чувствовать рэнди ответить c пикс qlynnbv helpp a msg отправить остановка остановить txts
1,солнечный хол претендовать ваш med holiday отправить конверт адрес напиток us uk po box bray wicklow eire викторин начинаться суббота отказаться остановка
0,мочь собрать свой ноутбук
0,поздний показывать около хотеть cld выпилить ранний wld предпочитать тратить деньга nosh против это делать nxt wk
0,вернуться домой
0,ваааат лолоть около следующий
0,занятый стол ждать дерево
0,забыть прийти связываться
0,привет пожалуйста вернуть наш документ который представить ссуда stapati
0,купить дорогой
0,бог рад видеть твой послание день
0,год сколько миля
0,эй милашка это дело уэльс всё вроде нормально холм дерьмо всё ещё убить
0,печальный история человек прошлый неделя день жена пожелать родитель забыть n ребёнок пойти работа коллега хотеть войти свой каюта pa сказать счастливый босс день чувствовать особенный спросить обед обед пригласить свой квартира послать туда сказать возражать пойти спальня минута ok сдаться сексуальный настроение выйти минута лата пирог жена родитель ребёнок друг коллега всё кричать сюрприз ждать диван голый
0,думать должный пойти дорога честность позвонить банк завтра это трудный решение который делать великий человек
1,бесплатно й неделя nokia tone ur mob каждый неделя txt nokia получить txting рассказать друг zed pobox wwq normptone
0,это специализация мочь работать рабский труд искать это это месяц sha cos no shakara begnar
0,отвечать boye изменить свой номер телефон
0,перейти написать msg поместить словарь режим покрыть экран рука нажать lt gt поле аккуратно удалить рука это интересно
0,привет дорогой еда лондон вбить водитель хороший вмять действительно скучать заниматься xxx
0,дело просто убедиться всё вставать
0,приходить домой ужин
0,спасибо кстати проиграть
0,хороший критичный ум
0,спасибо всё несколько месяц
1,магазин бросить это k k фунт стерлинг наличные ваучер фунт стерлинг позвонить ntt po box crbt стоимость фиксировать линия ppm
0,мочь прийти imin towndontmatter ургоина outlr просто действительно docdplease dontygenore mycalls u no thecd isvmportant tome moro
0,ребята ребята
0,явт ещё пытаться играть оригинал
0,привет хороший день разговаривать выходной
0,видеть думать всё
0,работа пожалуйста позвонить
0,готовый стонать кричать
0,почему работа дело
0,думать нужно выходить поздно школьный ночь особенно класс который пропустить прошлый среда вероятно провалить тест пятница
0,poping lt gt ибупрофный помочь
0,младенец дело день делать потягивать свой капучиный думать любовь посылать поцелуй весь море
0,
0,ps u un ur ur wry out up верно
0,китайский квартал каша рис глиняный точка пирог ямс рыба пчела либо дешёвый ден кафе ездить либо nydc нибыть
0,знать несколько человек мочь ударить трахнуть
0,чистота дружба улыбка прочтение перенаправить послание это улыбка просто увидеть имя gud evng
0,нибыть конкретный должный делать отношение джаклина знать черта взять
0,бог собираться google google near cliffs
1,бесплатный телефон камера linerental месяц кросс ntwk mins цена txt bundle deals также avle позвонить номер calloptoutj mf
0,shd haf ard страница добавить цифра ü весь сколько страница
0,ох got начать танцевать живот мозлить свадьба хотеть присоединиться кафе
0,большой спасибо звонок ценить ваш забота
0,поздравлять относиться рассмотрение почта течение день почта однажды почта
0,позвонить никто забрать электронный телефон спрашивать оба сказать порядок
0,привет адрес электронный почта измениться
0,ценный любящий lovable вечный благородный твершина intimate естественный электронный инициатор счастливый день святой валентина заранее
0,просто немного текст насчёт
0,принести это
0,фильм позвонить вата
0,уверенный желудок это
0,ха ха мочь ужинать двоюродный брат
0,мальчик поздний дом отец сила
0,мужчина карлос определённо приходить mu сегодня вечером оправдание
0,скоро настоящий вещь принцесса сделать мокрый
0,раджа плс сделать одолжение пожалуйста передавать пожелание день рождение нимья плс сегодня день рождение
0,ха ха нога шея убивать амиго надеяться закончить ночь ожог думать смочь пройти час
1,срочный ваш мобильный xxxxxxxxx выиграть премия бонус фунт стерлинг это второй попытка связаться позвонить скорее boxnqp ppm
0,обычно тело заботиться это купить следить оно продвигаться мочь продолжить разговор суббота
1,срочный ваш costa del sol holiday фунт стерлинг ожидать коллекция позвонить toclaim sae tc s pobox стокпорт skxh стоимость фунт стерлинговpm maxmins
0,хм ночь
0,просто хотеть сказать ребята шутить это бутон
0,просто познакомиться коллаж mo tryin ne way получить жаркое минимальный прекрасный это понравиться
0,это день миллиард класс верно
0,goodmorning сегодня опоздать час боль спина
0,позволить поздний попросить позвонить
0,прабха sorydarelyfrm сердце sory
0,валликинг ард купить нибыть идти твой дом
0,ещё картонный коробка очень довольный полка
0,приятно поговорить пожалуйста забывать свой пикс хотеть увидеть весь
1,выиграть гарантировать фунт стерлинг приз фунт стерлинг требовать призовой приз наш представитель обслуживание клиент телефон вечер стоимость п
0,дело довольно забавно лор короткий расстояние
0,замечать нравиться смотреть дерьмовый зеркало превращаться правый урод
0,большой беспокоиться просто знать замечательный заботливый человек иметь хороший жизнь знать прекрасный божий любовь твой
1,спасибо ваш рингтон номер ref k ваш мобильный телефон взиматься ваш тон прибыть позвонить служба клиент телефон
0,предпочитать свой свободный день вт среда пт осо мочь ü спросить работать
0,alrite jod идти ревизия керис бин делать смайджина n e way you whune to come колледж xx
0,вера приходить домой
0,кк сдать тест
0,это точный намерение
0,ха ха деньга лех поздний должный пойти обучение ха ха искать пустой слот вождение
0,эй согласуемый обсудить это кроме кб солнце урок посетить kb sat
0,k wen ur free приходить домой также тельвикки отправить почта хороший вечер свободный сегодня
0,просто получать сообщение назвать сторона
0,добрый утро пожалуйста назвать сэр
0,номер комната снова хотеть убедиться стучать правый дверь
0,sicomo no слушать the plaidquite quite gd the new air который веселыйтакж купить braindance a compofstuff aphex s abel u havhear it c u sn xxxx
0,пожалуйста сказать нельсон bb большой являться деньга который ожидать
0,дать нибыть выпить брать это рвать температура мочь упасть удаваться дать знать
0,думать отправить текст домашний телефон который мочь отображать текст всё ещё хотеть отправить номер
0,каждый день использовать спать lt gt
0,k позвонить рядом
0,покупать газета
0,сестрёнка кормовой купать собака мочь купаться похоже скоро дождь
0,бу путь мама делать суп тортилья yummmm
0,загадковы управление
0,узнать включать всё деталь
1,привет детка x u goten bout me мошенник становиться умный хотя это обычный vodafone no отвечать получить дальнейший msgподписка prem prem nos также использоваться остерегаться
1,назад работа морроп половина срок nite сексуальный страсть b вернуться чат luv dena вызывать minmobsmorelkpoboxhpfl
0,хотеть избаловать
1,спасибо заказ рингтон номер r ваш мобильный телефон взиматься ваш тон прибыть позвонить служба клиент телефон
0,получать угроза ваш исполнительный директор продажа подать жалоба это официальный сообщение
0,надеяться всё пройти врач напоминать всё ещё нужно godid u c d маленький вещь который оставить лаунджа
0,ден вата расписание b lk солнце
0,lol наслаждаться ролевый игра
0,смотреть телевизор
0,просто любить строчка болеть правда против терпеть
0,проверить отправиться сбросить вещь
0,волос комод китай
0,печальный история человек прошлый неделя день жена пожелать родитель забыть n ребёнок пойти работа коллега хотеть
0,назвать вечер больной
1,splashmobile выбрать тон gr каждый wk это услуга подписка еженедельный тон стоимость p кредит откинуть наслаждаться
0,показать сказать смочь пыль
0,это должный принять решение lt gt мина
1,слышать u некоторый время позвонить грубый чат частный строка кончить wan c фотография помахать затем текстовый pix end отправить остановка sam xxx
0,поле автобус поле скоро прийти прийти завтра завтра
0,мочь выбрать телефон прямо пожалуйста отправить сообщение
1,бесплатный вход наш еженедельный композиция размер фунт стерлинг t c wwwtextcompcom
0,закончить ляо
1,потерять разрядный помощь
0,ха ха думать сделать
0,знать смотреть лидо
0,жизнь проводить весь жизнь мочь бессмысленный несколько минута провести действительно любить означать большой жизнь
0,ха ха круто u пара всё идти
0,холодный грусть дорогой
0,думать мочь зайти около час около сосед комната хотеть запастись поездка
0,это телевизор это брджито джонс
0,любить ати любить
0,привет скучно думать скучно телевизор рассказать нибыть захватывать произойти чтолибо
0,хм плохой новость hype park plaza studio взять остаться bedrm
0,извинить позвонить поздний встреча
0,r ü comin вернуться ужин
0,достигнуть позвонить мочь подключить
0,ждать вчера
0,достигать дом сейф звук liao
0,velly пожалуйста
0,привет wkend ok путешествие ужасно wk очень огромный задний журнал маркировка сделать
0,ещё буква скопировать сообщение говорить скоро
0,алекс знать парень который продавать мидс упасть южный тамп думать смочь настроить
0,предложение сообщение
1,ваш мобильный метр обновление бесплатно апельсин последний цветной камера мобильный телефон неограниченный вызов выходной день вызвать mobile upd freefone stoptx
0,привет детка делать wot u up nite love annie x
0,напомнить туда добраться сделать это
0,это романтично
0,привет черта взять это рождество думать решить сохранить mp который работать
1,новый сообщение пожалуйста позвонить номер
0,привет дорогой скучать надеяться проводить время вернуться время мочь позвонить дом джесс xx
1,hi это ваш предупреждение обмен сообщение обмен сообщение почтовый ящик сообщение матч пожалуйста перезвонить телефон получить ваш сообщение совпадение
0,нарисовать ва думать
0,брать звонок важный сказать хриш
1,поздравлять год специальный пропуск кино ваш позвонить c suprman v matrix starwars далее всё бесплатно bxipwe вечер пропустить
0,приходить голова ü помочь купить вешалка лор ур ноутбук тяжёлый
0,lt gt всё думать это достаточно легко
0,мочь завести ребёнок йо
0,должный сказать свой друг ходить пока gt иса
0,стихотворение дружба дорога дорога рядом мочь слышать страх живой разрывать дорогой gud ni
0,всё ещё район ресторан постараться вернуться близкий время
0,aight который работать спасибо
1,выиграть годовой запас cds магазин ur choice стоимость фунт стерлинг ввести наш еженедельный музыка фунт стерлинг ts cs wwwldewcomsubswinppmx
1,moby pub quizwin приз хай стрит фунт стерлинг знать новый герцогиня корнуолл txt имя unsub stop sp arrow arrow
0,спальный мешок одеяло бумага деталь телефон чтонибыть ещё
1,выиграть nokia i это получать выигрывать наш бесплатный аукцион принять участие отправить nokia hgsuitelands rowwjhl
1,поздравлять благодаря хороший друг выиграть рождественский приз фунт стерлинг утверждение легко просто позвонить пенс минута btnationalrate
1,tddnewsletteremccouk большой игра thedailydraw уважаемый хелен десятка бесплатный игра отличный приз
0,ребята делать
0,также чат потрясать делать регулярный видеть лично
0,это важно волноваться
0,это старый жить высокий
0,waqt se pehle naseeb se zyada kisi ko kuch nahi milta zindgi wo nahi ho jo hum sochte hai zindgi wo hai jo ham jeetey hai
0,дорога офис
0,место хотеть da
0,боль мочь прийти плохой время
0,
0,стоить преследовать
0,извинить чувак знать забыть дэн напомнить извинить надеяться ребята повеселиться
0,около лор
0,приложение класс варайя элайя
0,рождественский история это мир желать счастливый рождество
1,срочный ваш мобильный номер это второй попытка связаться позвонить скорее box nqp ppm
0,день спросить номер ананд почему
0,am surfing online store предложение хотеть купить нибыть
0,лонг бич лор ожидаться ужин
0,дом кстати
0,оба порядок спасибо
0,случиться рассказывать правда
0,нравиться итальянский еда
0,странно знать это момент
0,ой должный мёртвый
0,рассказать свой друг планировать делать день святой валентина lt url gt
0,увидеться немного
0,приветствие сообщение zogtorius смотреть свой телефон решить написать писать
0,позаботиться финансовый проблема помочь
0,сказать дорога случиться почему разговаривать алиан
1,удваит свой mins txt orange price linerental motorola sonyericsson bfree nokia free call mobileupd oroptouthvd
0,перейти написать msg поместить словарь режим покрыть экран рука нажать lt gt поле аккуратно удалить рука это интересно
0,ока
0,привет это yijue мочь встретиться tmr
0,позитивный dnt жить lt gt century cm frwd n thnk
0,динт спасть день
0,это казаться излишний ласково
0,ещё чертовски забавный вещь
0,место это человек
1,загрузить столько рингтон сколько нравиться ограничение s выбрать мочь отправить год приятель txt сэр
0,это круто пройти день
1,пожалуйста позвонить номер сразу ждать срочный сообщение
0,r идти lt gt автобус
0,привет любовь пройти твой день порядок думать свой сладкий посылать толчок твой сердце напомнить любить это слышать закричать это море весь мир услышать ахмад аль халлак любить владеть притяжательный страстный поцелуй
0,присоединиться сегодня
0,самый спасибо разъяснение
0,поговорить вероятно завтра приехать рано завтра
1,scok up your mob коллекция halloween коллекция логотип pic plus plus бесплатный жуткий тон txt card spook to zed p логотипpic
0,проблема деньга отбросить спасибо мочь дышать лёгкий ill убедиться сожалеть это спасибо
0,привет жаль пропустить ваш звонок мочь перезвонить
0,дело надеяться поселиться новый учебный год просто желать день gr
1,фэнтезийный футбол вернуться ваш телевизор зайти sky gamestar sky active сыграть команда мечта тысяча фунт стерлинг забивание начинаться суббота зарегистрироваться sky отказаться
0,нужно говорить всё собираться спать спокойный ночь
0,попробовать пройти курс неделя коимбатор
1,tone club ваш подводный лодка срок действие истечь resub ответ monoc monos polyc polys weekly p неделя txt stop stop это бесплатный потоковый сообщение
0,v sheffield tom air my mindings категория b использовать измерение этнический принадлежность следующий перепись занятой транскрибинг
0,домой
0,мальчик любить девушка подтвердить возражать gv lv lttrs bt фрнд бросить thm снова d boy решить аромат d gal dt time грузовик ускориться сторона d gal wn это около удар d girl d boy побежать ад спасти спросить hw cn бегать быстро d boy ответить boost это секрет энергия мгновенно d девушка кричать наш энергия долго жить gth
0,день ü сказать подстричься волос парагон это называться чувство волос скорее весь сколько стоить волос
0,хм сожаление слишком фото явно горячий пирожное это немного весело
0,смотреть телевизор y смешной блефовать вата иззита невозможно невозможно
1,рождественский приз пытаться связаться u сегодняшний рисунок который выиграть гарантировать гарантировать приз размер фунт стерлинг позвонить земля действительно час
0,знать говорить
0,спасибо день хороший думать обрядить сари asual подбадривать любить franyxxxxx
0,еда домой пойти сменить batt часы затем пойти магазин немного
1,единственный место город встретиться захватывать взрослый сингл великобритания txt chat pmsg
0,привет мобильный lt gt добавить список контакт wwwfullonsmscom это отличный место отправка бесплатный sms человек получение дополнительный информация посещение fillonsmscom
0,добрый вечер сэр надеяться хороший день хотеть донести ваш уведомление опоздать плата арендный плата течение последний несколько месяц прийтись заплатить lt gt заряжать чувствовать невнимательный давать давать больший цена поэтому говорить однако мочь помочь спасибо всё
0,позволить сделать это хотеть находиться дом утро
0,хороший линия сказать любовь подождать день смочь забыть день понять мочь забыть
0,достигнуть десять утром
0,ваш киска идеальный
0,извинить позвонить поздний
1,связаться наш служба знакомство войти ваш телефон нравиться выяснить это вызов стационарный линия pobox wrg p
0,сообщение ответ случиться
0,также пьеса
0,wiskey brandy rum gin пивной водка шотландский вино шампа kudi yarasu dhina vaazhthukkal
0,буй дело вернуться домой немного скучно
0,первый получить большой lt gt кг войти второй провести тест сахар кровь всё порядок кровяной давление находиться предел нормальный предел беспокоиться
0,выбрать свой фон тупой
0,спасибо тангам чувствовать очень счастливый дорогой также скучать
0,окей док дом одетый лежать дело поговорить поздний прочее
0,убегать ходить медленно amp убивать всё равно остановить
0,детка вернуться вернуться
0,сказать жениться
0,нешант пометить
0,йо йо йо байтэтч
0,кей sat верно
0,привет это роджер cl
1,детка хотеть детка противный вещь filthyguys фадж грубый время сексуальный сука насчёт стать жёсткий txt xxx slo мсгс
0,ох впустую ден муза чионг саб солнце ляо
0,иисус христос сука пытаться дать наркотик ответить свой грёбаный телефон
0,пожалуйста дать забрать вторник вечером около это нормально
0,встречаться даррен
0,хороший диалог милый религиозный порядок умереть подняться тело бкоза рука мочь прийти славка твой слеза это время gud ni
0,решить дело мужчина найти убить decimal gt поле lt gt полдень жена позвонить полиция полиция допросить весь жена сэр спасть произойти убийство cook готовить garderer выбирать овощ дом пойти d почтовый отделение кидка послать игра отделать послать брак полиция немедленно арестовать убийца это ответить разум блестящий
0,дорога дойти туда
0,оу это первый сказать скучать спрашивать пропустить первый любить
0,около спасибо gd nite ü
0,приходить прямо ахмад
1,знать знать отправить чат давать найти друг друг pmsg rcvd hgsuitelandsrowwjhl ldn год старший
0,лола пожалуйста сделать дело отправить свой фотография прямо хотеть увидеть поза расческий фен это род
0,o fps
0,означать вычислительный наука y нравиться напротив
0,мочь прочитать любовь ответить
0,lk tt den брать e e e and conce in cine lor dun wan йогасан oso can
0,мадам сожаление
1,sms services ваш инклюзивный текстовый кредит пожалуйста wwwcomuknet login qxj usoubscribe остановка дополнительный оплата comukcm ae
0,ой хороший быстро идти купать успокаиваться
0,эээ cud do собираться вечер возможность связаться пора
0,bloo bloo bloo скучать первый миска
0,lmao это весело
0,большой нападать любой случай
0,привет забыть счастливый день рождение детка любить
1,день святой валентина специальный выиграть фунт стерлинг наш викторин взять свой партнёр поездка весь жизнь отправить pmsg rcvd custcare
0,думать мочь двигаться lt gt неделя
0,найти отправить автономный сообщение узнать анжол
1,угадать это первый создать веб страница wwwasjesuscom прочитать всё написать ждать твой мнение хотеть твой друг
0,пройти вождение
0,это давать благодарить бог пожалуйста заполнить препарат вода хороший день
0,действительно дун блэфа лех спать рано номер
0,индиец бедный индия бедный страна говорить швейцарский банковский директор говорить lt gt lac crore индийский деньга депонироваться швейцарский банк который использовать бюджет налог lt gt год мочь дать lt gt crore работа весь индеец любой деревня дели полосный дорога навсегда свободный питание lt gt социальный проект каждый гражданин мочь получать ежемесячно lt gt lt gt год необходимость всемирный банк amp кредит мвф подумать наш деньга заблокировать богатый политик полный право против коррумпировать политик itna fordard karo ki pura индия padhegm
0,дядя бой нужный фильм направить кроме знать торрент особенно законный система замедляться должный делать удачный день gr плюс начать встречать интернет пройти медовый луна
0,помнить поле
0,кстати относительно должный действительно попытаться увидеть мочь нибыть ещё наш м парень прежде совершить случайный чувак
1,ваш шанс выиграть фунт стерлинг каждый wk txt играть ts cs wwwmusic trivianet custcare xpwk
0,занятый джуза дун ван идти рано хи
0,правый это всё стать яркий рано сегодня утром
0,большой церковь холл выйти
0,вернуться брум спасибо поставить держать весь счастливый скорый встреча
0,донно задуматься
0,lt gt отличный обновление сжигание рождественский дерево loxahatchee мочь полностью увидеть звезда
0,всё равно нужный принцесса
0,парень кадить продавать момент перерыв знать ещё парень параноик черта любить продавать мочь поздний вечер сегодня вечером
0,извинить позвонить поздний
0,tmr затем ü brin lar aiya поздний приходить n c lar mayb ü neva правильно установить ü
0,знать lt gt
0,dun поверить
0,обратиться благодарность
0,знать жаловаться знать прямо перейти bsnl offc подать заявка это
0,видеть это итак должный выбрать пятница
0,сколько заплатить сугага
0,левый десерт go suntec посмотреть u
0,абег получать прибыль это начало использовать получить спонсор следующий событие
0,оный эла па нормальный
0,кк твой сестра
0,круто написать путь
0,неа время говорить сказать приветствовать
0,мочь поговорить позвонить смочь продолжать звонить
0,нибыть ar
0,роза нуждаться вода сезонный потребность изменение поэт нуждаться воображение телефон нуждаться ваш смс нужный ваш прекрасный frndship навсегда
0,добрый день детка дело день нибыть перспектива работа скучать любовь вздыхать
0,забрать бросить машина проблема
0,думать пустой rr
0,мир фамамуса
0,пятница уйти понгала получать либо новость ваш рабочий место
0,lol делать это мочь иметь больший продажа вместе
0,свой путь
0,old airport road oredi получить pple
0,sry мочь разговаривать телефон родитель
1,последний шанс требование вау варосный ваучер сид большой текст savamob участник предлагать мобильный устройство t cs savamob pobox muz фунт стерлинг
0,около wat time ü финиш
0,принцесса нравиться заниматься любовь lt gt ночь надеяться это проблема
0,мм путь железный дорога
0,
0,задолбаться жаль надеяться ваш следующий пространство дать всё хотеть помнить весь мебель ваш рядом перемещать просто заблокировать всё замок оставить ключ дженна
0,ещё просто хотеть поддерживать связь это самый простой способ сделать это барселона кстати ru дом
1,sppok up ur mob коллекция halloween collection of nokia logo pic message plus plus бесплатный жуткий тон txt card spook to
1,срочный позвонить стационарный линия ваш дополнительный tenerife holiday фунт стерлинг
0,
0,панси жить джунгли течение год это вождение который должный большой беспокоиться
0,мм кандзь тяжёлый около около
0,пообещать выходить смочь написать утром сообщить сделать это около
0,лола это пытаться найти каждый реальный фотография который либо делать
0,знать это неправильный звонок
0,k пить делать нужный модель srs пожалуйста отправить почтовый идентификатор pa
0,айя э дождь довольно большой лех сбрызнуть мочь хотя бежать домой
0,встреча документ следующий неделя тьфу почему нормальный тело
0,dun b грустно всё конченый dun thk сконцентрироваться ваш документ
0,приветствовать считать извинить
0,никакой драма пожалуйста достаточно семья пока бороться горячий солнце странный место причина почему должный эго идти пригласить дело необходимость пойти ждать очень серьёзный повторение
0,выпустить ещё итальянский сегодня вариант cosign
0,му должный попытаться выяснить сколько деньга всё получать газ алкоголь джей пытаться выяснить наш бюджет сорняк
1,победитель качество ценный клиент сеть выбрать получение вознаграждение фунт стерлинг собрать звонок действительно час aclpm
0,hcl chennai требовать новичок голосовой процесс excellent english needsalary lt gt call ms suman lt gt телефонный интервью via indyarockscom
0,дать это мочь отправить свой резюме это удостоверение личность
0,знать lt gt это около
0,закончить c ü
0,забыть спросить алекс пицца
0,тодея забыть
0,ола вернуться мочь сегодня сказать мочь прямой ссылка сша получение автомобиль который предлагать онлайн организовать доставка получать сокращение партнёрство инвестировать деньга доставка заботиться остальной u
0,fwiw причина который находить
0,привет мальчик сделать это домой постоянный мысль любовь надеяться хороший визит мочь дождаться пока вернуться поцелуй
0,поздравлять кано угощение
0,говорить
0,ага
0,
0,просыпаться делать поднимать поздний обряд принимать sq достигать ard smth dat мочь проверить время прибытие c ya скоро
0,юньня идти сити линк быстрый спуститься очень голодный
0,э э э э реквизит
0,привет платить деньга счёт спасибо получить приятный сюрприз проверить свой баланс e c получать заявление acc
1,выиграть nokia плюс бесплатный цифровой камера это получать выиграть наш бесплатный аукцион принять участие отправить nokia poboxtcrw
0,около прислать lt decimal gt
0,богогор должный великолепный это время год
0,офис
0,извинить позвонить поздний
0,отец джа джон джон имя отец джа мандать
0,спрашивать abt e фильм u wan ktv oso
0,неуместно ваш номер отправлять текст ваш старый номер интересно почему слышать это год весь хороший ваш mcat получить номер друг атланта
0,извинить позвонить поздний
0,знать лей мочь съесть свой свобода ждать ü lar
0,извинить позвонить поздний
1,бесплатный вход наш еженедельный комплекс размер фунт стерлинг t c wwwtxttowincouk
0,сказать это медленно бог любить amp нужный очистить сердце твой кровь получить это десять особый человек amp u c miracle завтра сделать это пожалуйста пожалуйста сделать это
0,отправлять файл компьютер
0,ммммм любить просыпаться твой слово сегодня утром скучать любовь надеяться ваш день пройти счастливый ждать снова вместе
0,джей говорить встать gt
0,мочь просто зайти секунда хотеть увидеть
0,солнце это лекарство сон
0,происходить получить работа начать регистрация постоянный место жительство
0,
0,рад всё пройти приходить год достаточно время прежде клэр уйти работа
0,около наслаждаться дом
0,мочь пожалуйста прислать письмо знать родственник который приезжать всё знать затрата риска льгота весь остальной спасибо
0,делать нравиться
0,это объединить n c
0,ежемесячный сумма ужасный платить месяц окончание школа
0,хммм сколько игрок выбрать
0,сказать это снег начаться около час вечер предсказывать дюйм накопление
0,мочь прислать плюс режим
0,аййо пожалуйста время мех
0,упаковать всё ваш программа
0,наш сестра принадлежать наш семья надеяться завтра молиться обречение го инцидент поезд шоранур давать держать рука вместе amp подпитываться любовь amp озаботиться предыдущий гора amp боль pls присоединяться dis cane amp пройти остановить насилие отношение женщина
0,ребята просить снова получить тапочки уйти прошлый год
0,компания очень хороший окружающий среда потрясать еда действительно хороший
1,text получить большой рингтон логотип игра wwwtxtcom вопрос infotxtcouk
0,честно говорить сделать прекрасный чашка чай быстро бросить свой ключ затем сжечь палец вытащить
0,изучать сёрфинг лор сегодня ленивый режим
0,пожалуйста sen добрый совет пожалуйста приходить сюда попробовать
0,задолбаться c ü
0,сегодня вечером
0,ü дать время ходить туда
0,добраться минута около
1,freemsg получить бесплатный минь цифровой камера просто ответить собрать свой приз quizclub отказаться stop pwk sp rwm ph
0,черта детка случиться почему вернуться
1,это сообщение передаваться gmw ltd связать
0,некоторый друг хотеть водить нибыть вероятно занять время
0,слишком быстро xy предлагать всё порядок пойти дождь получить gd
0,всё ещё получать товар
0,мочь несколько пресс
0,оставить мочь ish
0,kk порядок закончить курс
0,море лежать камень скала конверт конверт бумага бумага слово
0,сказать следующий неделя dr appt думать умереть сказать это просто чек беспокоиться слушать
0,свой комната нужно несколько
0,хотеть слышать
0,привет пятница отпуск подождать спросить свой начальник сказать
0,конечный итог
0,время работа
0,волноваться закончить март иш
0,дом находиться вода док
1,поздравлять мобильный g видеофон r your позвонить videochat vid ur mates играть игра java dload polyph music noline rentl bx ip p
1,ваш следующий удивительный видео xxx picsfree отправить наслаждаться vid недостаточно дневный текст вернуть ключевой слово picsfree получить следующий видео
0,это испортить ваш диссертация
0,sch разум й лор
0,эй жизнь спать всё утро
0,торм думать контракт закончиться октябрь
0,знать давать изучить пилатёс
1,подписать хороший сервис мобильный контент великобритания фунт стерлинг десять день пока отправить остановка hellpline
0,уточнять аспект безопасность некоторый проблема
1,бесплатный текст таро узнать свой личный жизнь попробовать бесплатно текст шанс бесплатно msgs фунт стерлинг каждый
0,goodmorning сегодня опоздать час
0,привет день рождение привет привет привет привет привет
0,предел офис взять всё оттуда
0,отвечать imma предположим всё ещё спать imma начинать звонить дерьмо
0,aight увидеться немного
0,превосходный рассказ пятница уходить весь отдел кроме наш это оставить позвонить вахид фатима hr соответствовать
1,присоединяться рогов служба великобритания мочь заняться секс nite просто зарегистрироваться следовать инструкция txt вход nytecalpmsgp
0,лола должный взять это член сказать тётя посещать течение месяц это разработать киста яичниковый bc единственный способ уменьшить
0,всё ещё продолжаться работа это очень маленький дом
0,друг прийти сюда говорить увеличивать свой заказ несколько грамм lt gt сюда попасть
0,tmr timin прежний самый получить урок
0,это вещь обезьяна мочь сражаться смерть сохранить минута отпустить всё
1,sunshine quiz wkly q выиграть хороший dvd игрок sony знать страна ливерпуль сыграть середина неделя txt ansr sp tyrone
0,смочь слишком поздно уведомление всё равно дом несколько неделя план
0,получить fujitsu ibm hp toshiba получить модель сказать
0,ока спасибо
0,черта взять боль сангроза хороший приехать
0,обычно ама лайта счастливый amp всё
0,ока
0,получить доступ rimac
0,arestaurant et squid выйти около хотеть нибыть это поздно
0,звонить время работа сегодня около умма просить ускорить
0,здравствуйте ucall wen u закончить wrki fany within wiv u all tonite нужный перерыв dabooks сделать час последний сегодня wrk
0,r u sam p друг друг встретиться смочь пойти дом
0,ага ржа мочь счастие главный роль
0,привет мадам
0,потрясающе написать пополнить
0,обычно ама лайта счастливый amp всё
1,knock txt txt чей войти r еженедельный розыгрыш a gift voucher t cs wwwtklscom age остановка неделя
0,это всё невинный веселие o
0,спасибо отправить вопрос умственный способность
0,сэр надеяться ваш день пройти гладко действительно надеяться прийтись беспокоить несколько счёт который мочь урегулировать это месяц вне весь дополнительный деньга знать это сложный время должный сообщить
0,удар сравнить lt gt ага
0,ходить ур хон лаборатория никто
0,мочь выбрать телефон прямо пожалуйста отправить сообщение
0,привет pple доллар ночь отличный местоположение wif lawgeforge raber
1,hi это ваш предупреждение обмен сообщение обмен сообщение почтовый ящик матч пожалуйста перезвонить телефон получить ваш сообщение соответствовать ccpmin
0,почему
0,ржа мочь плохо спасибо это дом это настоящий проверка реальность твой день нибыть сделать веб сайт
0,около лор
0,приходить домой ужин
0,s daal r выше lt gt
1,бесплатный тон ринг просто текст полис затем каждый неделя получать новый тон yrs фунт стерлинговнеделя
0,унни спасибо дорога перезарядка ракхеш
0,знать хватать большинство деталь драмасторм больший часть беспокоиться это
0,ха ха мочь разгар tmr ха ха
0,привет рад хороший слышать относиться дигинга камера это уходить вечер удачный новый год c u coupla wks
0,вернуться туда
1,срочный ваш мобильный xxx выиграть приз абонент фунт стерлинг это второй попытка связаться позвонить скорее boxnqp ppm
0,сбивать сэр встреча
0,это любить слышать v увидеться воскресение
0,извинить тангам очень жаль задерживать прасад
0,tiwary rcbbattle банг коко
0,слава бог постель
0,рак мама делать больший сделка регулярный осмотр мазка
0,гоби искусствский колледж
0,почему хотеть поговорить
0,панди присоединиться w technologies сегодня работа
1,гарантировать последний телефон nokia гб ipod mp плеер приз размер фунт стерлинг txt word собрать ibhltd ldnwh pmtmsgrcvd
0,мочь попробовать мочь потеряться дело ти хи
0,привет поговорить maneesha v хотеть знать удовлетворить это опыт ответить бесплатно
0,друг называть самый
0,извинить позвонить поздний
0,эм olowoyey uscedu прекрасно провести время аргентина грустно секретарь всё это благословение
0,это s a a taxt massage tiepos argh ok лул
0,привет мочь получить a lt gt долларовый кредит ill заплатить середина февраль плс
0,возможно захотеть вытащить большой всякий случай просто планировать тратить смочь уверенный управление дерек тейлор
0,нравиться встряхнуть свой добыча танцпол
0,написать выйти звонить телефон возникать проблема
0,большой необходимость препарат
0,извинить da думать lil занятый позвонить полдень
0,сарказм
0,большой должный бегать ttyl
0,хотеть снова попробовать кадить v
0,dai lt gt наала эрука
0,ещё чикк
0,
0,хотеть пообедать сегодня
0,знать папа вернуться
1,привет дорогой сегодня хотеть поболтать почему сказать выглядеть сексуальный
1,бесплатно й неделя nokia tone ur mob каждый неделя txt nokia получить txting рассказать свой товарищ wwwgetzedcouk pobox w wq norm ptone
0,оставаться брат среди брат
0,встречать da ge nite tmr
0,хороший день впечатляющий разумный пойти домой рано чувствовать просто скучно мочь вспомнить
0,почему де выглядеть
1,хотеть уложить nite хотеть реальный место подрыв отправить прямо ur mobile присоединяться крупный великобритания сеть полязковы txt park нью йорк eca lp msg
1,попытаться связаться ответ наш предложение новый nokia fone camcorder получить ответный ответ позвонить номер доставка
0,ответить почта собираться офис управление поздний плюс банк поздний среда
0,это круто прийти lt gt иш
0,super msg da наллай время
0,добрый день мальчик сегодня чувствовать хороший надеяться хороший мальчик послушный раб пожелать свой королева
0,фут хороший комбинация
0,больной нуждаться хотеть надутый топать нога надувание топать нога хотеть свой раб хотеть
0,поезд обратно нортгемптон бояться
0,abj служить оставаться папа одиночество
0,игра дверь playng gt racing телефон lol
1,новый тон неделя включать mcflyall ab сара хорхешок уилла смитшитч заказать следующий инструкция следующий сообщение
0,решить дело мужчина найти убить decimal gt поле lt gt полдень жена позвонить полиция полиция допросить весь жена сэр спасть произойти убийство cook готовить garderer выбирать овощ дом пойти d почтовый отделение кидка послать игра отделать послать брак полиция немедленно арестовать убийца это ответить разум блестящий
0,автобус da идти домой
0,позвонить стационарный номер поле поле просить приехать анна нагар поле поле пойти день
0,порядок погоня мечта делать далёкий
0,юпз орести забронировать слот выходной ляо
1,срочный пытаться связаться u сегодняшний рисунок который выиграть гарантировать гарантировать призовой сумма размер фунт стерлинг позвонить земля претензия c действительно час
0,модель sony ericson также der lt gt это лукс хороший забыть модла
0,ока
0,знать сырный песня frosty the snowman
0,около vikky vl c witin lt gt минс ил ответ
1,поклонник спорт получить последний спортивный новость str ur mobile wk free бесплатный tone txt sport wwwgetzedcouk norm txtp
0,привет tmr встреча bugis
1,срочно срочно бесплатный рейс европа раздать позвонить b сентябрь взять друг бесплатно позвонить претендовать bannfwflyppm
0,всё красивый новый рубашка единственный мочь носить это нудистский тематический _ му
0,эй сексуальный булочка это день слово сегодня утром ym думать
0,всякий видеть всё ещё мочь подключиться
0,идти домой идти накачать бензин лор скоро идти дождь
0,мочь использовать иностранный марка отправить
1,потерять фунт стерлинг
0,детка дом почему новый фотография facebook
0,февраль lt gt день любить отправить dis всё ur valued frnds вернуться замужем человек любить проигнорировать потерять свой luv evr
0,привет извинить иметь сигнал видеть слышать необычно постановлюся дело заставить разобраться объятие обнурания
0,omw обратно тамп west palm слышать случиться
0,большой спасибо печать передача
1,freemsg хотеть флирт дата ответ присоединяться наиболее быстро расти служба мобильный знакомство uks msgs rcvd весь пенс отказаться остановка txt ответить дата
0,иметь вид это выходить всё закончиться говориться мочь посмотреть столько фильм сколько захотеть
0,s взять таблетка реакция утро
1,отличный новый предложение double mins double txt хороший апельсиновый тариф получение последний телефон камера бесплатно позвонить mobileupd бесплатно stoptxt t cs
0,вечный dd
0,извинить де пойти магазин
1,надеяться понравиться ваш новый контент текст останавливаться отписаться помощь p предоставить tonesyoucouk
0,любить черта взять разгневаться относиться серьёзно злиться это самый детский правдивый способ проявить глубокий привязанность заботиться luv kettoda manda хороший день
0,эй всё ещё хотеть пойти йогасан закончить кан
0,ездить невый разработать фото лей
0,думать спуститься рег урок практический практика бросить свой аванс ха ха время собираться
0,прохладный lt gt дюйм длина надеяться понравиться
0,домашняяубийца мужчина убить lt gt январь качество государственный праздник всё правительство внедрение закрытый число почтовый отделение понять
0,ока спасибо
1,день начало euro информироваться весь последний новость результат ежедневно отправить подпись отправить euro stop
0,идти купить джуза купить добраться туда
0,около лор
0,работать технический поддержка голосовой процесс
0,это justbeen overa week пора расстаться наш мозг собираться заглушить
0,тунд дело это просто желать отличный день абиол
0,c ü
0,сделать медицинский миссия нигерия
0,фильм ноутбук
0,хотеть спать
1,срочно позвонить телефон стационарный линия фунт стерлинг роскошь канарский остров награда t cs sae maq млрд
1,срочный пожалуйста позвонить телефон ваш стационарный линия ваш бесплатный lux costa del sol holiday фунт стерлинг ppm sae t cs джеймс ehrr
0,лей следующий пн
0,мм чувствовать сонный сегодня получить дорогой
0,сметь глупый сказать слушайте поговорить
0,бен собираться
0,мочь момент провести встреча mag
0,иметь вид средний левый правый
0,действительно разбить обниматься свой диван
0,привет чача попытаться позвонить состояние связаться пл дать пропустить кал
0,отправить цена иметь вид lt gt г
0,бузить
0,мочь
1,знать знать отправить чат давать найти друг друг pmsg rcvd hgsuitelandsrowwjhl ldn год старший
0,работать кольцо целый дом кричащий чертовый вытаскивать свой волос любить
0,семья отвечать комната пойти домой дивалить никто позвонить почему прийти это заставлять чувствовать смерть
0,тик тик тик детка
0,r ü сегодня сегодняшний день
0,k da сколько страница хотеть
0,
0,отправить номер дать ответ завтра утром почему сказать это
0,сказать проблема дать знать
0,сказать половина чсс приходить нужно подготовиться
0,играть компьютер айя ток
0,сила верно спасибо
0,дрэк ещё плохой чувак который хотеть повеселиться чувак который подавать жалоба наркоман который жить
0,около китайский еда свой путь толля платить липо
0,снаружи
0,хороший поездка остерегаться помнить вернуться должный решить пасха
0,эй смотреть фильм netflix
0,сколько время выходить вероятность около
0,мех thgt некоторый столкнуться действительно разум видеть потерять вес дело
0,знать это неправильный звонок
0,уверенный насчёт ночной меню поле поле знать полуденье меню
0,день день рождение arr хотеть получить большой оскар
0,сказать это медленно бог любить amp нужный очистить сердце твой кровь получить это десять особый человек amp u c miracle завтра сделать это пожалуйста пожалуйста сделать это
0,открыть ребтель firefox загружаться просто поместить плюс подпись местополосный место пользователь показать номер низкий номер номер выбрать номер pin код отобразиться порядок
0,поднять разный точка
1,женатый местный женщина искать осторожный действие настоящий матч мгновенно ваш телефон текстовый совпадение msg стоимость p stop txt stop bcmsfwcnxx
0,вау v v впечатлить побавлюся магазин
0,путь твой дом
1,burger king хотеть сыграть первый стадион получить burger king сентябрь идти больший супер cocacola выходить победитель
0,проблема поговорить поздний
0,ура сестрёнка
0,всё ещё место клиент
1,почему ребёнок который бояться темнота стать подросток который хотеть остаться весь ночь
0,чувак телугу
0,подтверждать еда esplanade
0,отправить свой идентификатор пароль
0,вроде взять гараж центральный часть выхлопной потребность нуждаться замена частично заказать n принять исправить утро томый
1,ваш шанс выиграть фунт стерлинг каждый wk txt действие ts cs wwwmovietriviatv custcare xpwk
0,мочь прийти
0,вскоре уходить получать весь минута день
0,наиболее вероятно называться миттельшмерц google это парацетамол волноваться это пойти
0,прямо прийтись встать проверить сегодняшний продажа паровмочить написать хотеть прийти
0,прибыть увидеться пара день
0,инцидент
0,получить ограничение
0,cthen i thk shd b enuff всё ещё получить заключение
0,забыть нужно год извинить свой телефон
0,ü заставить вата купить рассказать затем нужно снова войти
0,большой бог принести успех
1,бин присудить фунт стерлинг сыграть мгновенный деньга позвонить претендовать каждый й игрок выигрывать мина optout
0,оставаться дополнительный неделя вернуться следующий среда делать регби выходной привет скоро
0,всё ещё немного остаться ребята хотеть сегодня вечером
0,это кампус библиотека
0,аффидевит говорить lt gt e twiggs st division g courtroom lt gt lt время gt являться дважды проверить написать снова завтра
0,ползть _
0,рассказать свой друг планировать делать день святой валентина lt url gt
0,добраться твой десять миллиард звонок текст помочь бог
0,чистота дружба улыбка прочтение перенаправить послание это улыбка просто увидеть имя gud evng musthu
0,сказать вернуть это должный заказать это
0,домашняяубийца мужчина убить lt gt январь государственный праздник всё правительство
0,зависеть идти
0,улыбнуться прямо пойти мир удивляться улыбаться думать сумасшедший держаться далёкий уплотняться
1,freemsg любимый рождественский тон ответить настоящий
0,lil fever
0,думать всё ещё машина
0,мочь
1,декабрь ваш мобильный метр иметь право обновление последний цветной камера мобильный телефон бесплатно позвонить мобильный обновление co бесплатно
0,принцесса хотеть поймать свой больший сильный рука
0,забыть мочь взять покупка одновременно
0,мм попросить звонить радио
0,думать это лекарство это
0,сказать это медленно бог любить amp нужный очистить сердце твой кровь получить это десять особый человек amp u c miracle завтра сделать это пожалуйста пожалуйста сделать это
0,наслаждаться душ налитой любимый bcoz это мир ложь это золотой подарок настоящий любимый
0,уверенный дать знать уйти
0,некоторый длиться целый час мочь повезти
0,гений случиться твой брат пожалуйста отправить свой номер скайп
1,gr poly tones all mobs direct u rply титул poly например poly beatch название crazyin sleepwith finest ymca getzedcouk poboxowwq p
0,некоторый находить wtc слишком далеко вейя уходить e rest i no dunno r ur ur in nunice den мочь присоединиться
0,забывать владеть частный собственность хороший мальчик страстный поцелуй
1,interflora ещё поздно заказать цветок interflora рождественский звонок разместить заказ полуночь завтра
0,бог набрать зуб это больно
1,romcapspam всё вокруг должный реагировать ваш присутствие тёплый общительный делать настоящий дыхание солнечный свет
0,попросить даррен идти выбрать осо сьяна тмр хаф встречать лекция
0,нужно покупать обед maggi mee
1,поздравлять благодаря хороший друг выиграть рождественский приз фунт стерлинг утверждение легко просто позвонить номер пенс минута btnationalrate
0,около лор
0,верно позаботиться выполнять работа течение день сегодня действительно неприятный кашель это сухой n выстрел это действительно помочь
0,жена знать время убийство точно
1,отправить логотип ураит имя соединить сердце txt love name name mobno например любовь адам ева yahoo poboxwwq txtno no ads p
0,how это рассказ человек
0,спасибо отправить домой
0,это обычно горячий почта видеть
1,выиграть tkts финал кубок euro фунт стерлинг собрать звонок b pobox ppm
0,больной всё ещё мочь пойти магазин
0,порядок bbd pooja полный прыщ становиться довольно чёрный слишком холодно носить sweatter
0,nicenice это работать
0,досягаемость позвонить
0,пытаться найти китайский продуктовый место
0,лёгкий приятель угадать быстрый напиток немного амбициозный
0,детка miiiiiiissssssssss нужный жажда ладный грустно детка любить
0,около спасибо
0,аатить дорогой
0,тунджа королева дело это просто желать отличный день абиол
0,сегодня день жёлтый роза любить frndship дать misscall amp отправить это ur frndz amp посмотреть сколько звонить получить missed жениться твой любовник
0,вне класс несколько час извинить
0,закончить твой лекция сегодня
1,freemessage jamster получить сумасшедший лягушка звук poly text mad настоящий текст mad сумасшедший звук весь фунт неделя t c применяться
0,печальный история человек прошлый неделя день жена пожелать родитель забыть n ребёнок пойти работа коллега хотеть войти свой каюта pa сказать счастливый босс день чувствовать особенный спросить обед обед пригласить свой квартира послать туда сказать возражать пойти спальня минута ok сдаться сексуальный настроение выйти минута лата пирог жена родитель ребёнок друг коллега всё кричать сюрприз ждать диван голый
1,ваш шанс реальность fantasy show show shall now пенс мина ntt ltd po box croydon cr wb это национальный ставка
0,порядок приятно слышать дело дорогой новый год
0,собираться сегодня интервью wipro
0,рост принцесса
0,сомневаться мочь справиться ночь любой случай
0,ха ха надеяться ü мочь услышать звук квитанция удача
0,смерть оставить записка который говориться всё вино грабить отомстить
0,японский пословица это сделать мочь это сделать никто мочь это сделать должный сделать это индийский версия это сделать пусть сделать это никто мочь это сделать оставить это версия керала это сделать остановить делать никто мочь сделать это сделать удар повод
0,сегодня работать бесплатно осо дело
0,жизнь сталкиваться выбор просто бросать монета речь идти вопрос время монета воздух узнать надеяться ваш сердце gudni
0,знать почему бог создать разрыв ваш палец создать приходить amp заполнять пробел держать рука любовь
0,хотеть поцеловать почувствовать рядом
0,довольный говорить делать
1,взрослый контент ваш видео близкий время
0,это прекрасно уверенный подумать хотеть сделать выпить танцевать кинематографист wot
0,говорить сказать нора знать вероятно просто беспокоиться
0,говорить привет вернуть ваш задница южный тамп желательно кеггера
0,смит тратить впустую хотеть гейл
0,мама отправить сообщение пора попасть сюда просто хотеть знать дело получать наслаждаться остальной часть день
0,aight завтра вокруг lt gt это
0,домашняяубийца мужчина убить lt gt январь качество государственный праздник всё правительство внедрение закрытый число почтовый отделение понять
1,ваш шанс реальность fantasy show call now пенс мина ntt ltd po box croydon cr wb это национальный ставка
0,дело это сделать впервые время ложиться спать вскоре поговорить проснуться пройти твой ночь
0,увидеться
0,понимать твой сообщение
0,распестой это c должный сказать ранее
0,знать продолжать говорить переехать продолжать охватывать голова свобода против ответственность устать дерьмо справиться едва дерзить вместе это добавить
0,черта взять сидар ки трахнуть всё равно идти хотя
0,двадцать последний пять сказать поезд дарем находиться зарезервированный место
1,привет мальчик хотеть горячий xxx фото отправить direct ur phone txt порно час бесплатно затем весь пенс день остановить текст stopbcm sf wcnxx
0,всё ещё рисовать свой стена
1,последний шанс требование вау варосный ваучер сид большой текстовый магазин савамоб предлагать мобильный t cs savamob pobox muz фунт стерлинг
0,принтер крутой иметь вид гнойный вино наносить канавка
0,аренда hi harish перевести ur acnt
0,нибыть прийти
0,cbe действительно хороший настоящий время
0,ü всё ещё посещать разговор
0,проблема дорогой делать мо
0,k позаботиться это
0,понимать телефон пятница мочь предположить это это год
0,батарея низкий детка
0,shuhui купить подарок рон это часы swatch
0,остаться немного закануся завтра встача
0,детка сказать час это ваш интернет падать
0,k обязательно вставать полдень посмотреть
0,k k вчера cbe
0,пойти магазин платье ganesh
1,pdate_now двойной минута txt апельсиновый тариф последний motorola sonyericsson nokia bluetooth бесплатно call mobileupd телефон calloptout yhl
0,ü сбор ваш ноутбук затем собираться настроить настройка da izzit
0,домой
0,aight должный вероятно близкий джей тайлера вниз должный просто совершить поездка
0,приходить aftr lt decimal gt убирать дом
1,ваш денежный баланс настоящий время составлять фунтовчтоба максимизировать ur cashin отправить деньга pmsg cc po box tcrw
0,билл нибыть письмо ожидать orange который являться счёт всё ещё мочь сказать апельсин
0,сказать па боль де
0,привет дорогой надеяться хороший ночь хотеть мочь дождаться увидеть любить фрэн пс хотеть грязный анальный секс хотеть банда мужчина
0,ха знать сделать умный простой вещь груша день идеально подходящий рождество
0,черта взять проснуться сладкое утренний приветствовать наслаждаться день полный радость gud mrng
0,альрита
0,почему должный сидеть ждать летний день отпраздновать волшебный зрелище мир одетый белый оооооо пусть снег
1,срочный ваш номер мобильный телефон наградить гарантировать приз фунт стерлинг позвонить земля требование действительно час
0,ребята ходить посмотреть фильм ваш сторона
0,извинить встреча позвонить поздний
0,нужно сказать это думать плюс остановить всё ваш пробежка
0,любезно отправить нибыть наш квартира ранний lt decimal gt сегодня
1,извинить ещё мочь отписаться пакет mob presest иметь мина срок неделя pls запрос повторный порядок истечение срок действие ответить themob помощь подробный
0,лор немного скучно идти домой рано сон сегодня
0,время должный сказать свой друг рядом
0,это любить безопасность
0,спасибо чикк gud nyt
0,xy ваш машина поднимать
0,спасибо время который потратить geva мятый ребёнок всё хотеть это xxxx
0,эй мочь нибыть забрать сегодня вечером
0,отправить это мочь прислать
0,просто сидеть
0,божий дар птица человек иметь естественный дар бог
0,приходить день занятие
0,задолбаться просто изучение библиотека
0,нравиться твой шоу
0,чтолибо
0,ребёнок мысль разбивать хотеть сойти ум каждый буйный нуждаться свой леди xxxxxxxx
0,вата дорога спать
0,привет тест lt gt rd
0,студент решить вопрос cat xam lt gt lt gt lt gt сказать ответ блестящий thingi получить d ответ
0,йо знать нибыть gt противный случай купить ликёр наш парень сложиться прямо получить это весь лишь локо весь ночь
0,френать встречаться свой безумный
0,выстроить
0,перестать задаваться вопрос ух нибыть остановить твой захотеть смеяться
0,лола сделать это вчера получить свой камин это просто ещё иконка сидеть
0,эй забронировать урок пилатёс йога ха ха
0,порядок случиться это
1,новый сообщение пожалуйста позвонить телефон
0,руководитель найти получить ученик ещё спрашивать сказать спрашивать
0,привет новость работа заставлять ждать пятый неделя готовый некоторый ухам ласка эксетер всё ещё дом около
0,сообщение ответ случиться
1,настоящий время сообщение ожидать ваш коллекция собрать ваш сообщение позвонить телефон
0,эй детка извинить стать ранний гэри мочь прийти исправить это думать знать это заходить ptbo говорить это стоить gt бакс знать мочь дешёвый никакой подержать машина дать знать хотеть сделать детка
0,сделать это трахаться х
0,оставить это невежественный
0,sch пт довольно рано mys sis бумага da morn
0,bruce b downs amp флетчер
0,сказать проснуться
0,эй свободный мочь позвонить
0,сказать это пожалуйста
1,срочный ваш мобильный телефон получить приз размер фунт стерлинг наш последний попытка связаться звонить
0,думать возможно прийтись пропустить преподавать двенадцать год затем проходить лекция двое черта взять это рабочий дело
0,должный проверить остаться весь миска
0,сладость
0,всё ещё уютный измотать прошлый ночь nobody пойти школа работа всё закрытый
1,секретный поклонник раскрыть думать особенный позвонить номер отказаться ответ выявить остановка msg recd cust care
0,узло ухмыляться гул твой задница гудеть грудь гул свой член держать свой телефон вибратор включить чувствовать это дрожать
0,сэр отправить группа почта проверить это
0,делать da intro охватывать энергетический тенденция минус краткий описание ядерный слияние n oso краткий история iter n jet получить n later pages
0,нигде мочь дискритировать дерьмовый
0,знать джабо аби
1,нибыть замечать ехать нибыть идти медленный идиот всё ехать быстрый маньяк
0,ещё иметь тётушка сапный манеж хогдхэ полный слабый чёрный агидхан свальп
0,порядок детка
0,neft transaction контрольный номер lt gt рупия lt decimal gt зачислить учётный запись бенефициар lt gt at lt время gt lt gt
0,основное спортивный тип lyk footbl crckt
0,ma head dey swell oh спасибо сделать день
0,должный составить список фб
0,высота уверенность всё профессор аэронавтика calld amp просить сидеть самолёт сидеть сказать самолёт сделать ученик dey all выйти d самолёт bt двигаться сказать это сделать ученик это начать доверие датец
0,сарри просто нужный тим болкс это очень больно поэтому менять
0,новый год принцесса
0,написать карлос дать знать держаться
0,волноваться легко иметь ингредиент
0,любить маленький поэо колокол жаль любить
0,около ом кастор
0,ярый лор продолжать дождь остановка выходить место
1,рождественский предложение последний motorola sonyericsson nokia free bluetooth dvd двойной минута txt orange call mobileupd телефон calloptoutqf
0,иметь вид сделать готовый спать собираться вздремнуть посылать ляо поднимать ard smth lor
0,чудо мир й й стиль й твой улыбка личность природа й ур смс й твой прекрасный дружба добрый утро дорога
0,сегодня вечером это
0,съесть обед сеньор
0,сказать правильный хихиканье увидеть снова возможно стать первый человек die nvq подумать сколько мочь
0,время перерыв выходить получать свой вещь флэк
1,ответить выиграть фунт стерлинг неделя профессиональный вид спорт играть тайгера вудс отправить остановка закончить обслуживание
0,видеть видеть мочь следовать перезагрузить ym видеть гул
0,ещё шлифовальный шлифовальный отверстие
1,полифонический тон ур толпа каждый неделя просто txt pt й тон тон взять txtin рассказать свой друг pтон ответ hl info
0,любовь это решение это чувство мочь решить любить жизнь намного простой менее волшебно
1,hot live fantasies call now p мина ntt ltd po box croydon cr wb это национальный звонок
0,увидеть
0,составлять список покупатель
0,знать думать разобраться час должный уйти обычно никто заинтересованный выяснить дерьмо последний секунда
0,мм уверенный понять текст эй хо выходной
0,выпустить рубашка vday накладывать делать ваш дно наполовину обнажённый белый нижний бельё
0,дон знать смотреть фильм компьютер
0,b четверг
0,твой телефон позвонить отключить
0,id onluy иметь значение
1,это сообщение бесплатно добро пожаловать новый улучшить клуб секс поднятие отказаться подписка служба ответ остановка msgsp
0,отлично посмотреть план райли
0,увидеть полчаса
1,выиграть tkts финал кубок euro фунт стерлинг собрать звонок b pobox ppm
0,эв
0,также привет уэсли
0,ах видеть должный жаргон дать знать земля это закончить это сделать
1,кредит любой цель фунт стерлинг домовладелец арендатор приветствоваться ранее отказаться всё ещё мочь помочь позвонить бесплатно отправить сообщение помощь
1,update_now mths половина цена аренда апельсин минута call mobileupd телефон calloptout jq
0,представить жизнь видеть быстро искать волноваться lm беспокоить goodnoon
0,hm добрый утро головной боль нибыть
0,проблема прошлый ночь явно догонять говорить скоро
1,бесплатный неограниченный хардкорный порно прямой мобильный порно txt получить бесплатный доступ течение час затем chrgdp день txt stop exit msg бесплатный
0,мочь пойти sch ярый e salon v boring
0,lt gt минс прийтись остановиться первый очередь
0,lt gt быстро приближаться итак желать счастливый новый год счастливый санкранти счастливый день республика счастливый день святой валентина счастливый шивратереть счастливый угади счастливый день дурак счастливый день май счастливый день независимость счастливый дружба мать отец учитель день ребёнок амп день рождение u праздник ganesh happy dasara счастливый дивалить счастливый рождество lt gt добрый утро обед вечер вечер помнить первый пожелать всё это твой радж
0,радость жизнь просыпаться каждый день мысль дело достаточно достаточно тёплый утренний приветствие
0,получить второй половина это сообщение
0,время встретить поздний
0,очень благодарить всё делать самоотверженность любить
0,кино позвонить поздний
0,посметь изменить кольцо
0,очень очень очень очень плохой девушка леди
0,любить постараться хороший сдать свой деньга детка гэри волноваться знать
0,часть инициатива понимать
0,закончить обед просыпаться
0,всё ещё игра
0,вырасти тратить
0,каковой ваш запись ночь
0,также сэр отправить электронный письмо войти платёжный портал usc ill отправить ещё сообщение который должный объяснить всё вернуться домой удачный выходной
0,собираться дать знать день прийти бак праздник идти gettext номер
0,jokin lar зависеть телефон отец мочь получить lor
0,aight знать случиться
0,готовый lt gt дюйм удовольствие
0,раджа плс сделать одолжение пожалуйста передавать пожелание день рождение нимья плс сегодня день рождение
0,чувствовать джон леннон
0,даррен сказать рассмотреть спрашивать
0,беспокоить должный доверять ответ плс
0,желать ваш семья весело x mas новый год заранее
0,однажды морской берег бегать краб волна прислать очистить след краб крэб спросить фрндом очищать прекрасный след волна ответить лиса следить ваш след поймать очистить frndsship позволять dwn gud nyt
0,время хотеть прийти
0,slaaaaave должный призывать всё время всё время большой хотеть прийти самостоятельно
0,ваш счёт фунт стерлинг это неплохо
0,дать знать это измениться следующий час это мочь приложение выйти это возрастной диапазон однако это невозможно просто расслабиться дать знать час
0,здравствуйте выйти ванна должный сделать волос прийти закончить
0,погода
0,однако дело h m пятница мочь дождаться знать черта взять собираться сделать ещё неделя стать неряшка ох подождать сделать это
0,умереть снова e toot fringe
0,lol знать потрясать телефон мочь нажать delete прямо захотеть
0,
0,потрясать вопрос милый ответ спросить мальчик твой жизнь поле поле улыбнуться amp ответить поле порядок гуднит
0,пожалуйста оставить тема рассказать это
0,пожалуйста прислать правильный имя
0,случиться наш свидание
1,eastenders tv quiz цвет дот сравниваться d фиалка e tulip f lily txt d e f шанс выиграть фунт стерлинг wkentp
0,веб страница s недоступный
0,просто проснуться это поздно заснуть gt являться
1,отписать всё услуга получить тонна сексуальный малыш ханк прямо телефон перейти подписка
0,уважаемый всё знать lt gt th lt gt день рождение наш любящий гопалеттать планировать сделать небольшой подарок день любить участвовать это добро пожаловать пожалуйста связаться наш команда администратор получение подробный информация
0,kk завтрашний день начаться ах
0,говорить рано утром это полдень
0,отлично помнить
1,привет детка это джордан дом граница одинокий написать обратно хотеть поговорить xxsp visionsmscom текстовый остановка остановить p
0,сколько следовать купить
0,звучать держать курс
1,получить совершенно новый мобильный телефон агент толпа плюс большой вкусность получение дополнительный информация просто написать
0,итак апрель мочь дождаться
0,мальчик хороший весь задница
0,ай ван встречаться sat ü wkg sat
0,прийтись подождать автобус выбрать
0,помимо сказать вчера
0,около лор купить вата
0,должный пойти андрос украсть лёд
0,дон знать недавно сделать
0,убрать магазин марк отвлечь исаий d
0,мама надеяться отличный день надеяться текст встретиться полный жизнь хороший день абиол
0,нога пенис смысл
0,думать эксперт
0,глубокий вздох скучать действительно удивлённый ещё пойти сетевой кафе добраться скучать
0,ss тонкий роль похожий сачин просто стоить должный ударить
0,удачный поездка индия принести свет весь проект весь повезти улыбаться пока абиол
0,очень важно всё обсуждать
0,kk насчёт ваш тренировочный процесс
0,около лор ned идти выпить a white return smth u wan отправить туда
0,автостоянка da
0,хотеть крепко держать заставлять увидеть насколько важный сильно значит насколько нужный жизнь
0,поэтому спросить энтони папа твой парень
0,wnevr ван luv vth книга кровать фальс luv vth me йена мадода навь прецоргинт намманный претсоврать важно алва gud eveb
0,сегоднявоскресение воскресеньепраздник работа
0,собираться принять ванна плохо поместить ключ окно
1,властелин кольцо возвращение король магазин ответить lotr июнь sance win lotr soundtrack cdstxtrate ответить остановиться конец txts
0,дорога беречь просто добираться дом мочь
0,staffsciencenusedusgphyhcmkteachingpc
0,эмигрировать это род мочь немного надежда
0,олола распечатать сообщение форум парень проблема который зафиксировать замена графический процессор надеяться игнорировать это
0,идти мама прямо провал стагвуд прямо винтерстоун налево холм витерс адрес lt gt
0,эй jp голодный мофо
0,это всё просто жутко безумно
0,чувствовать получать мсг
0,tessypls сделать одолжение пожалуйста передать пожелание день рождение нимья pls dnt забыть это сегодня день рождение шиджас
0,pathaya enketa maraikara pa
0,друг священник позвонить
0,паршивый бежать вернуться наполовину мёртвый хи
0,это сказать это плохо всё знать делать
0,напомнить несколько час
0,надеяться прийтись отправлять это сообщение арендный плата должный хватать это резерв полностью исчезнуть это кредит который нужный надеяться смочь баланс gt поле способ который мочь получить это середина март надеяться заплатить
0,привет новый год хотеть вторгаться мочь пожалуйста сообщить сколько плата обучение заплатить прошлый семестр сколько это семестр спасибо
0,привет хун ру это кстати порядок свидание парень который встретить walkabout должный встретиться близкий время всё остальной
0,лола собираться прошлый месяц обналичить немного уйти lt gt всякий случай собирать большой течение неделя объявить это блог
1,удача розыгрыш состояться февраль удача удаление отправить остановка служба клиент
0,коротко мило хороший человек пытаться доказать gud mrng
0,просто решить ещё
0,время ляо всё ещё
0,смотреть footie беспокоиться собираться взорвать это фил невилла
0,ждать ü автостоянка
0,дядя аббатство новый год абиол
0,бесплатно позвонить
0,говорить должный заказать тапочки должный заплатить возвращение
0,перестать знать
0,добрый вечер это роджер
0,небольшой проблема аукцион пендж спрашивать tiwary
1,бесплатный вход неделя получить шанс выиграть ipod txt pod получить вход std txt
0,говорить никто говорить угостить привет привет
0,дядя атланта желать ребята отличный семестр
1,й неделя бесплатно gr tones str u каждый неделя txt nokia классический тон nokia начинать polys nokiap polyp
0,приехать выбрать
0,это круто понравиться твой фотография очень сексуальный
0,черта взять поверить знать предварительно забронировать четверг поэтому снова отменить это должный уволить
0,ха ха хороший поздно либо мочь пройти мимо
0,заканчивать
1,lookatme спасибо покупка видеоклип lookatme зачислить пенс думать мочь сделать хороший почему отправить видео mmsto
0,запретить весь магазин b q весь жизнь это пиздовый orange dungerees подходить спросить хотеть настил итак получить первый удар
0,сообщение еда
0,идти спать надеяться смочь встретиться
0,вата делать некоторый человек дорогой это просто счастие который чувствовать встречать чувствовать чувствовать скучать дем
0,мочь сообщить подробность пятница узнать пт упомянуть китаец спасибо
0,право думать это
0,делать
0,ура лекция закончиться
1,сексуальный сексуальный сперма написать мокрый тёплый готовый порно собираться повеселиться msg бесплатный recd msgs p inc ндс отменить текстовый остановка
0,место клиент позвонить
0,ещё запланировать собираться присоединиться компания январь дать знать произойти это
0,мальчик любить grl хоголо мальчик золотой цепочка kodstini grl agalla boy ожерелие madstini grl agalla boy hogli mutai eerulli kodthini grl любить кано
0,ха ха слышать написать рядом
0,
0,дерьмо детка тас немного испортить
0,это поздно спокойный ночь завтра позвонить пойти сон ночь ночью
0,урага запланировать окден ханни р уин вк держать обновление countinlots loveme xxxxx
0,извинить встреча позвонить поздний
0,йо девочка звонить индия л
0,это плохой
1,hard live чат весь pmin выбрать свой девушка подключиться вживую позвонить дешёвый чат великобритания крупный живой сервис vu bcmwcnxx
0,пометить свой друг казаться считать свой друг
1,слышать u некоторый время позвонить грубый чат частный строка кончить wan c фотография помахать затем текстовый pix end отправить остановка sam xxx
0,
0,время помнить сегодня
0,шопинг приезжать
0,спасибо хороший тренироваться чувствовать подержать иначе
0,готовый вызов знать
0,сколько стоить корпус hdd ur
0,тайна решить открыть электронный почта прислать ещё партия милый
0,мочь описать повезти дело спать полдень
1,это второй пытаться связаться выиграть приз размер фунт стерлинг претендовать звонок b t csstop sms ppm
0,сегодня извинить либо злить нибыть плохо вводить причинить боль пожалуйста пожалуйста просто пощечиться bcoz это ваш вино основное
0,приветствие карта это время год
1,hot live fantasies call now пенс мина ntt ltd po box croydon cr wb k
0,человек видеть msg думать зависимый msging правый знать зависимый милый друг bslvyl
0,надеяться asus ppl делаться случайный образ
0,видеть facebook ржа мочь
0,мах забрать завтра
0,всё ещё otside leu приходить й заменить маг
0,всё ещё сантехник гаечный ключ который мочь одолжить
1,уважаемый держатель ваучер претендовать предложение неделя ваш компьютер пожалуйста перейти адрес ts cs применяться
0,это всё трудный
1,ур идти багамский остров callfreefone поговорить оператор прямой эфир претендовать либо багамский круиз размер фунт стерлинг весь отказаться txt x
0,ещё ждать обычно ü вернуться шардести
0,встреча позвонить
0,k k затем посмотреть несколько фильм
0,cinema plus drink appose tomo образование тридер отделение который очень нравиться мак
0,размер таблетка слон засушиться твой задница
0,человек казаться особенный первый взгляд лишь очень немногие остаться особенный ваш последний взгляд сохранять конец жизнь взять cr da
0,родитель ребёнок друг коллега всё кричать сюрприз ждать диван голый
0,знать juz askin получить карта получить скидка салон название чувство волос это это подстригать твой волос
0,добрый утро pookie pie лола надеяться разбудить
0,мочь проснуться трах это проблема
0,день рождение дорога больший количество любовь ракхеш нри
0,how это рассказ человек
1,это второй пробовать контакт выиграть фунтовый приз претензия легко позвонить пенс мина btnationalrate
0,x lt gt поле собираться получить это
0,привет нева беспокойство правда правда привести твой сердце это малый уникальный человек заслуживать спать крепко утро
1,yu присудить городской перерыв смочь выиграть летний покупка фунт стерлинг каждый неделя txt store skilgmetscswinawk age perwksub
0,твой бумага сегодня утро корма
0,лизать каждый капля также готовый использовать свой рот
0,ожидать всякий отправлять текст надеяться всё пойти томый
0,большой p diddy сосед приезжать зубной паста каждый утро
0,новенький номер использовать это
0,каждый каждый день выплюнуть человек учить канада аби просто сказать привет
0,lor изменить suntec приехать
0,видеть интернет магазин поэтому спросить
0,просто любопытно куз спросить заниматься
0,nicenice это работать
0,лор вау это отпустить ха ха сказать условие
0,ха ха надеяться потерять несколько кг понедельник хип хоп мочь пойти сад взвесить
0,хороший работать
0,немного погода коккунс дом
0,дом
0,это телефон самый странный автоматический правильный
0,ой телефон умереть знать это нравиться большой
0,спрашивать й вата встреча обед ден встреча мочь wan go mok da ge й затем подтвердить скорее
0,сказать возражать пойти спальня минута ok сдаться сексуальный настроение выйти минута лата торт жена
0,ах отлично провести время ньюкейосень открыть
0,получить развод ржа мочь
0,твой булавка
0,детка достаточно деньга забрать хлеб молоко вернуть это вернуться домой
0,хотеть снег это просто замерзать ветренный
1,срочный пытаться связаться u сегодняшний рисунок который выиграть гарантировать гарантировать приз размер фунт стерлинг позвонить земля претендовать y действительно час
0,приходить автобусный остановка махать lt десятичный gt
0,дон знать неделя собираться тирунелвать
0,детка обещать относиться биться заклад позаботиться
0,думать это похоже игра отель решать головоломка район
1,спасибо заказ рингтон ссылочный номер x ваш мобильный телефон взиматься ваш тон прибыть позвонить служба клиент
0,привет любовь дело день черта взять сегодня утром проснуться бросить свой камера дорога лестница всё порядок фус скучать
0,это должный боль
0,извинить тангам это ошибка
0,нужно ранний идти
0,подняться красный красный кровь кровь сердце сердце отправить это весь твой друг включая нравиться вернуться й бедный отношение u нужно немного поддержать u r frnd многие some luvs u молиться бог жениться попробовать
0,жена знать время убийство точно
1,шесть шанс выиграть деньга фунт txt csh отправить стоимость пенсовдеть день tsandc применить ответ hl информация
1,ваш денежный баланс настоящий время составлять фунтовчтоба максимизировать ur cashin отправить коллекция pmsg cc po box tcrw
0,чувствовать член продолжать спать твой текст сообщение facebook sup город
0,plm прийти путь
0,думать хотеть одиночество мочь просто появиться посмотреть это делать
0,высота переработка читать дважды человек тратить время зарабатывание деньга деньга тратить время время добрый утро продолжать улыбаться
0,comin
0,принцесса толедо
0,эйт написать вернуться му закановаться нужный нибыть получить дверь
0,рон сказать прри лех сказать дин тая фэн мочь сделать бронирование сказать подождать лор
0,хороший купальный костюм допускаться
0,порядок скоро закончиться весь хороший
0,симпатичный мысль дружба необходимость делиться каждый секрет твой близкие фрндом поделиться должный правда
0,отправить последний версия da project
0,добрый утро дорогой успешный день
0,пожалуйста принять день умолять изменить номер
0,squeeeeeze это рождественский объятие нравиться фндшп ден обнять получить милый любить повезти человек ненавидеть
0,это нормально ктоть спрашивать течь p
0,забавный факт никто преподавать вулкан извержение цунами возникать ураган показывать
0,собираться позвонить выходной wot
0,также отсоединить любой зажигалка который мочь найти
0,извинить мочь помочь
0,детка нужный твой совет
0,оставить около четыре
0,приходить медицинский колледж
0,k k это идти
0,мочь сделать лазание водка
0,привет это кейт мочь дать кольцо скорее xxx
0,человек тур думать делать прислать ваш любопытный сахар
0,сказать собираться прежде напиться
0,трахаться сообщить опоздать побудить услышать слово
1,поздравлять благодаря хороший друг выиграть рождественский приз фунт стерлинг утверждение легко просто позвонить пенс минута btnationalrate
0,искать оправдание город
0,всё ещё кофе френс френ
0,o shore садиться автобус
0,собираться получить deus ex
0,прислать ваш письмо против lt gt ночь
1,хотеть новый цветной телефон nokia i доставить бесплатный минута любой мобильный телефон бесплатный текст бесплатный ответ видеокамера позвонить номер
0,tap spile семь это паб газовый улица broad st by canal
0,около приходить выбирать энгина
0,почему хотеть рассказывать это почему коротко край последний время
0,raviyog периферийный устройство bhayandar east
0,k дело мочь встретиться sunoco говард это должный прямо путь
1,новый голосовой почта пожалуйста позвонить номер
0,луна прийти раскрасить ваш мечта звезда сделать музыкальный смс дать тёплый спокойный сон спокойный ночь
0,закончить получить тарелка остаток
0,большой спасибо
0,спешить домой больший задница повесить трубка свой последний абонент нужно еда готовый голодать спрашивать готовить
0,лола твой право диета каждый день всё равно обманывать должный жирный
0,это отличный день удари красивый
0,случиться интервью
0,решить дело мужчина найти убить decimal gt поле lt gt полдень жена позвонить полиция полиция допросить весь жена сэр спасть произойти убийство cook готовить garderer выбирать овощ дом пойти d почтовый отделение кидка послать игра отделать послать брак полиция немедленно арестовать убийца это ответить разум блестящий
0,бадрита ченнай обязательно выбрать соревнование
0,это приятель группа повезти ответить время нужно уйти
0,привет достаточно половина десять должный
0,привет tmr мочь смочь встретиться yck
0,alrite sam nic просто проверить это ваш номер это tb
0,просто облегчать возврат lt gt ys сказать мочь заплатить ранний получать
0,волноваться уверенный это получить
0,заправочный станция похожий квартал дом пройти мимо пора армения заканчиваться суонна должный взять говард
1,знать попросить наш служба знакомство связаться мочь догадаться позвонить номер всё раскрыть pobox lshb p
1,камера наградить цифровой камера sipix звонить fromm landline доставка течение день
0,обучение хм идти возражать
0,курить пока человек использовать уайли слишком оправдать разрушение дерьмо
0,дорогой добрый утро чувствовать дорогой
0,немного медик говорить принимать час пройти весь боль вернуться итак взять ещё надеяться умереть
0,красиво завтра наступить это прийти это сегодня охота прекрасный завтра тратить свой замечательный сегодня goodmorning
0,знать всё решать абт леона упс собираться собираться
0,весь привет переехать наш паб здорово c u прислать голова
1,сегодняшний номер voda заканчиваться выбрать получение награда матч позвонить телефон код претензия стандартный ставка приложение
1,это сообщение бесплатно добро пожаловать новый улучшить клуб секс поднятие отказаться подписка служба ответ остановка msgsp
0,дошневинк сказать очень милый мир бог смеяться amp сказать подождать встретить человек читать это msg мораль бог мочь шутить gmgngegn
0,просто делать всё лёгкий
1,rct thnq adrian u текст rgds vatian
0,перестать звонить весь говорить мочь рак болеть горло говорить мочь отвечать всё звонок получить ещё звонок присматривать ребёнок понедельник
0,это тяжело сделать должный
0,сказать сказать отправить открытка берег большой шанс мерь человек сломить контракт luv yaxx
0,ee msg na poortiyagi odalebeku хануманджа название ханумать баджарангабали марутить паванапутра санкатмохать рамадутый махавеер ee name lt gt janarige ivatte kalisidare следующий суббота olage ondu good news keluviri maretare inde dodda problum nalli siguviri idu matra lt gt true отрицать
0,привет дорогой заканчивать забирать встречаетсить текст номер luv kate xxx
0,установить место ваш сердце ваш ум легко забывать разум сердце помнить желать счастливый день святой валентина
0,удивлённый всё ещё мочь догадаться
0,okie ü wan meet bishan бишан еда сегодня
0,хо это первый использовать слово
0,привет дорогой проблема говорить мама всё утро действительно провести время вчера вечером скоро уйти позвонить смочь
0,знать служить иметь вид делать
0,гайда парк мелха ах оппс смутиться любой случай тт e хороший выбор den должный взять это
0,гей это случиться трон мочь d выйти
1,бесплатный сообщение активировать бесплатный текстовый сообщение ответить это сообщение бесплатно условие условие посетить wwwcom
0,знать девушка безопасность эгоистичный знать получить это спасибо спокойный ночь
0,беспокоиться надежда фотосессия пройти получить веселие рабочий сила
0,замерзать жажда лёд fml
0,кей
0,эх извинить дин c ur msg грустно ar смотреть телевизор всё ещё офис
0,эй право работа
0,дорогой похищать это нормально просто слишком волноваться нужно снять кино снова прийтись присматривать ребёнок мочь позвонить тудаxx
0,сказать возражать пойти спальня минута ok сдаться сексуальный настроение выйти минута лата торт жена
0,пора пройтись проверить материал увидеть это правда иметь доступный место пожалуйста позвонить посольство отправить почта
0,джуза работа
0,быстро это означать закончить живопись
0,номер жить это
0,проводить вечеринка день неделя легкомысленно учиться думать нужно нарисовать некоторый пользовательский флажок знать хардкорн
0,sac набрать больший сотня
0,прислать номер нотти пожалуйста
0,сколько это стоить приблизительно помесячно
0,около теорный тест ü собираться бронировать думать это май подумать хотеть пойти цзяйином свободный
1,связываться наш служба знакомство знать узнать это позвонить наземный линия poboxwtgp
0,это нормально попросить позвонить знать хотеть либо вопрос
0,извинить получить поздний старт путь
0,вернуться
0,заправка идти туда
0,k скучно просто приходить домой
0,детка любить покрывать ваш лицо поцелуй
0,заставить вырвать однажды курить машина наш друг это круто
0,менее проверить это поле поле
0,пойти walmart ill остановиться
0,забыть мочь пара бакс отправить завтра k любить
0,здорово ill беспокоить большой мочь поговорить
0,реверс это обман это математик
0,добро пожаловать поймать снова использовать сломать английский
0,проблема детка это хороший время поговорить позвонить оставить сообщение
0,извинить позвонить поздний
0,это бренд
0,извинить мочь принять ваш звонок прямо получиться хотеть мочь прийти плохо получить свой медицинский страховка смочь доставить иметь базовый уход настоящий время покупать правильный медицинский страховка дать пятница утром увидеть основный человек который мочь направить правильный страховка
0,время приходить
0,позвонить сказать прийти сегодня сказать обмануть
0,отправить электронный почта yifeng часть орести мочь получить
0,уверить это понять вино хороший идея просто slurp
0,минимальный прогулка миля день
0,проблема принести такси завтра вторник вторник думать всё пойти кино
0,безусловный кукла d автомобиль sariyag drive madoke barolla
0,убегать ходить медленно amp убивать всё равно остановить
1,извинить пропустить ваш звонок давать поговорить время
0,пожалуйста посетить телефон
0,ненавидеть мочь позвонить любой принять звонок сообщить
0,никакой сообщение телефон дерзить это
0,мочь свободный
0,эй поездка отложить всё ещё запастись
0,извинить позвонить поздний
0,ждать ваш звонок сэр
0,эй делать y ответ pa
0,эй элейн сегодня сегодняшний встреча
0,извинить пойти это место сделать это завтра очень жаль
0,больший часть tiime позволять обнимать это сломаться
0,завтра пойти театр поле поле мочь приехать звонить поле поле сказать приехать завтра
0,электричество выйти fml
0,похоже наслать заняться кроме дым отличный работа
0,также андрос лёд
0,
0,хороший день любовь сегодня надеяться хороший возможно интервью просыпаться скучать детка страстный поцелуй весь море
0,ага вун поверьте вата действительно нева послать шухуй
0,это наблюдать изменение размер
0,дорогой умма позвонить
0,закончить скучать
1,бесплатный звездочный праздник ibiza фунт стерлинг нуждаться ваш неотложный коллекция стационарный линия проиграть boxskwpppm
0,иметь вид отличие пьяный ночь ранний
0,k должный забронировать ходить йог воскресение
1,бесплатно msg ошибка выставить счёт ваш мобильный номер shortcode
0,около мочь
0,ой мама сомерсет немного далеко назад томый увидеться скоро x
0,работать сверхурочный нигпуна
0,самый каллиса увольнение м тест
0,думать оба стать закрутить
1,пожалуйста позвонить телефон ждать срочный сообщение
0,встреча позвонить поздний
0,готовить ужин
0,около спасибо
0,бык ваш план состоять уйти икеа забота мир должный жить свой беспорядок день
0,покупать
1,срочный ваш номер мобильный телефон наградить приз бонусный абонент фунт стерлинг позвонить земля действительно час
0,хи хи это смешно хотя
0,это простой арифметика процент
0,оставить крайний мера час звучать
1,ценный клиент рад сообщить недавний обзор ваш мафия получить бонусный приз размер фунт стерлинг позвонить номер
0,спасибо дорогой хороший день
0,удивительный цитата жизнь трудно решить
0,спокойный ночь дорогой sleepwell amp беречь
0,затем ü попросить папа забрать jup lar ü wan остаться мех
0,jus chillaxin дело
0,привет дас крутой знать всё й жёлоб wellda studentfinancial crisis spk u lr
0,красивый истина против гравитация тщательно прочитать наш сердце чувствовать лёгкий это казаться очень тяжёлый уходить goodmorning
1,хотеть новый цветной телефон nokia i delitemorrow бесплатный минута любой мобильный телефон бесплатный текст бесплатный ответ видеокамера позвонить телефон
0,это произойти холм это монстр надеяться отличный день всё идти хотя
0,отец джа джон джон ____ отец джа gt это вопрос ias попробовать ответить
0,подчиняться весь твой
0,сделать искать интернет сообщить
0,нужно пойти получить это
0,фото пожалуйста повторно распределить
0,оставаться брат среди брат
0,uhhhrmm испытывать плохой туберкулёз
0,enuff space получить около мб
1,жизнь весёлый отличный пока войти сделать настоящий особенный забыть наслаждаться one gbpsms
1,хотеть новый видео телефон любой время любой сетевой минимальный видео инклюзивный видеопроводы загрузка неделя бесплатно deltomorrow звонить ответить
1,ценный клиент рад сообщить недавний обзор ваш мафия получить бонусный приз размер фунт стерлинг позвонить номер
1,добро пожаловать пожалуйста ответить свой возраст пол начать например м
1,freemsg месячный неограниченный бесплатный звонок activate smartcall txt call to no spopictngbpwk unlimited calls справка stop txt stop landlineonly
1,ваш мобильный млн месяц обновить последний оранжевый камерувидео телефон бесплатно сэкономить бесплатный текстамизвонка выходной текст обратный вызов орно отказаться
1,am new club don dont fink встретиться пока b c u пожалуйста оставить msg day wiv ur area ответ обещать carlie x вызывать minmobsmore lkpoboxhpfl
0,истинный это лёгкий
0,поскольку родитель работать вторник нужный история обложка
0,ха ха сегодня выходной лех
0,привет дорогой менять athome поболтать
0,знать джек дерьмо либо сказалспросить нибыть полезный хотеть мочь притворяться сделать просто написать ответ гипотетический мухаахахахахахагга
0,мозговой
0,нужно получить случайный чувак нужно изменить наш информационный лист вечеринка lt gt учиться безопасность
1,камера наградить цифровой камера sipix звонить fromm landline доставка течение день
0,рождество это повод который отмечаться отражение ур ценность желание привязанность amp традиция идеальный рождество
0,отправлять приветствие радость счастие удавать вечер gr
0,привет дорогой мочь нибыть потренироваться myparents aretiking me out of a feel свободный katexxx
0,индия выигрывать серия уровень означать это запись
0,насчёт дальнейший план
0,приятно слышать
0,потрясающе иметь дело ворота чарльз сказать прошлый ночью
0,время думать goin
1,получить бесплатный мобильный видеоплеер бесплатный фильм собрать текст перейти это бесплатно дополнительный фильм мочь заказать ts c применяться год
1,сэкономить деньга свадебный нижний бельё wwwbridalpetticoatdreamscouk выбрать превосходный выбор национальный доставка принести свадьба
0,ваш доска работать нормально проблема перегрев также переживать всё программный обеспечение inst находиться рассмотрение приехать около o часы
0,всё равно знать это
0,wiskey brandy rum gin пивной водка шотландский вино шампа kudi yarasu dhina vaazhthukkal
0,mon okie lor ха ха хороший весь дешёвый n gd food la ex oso okie зависеть wana eat western cwink food den который предпочитать
0,сидеть нечего делать лор занятый работать
0,это lt gt k должный отправить домой продажа
0,извинить почта
0,просто рассказывать это инцидент
0,улица течение примерно час позвонить весь свой семья разбудить начаться час ночь
0,тьфу выйти занятие
0,настоящий время человек уделять ущерб лаксиноорфизировать возможность позаботиться энтропионность нибыть обличительный выбрать свой книга мастеровизионный ампликатер подарок это очень шампласис думать это ужасно wotz ur мнение junna
0,ваш файл сумка работа позвонить сказать найти нибыть свой комната
0,нуждаться lar jus testing e телефонный карта dunno network gd i thk ждать сестра финишный купаться мочь купаться dun reage u liao u убирать свой комната
0,ill правый поздний
0,стихотворение дружба дорога дорога рядом мочь слышать страх живой разрывать дорогой gud ni
0,пообедать приходить быстро открыть дверь
1,слышать u некоторый время позвонить весь ночь трусцами заставить просить это прошлый xx luv nikiyunet
0,вернуться немного долго авария a прийтись отвлечьсить уадебридж блестящий выходной спасибо говорить скоро любовь
0,ян джиу ляо сат мочь пойти bugis vill one frm den hop parco nb солнце мочь перейти cine frm den hop to orc mrt hip hop
1,bloomberg message center ждать подать заявка свой будущий карьера bloombergcom
0,искать дама улица урод простыня это
0,телефон
0,хах фигура найти кусок миска присцилл
0,дело трахнуть это просто сделать нибыть найти повод тамп момент январь
1,срочный пытаться связаться u сегодняшний рисунок который выиграть гарантировать гарантировать призовой сумма размер фунт стерлинг позвонить номер земля претензия m действительно час
0,ура лола пропустить наш поездка кино прошлый неделя
0,весь день рабочий день исключение суббота воскресение
0,аатить дорогой
0,сердце пусто любовь разум пустой мудрость глаз пустой сон amp жизнь пустой frnd мочь связь спокойный ночь amp сладкий сон
0,думать ждать автобус сообщить добраться туда нибыть попасть туда
0,скоро вернуться близкий время
0,дело просто быстрый вопрос
0,ночь закончиться ещё день утро прийти особый образ желать улыбнуться солнечный луч оставить свой забота голубой залив gud mrng
0,вероятно мочь прийти всё закончить вокруг lt gt верно
0,получить это новый год косить йетонда сказать хотеть удивить это видеть деньга вернуть середина январь прежде lt gt дневный период возвращение закончиться
0,мочь спросить точка зрение средний
0,обязательно проверить свой электронный почта yahoo отправить фотография вчера
0,искать
0,мальчик
1,хотеть новый видеолефон любой время любой сеть mins текст весь пять фунт неделя звонить ответить доставка завтра
0,привет любовь дело день желать детка надеяться найти некоторый перспектива работа скучать бойтой дразнить поцелуй
0,сказать плохой персонаж нравиться попробовать измениться lt gt поле добавить тат новогодний решение ожидание ваш ответ безить фрэнк добрый утро
0,слух собираться купить квартира ченнай
0,вероятно ранний это
0,изменить звук отчег windows
0,менее проверить это поле поле
0,прийти комната
0,получить урок lei n подумать поехать sch ранее паркин кент вейл
0,
0,добраться офис вокруг lt decimal gt поле amp мобильный появление проблема мочь получить голос назвать asa освободить
0,круто написать уходить
1,связываться наш служба знакомство знать узнать это позвонить наземный линия poboxwtgp
1,wan выиграть встречуприветствие westlife u m настоящий время тур нерушимый untaded неупрекновенный текст стоимость p std текст
0,день рождение мочь скоро найти свой принц очаровательный слишком усердно работать
0,гранд немного вечеринка упоминать обвинение обложка вероятно впервые прийти впервые обслуживаться
0,сказать вернуться постель мочь спать
0,надеяться разозлиться id действительно хотеть увидеть завтра любить xxxxxxxxxxxxxx
1,dorothykiefercom банк гранитный выпуск сильнапокупка взрывной выбор наш член символ nasdaq cdgt который составлять долл сша
0,говорить lt gt год человек деньга находиться свой последний поле всё ещё ждать это чек
0,приехать твой дом
0,бесплатно любой день заканчивать пн
0,еда
0,life alle mone eppolum oru pole allalo
0,номер
0,основание классный жизнь прогуляться король прогуляться волновать король гуд нью йорк
0,камера довольно mega пиксель optical digital dooms хороший отдых безопасность надеяться хороший путешествие новый год оба увидеться пара неделя
0,привет пити
0,видеть рон бургундия капитовать вечеринка
0,серьёзно находиться денежный база
0,парень любить
0,сотрудник обучение трудоустройство колледж амрита
0,общаться дело нужный деньга мочь поднять
0,профиль работа казаться bpo
0,собираться сдаться всё сказать сделать закуска выстоять найти это очень дёшево поэтому просить прощение заранее это просто заснуть
0,итак думать должный поговорить звонить свой босс утром пойти это место прошлый год рассказать мочь пойти починить свой машина дешёвый продолжать говорить сегодня сильно надеяться вернуться сожалеть получить свой номер далее
0,готовый пойти класс приложение
0,тусоваться брат семья
0,достигнуть говорить знать
0,эй скоро уйти сюхуй работать конец месяц
0,жаль прошлый ночь вина это супруг это pmt sumthin менять думать shldxxxx
0,попробовать нева приятель
0,это значительный степень хороший сценарий случай
0,сегодня свободный выбирать свой родитель тонуть
0,эй детка far spunout spk da mo dead da wrld весь день спасть диван da крутой nytho tx fonin hon позвонить mwen im bk frmcloud j x
0,стоить прислать непослушный пикс
1,победитель размер фунт стерлинг гарантировать приз абонент это наш последний попытка связаться требовать звонок ppmpoboxbhambxe
1,билет рождество новый год продаваться клуб течение день час вечер четверг пт суббота неделя продаваться быстро
0,тайлера получать место должный уйти вскоре мочь попасть сюда час
0,приготовиться стучать каждый ночь
0,дело мобильный телефон полный msg делать работа интернет нужно отправить lt gt отправить msg объяснить поздний
0,извинить позвонить поздний
0,добрый вечер
0,дом пожалуйста позвонить
0,oic сегодня получить обед папа выйти знать sch wat
0,ммммм просыпаться сегодня утром любовь мммм трахать любить лев пожирать поцелуй море
0,рада сообщить ваш заявка широкополосный связь airtel успешно обрабатываться ваш установка произойти течение день
0,случиться дорогой почему молчать напрячь
0,приехать туда год ребята
0,кашлять это
0,ü приходить н
0,человек который проводить ems опрос
0,лола попробовать отправить осторожный спринт мёртвый медленно смочь получить это завтра
0,спасибо познакомиться понедельник
0,это человек всё уэльс плохо бонг это неделя msg случайно
1,рок йр чик получить pillthy films xxx pics yr phone rply filth saristar ltd e yt p день остановка отменить
0,одиночный строка больший значение пропустить нибыть ur хороший жизнь пропустить ваш хороший жизнь gud nyt
0,получить lt gt мочь получить ещё немного поздний получить всё чувствовать
0,папа хотеть поговорить квартира поэтому получить поздний старт омв
0,любить оба
0,лола всё ещё чувствовать больной
0,дин говорить
0,находиться глаз философия
1,следующий месяц добраться большой звонок ur standard network charge activate call c wirenet stterms pobox m uz стоимость мина mobcudb большой
0,около лор город лей
0,это сабариш попросить уйти
0,поле виджай собираться поговорить джая телевидение
1,срочный пытаться связаться сегодняшний шоу который выиграть гарантировать призовой гарантия размер фунт стерлинг позвонить земля претензия j po boxcpm
0,лола знать эй сделать отличный влияние блоха форум любить это
1,текст банналк увидеть стоимость p textoperator gga xxx
0,всё ещё шанс усердно найти получить это попробовать
1,аукционный раунд самый высокий ставка составлять фунт стерлинг следующий максимальный ставка составлять фунт сделать ставка отправить ставка e глина предложить фунт стерлинг удача
0,праздновать нью йорк свой семья
0,знать тадж махать символ любовь менее известный факт мумтаз й жена шахджахан жена шахджахан убить муж мамтаз жениться мамтаз умереть gt th доставка затем жениться сестра мамтаз возникать вопрос черта взять любовь великий харя
0,это нормально привести дом это приятно познакомиться v мочь поболтать
1,собрать свой выходной валентина paris inc flight hotel фунт стерлинг гарантированно текст париж wwwrtfsphostingcom
0,прислать де вебер получение зарплата
0,порядок посылать приветствие
1,предложение лояльность клиент новый nokia mobile весь фунт стерлинг txtauction txt word начать получить свой t ctxt tc pmtmsg
0,связываться
0,уйти прямо скоро вернуться
1,поверить это это правда это невероятный txts ответить g выучить настоящий удивительный вещь который поразить ofwd ptxt
0,уйти минута
0,нибыть мочь научить отправлять машина
0,знак зрелость это начинать говорить больший вещь дело это начинать понимать мелочь хороший вечер bslvyl
0,подтвердить остановиться выходной
0,сказать паспорт dun haf dat ü juz отправить учётный запись электронный почта
0,умножить число независимо подсчитать десятичный точка деление толкать десятичный место показать
0,хороший ночь проснуться увидеть это сообщение надеяться улыбнуться знать всё должный хороший утро
0,ard lor
0,право проходить близнец project
0,послать твой маг вчера деньга
1,привет ibh предложение лояльность клиент новый мобильный nokia фунт стерлинг txtauction txt word get your now t
0,сердце пусто любовь разум пустой мудрость глаз пустой сон amp жизнь пустой frnd мочь связь спокойный ночь amp сладкий сон
1,горячо возбудить желать жить локальный написать ответ услышать p msg netcollex ltdhelpdesk ответ остановка конец
0,наш поездка одинаково осложнение слишком надоедливый велосипедист время ночь
0,былисвободный мочь дать противный случай налл ади эный натила киттум
0,отправить жена ваш текст купить сказать делать просто расслабиться должный пойти получить wkend
0,эвапаний театр поле собираться посмотреть кавалан несколько минута
0,сколько стоить нанять наёмный человек
0,нибыть лор
0,извинить позвонить поздний
1,хотеть завтра новый цветной телефон nokia i бесплатный минута любой мобильный телефон бесплатный текст бесплатный ответ видеокамера позвонить телефон
0,мочь пойти ур дом пустой рука верно
0,добрый утро принцесса новый год
1,поздравлять выиграть победитель наш розыгрыш приз август фунт стерлинг позвонить призовой код
0,aight отправиться несколько
0,делать занятой работа wif
0,знать сегодня настроение
0,джей сказать подойти
0,cps заставлять перебой сохранять энергия
0,уверенный просто проверять происходить это район
0,эй утро приходить спросить па
0,джордан проголосовать прошлый ночь
0,это означать a epi порядок
0,понятие иметь
0,пожалуйста приходить быстро мочь обнажить это
0,отец джа джон джон ____ отец джа gt это вопрос ias попробовать ответить
0,позвонить мочь калевать давать встретиться бхаскар глубоко
0,ill встретить библиотека
0,k сосед комната также хотеть dubsack друг мочь также захотеть немного поэтому планировать принести дополнительный значение сказать точно узнавать
0,зависеть индивидуальный лорный комод скажем красиво родитель говорить смотреть гонг u kaypoh знать собирать
0,около c ü
0,нравиться смотреть играть футбол баскетбол нибыть свежий воздух
0,мочь спросить мачо каковой ценовой диапазон хотеть новый использовать плюс вмешиваться blackberry bold lt gt любой bb
0,извинить снова отправить пустой msg попытка сделать серьёзный обучение
0,эй проверить это перечислить
1,p alfie moons need in wongle song ur mob рассказать ur ms txt tone charity to nokias poly poly fortion for polys zed прибыль благотворительный организация
0,иметь вид извинение отправить текстовый сообщение принести наркотик lt gt ночью
0,это означать февраль апрель получить место остаться приходиться суетиться взад вперёд время сезон прослушивание пора сестра отойти гарлем
0,пойти тренировка
0,черта бедный зак иметь шанс
0,сообщение ответ случиться
0,хотеть подать вещь который должный ошибаться это сообщение который отправить
0,верно принести свой рулетка пятница
0,всё ещё шанс усердно найти получить это попробовать
0,встреча работа поле поле получить сделать свой работа завтра
0,должный отправиться прямо туда
1,получить официальный полингтон англия цветовой флаг yer mobile tonight game текст текст флаг оптут txt eng stop box wwx
0,спасибо принцесса сексуальный
0,ооо
0,хуй синь
0,это больший разница lt gt против lt gt каждый lt gt hrs
0,дело заставлять плакать просто всё наш вещь происходить поверх весь остальной это толкать край недооценивать часто плач свой извинение извинить жизнь
0,детка чувствовать самый давать get этомоб попробуйтеchear upич подходить
0,знать означать подключение верно
1,объявление обслуживание клиент недавно попытаться сделать доставка смочь это сделать пожалуйста позвонить номер повторно выходить ссылка
0,wats da model num of yor phone
0,действительно увлекаться скейтбординг несмотря отбрасывать заливаться повязка дерьмо весь рука каждый пять минута
1,мочь остановить дальнейший клубный тон отвечать stop mix смотреть mytonecomenjoy html условие клубный тон стоять gbp неделя mfl po box mk wt
0,дом e sky довольно тёмный liao дождь получить оправдание пробег обряд хи
0,извинить оставить телефон наверх мочь беспокойный всё птица палкома это дата
0,думать видеть
1,вамма уложить хотеть настоящий место собака отправить прямо ваш мобильный присоединяться крупный сеть сглаживание uks txt собака nyt eca lp msg
0,карлос говорить мочь забрать поздний настроить
0,эй детка друг должный отменить всё ещё гость
0,согласно ваш запрос maangalyam alaipayuthe установить качество ваш callertune весь вызывающий абонент нажать скопировать свой друг callertune
0,хм должный подумать это простить d
0,надеяться уйти лэнгпорт всё ещё готовиться город сегодня вечером
0,хотеть прислать виртуальный объятие нужный
0,наверное всё ещё проходить кой
0,проблема прямо исправить завтрашний день
0,почему заходить человек
0,компания senthil group apnt вечер
0,неужели сделать это эфир талант
0,изучение свободный следующий выходной
0,носить синий рубашка чёрный брюки
0,подождать выйти lt gt мина
0,добраться ваш дом lt gt минута
0,отличный выходной
0,делать лэнгпорт извинить вероятно постель вечер это отстой больной рождествоха gosri lanka
0,frnd s juz слово просто отношение это тихий обещание который говорить внести форёвр гуднит дорога
0,хм мочь сколько ошибка
0,ха мёд мило
0,выключать свой телефон мама говорить весь рак сестра перестать звонить больно говорить мочь это мириться увидеться вернуться домой любить
0,мёд дорога милый сексуальный булочка сахарный слива любовник скучать бойтой ударять твой задница ходить спортзал
0,спасибо любить рок
0,имма джей хотеть употреблять наркотик
0,около спасибо позаботиться
0,ага скучный вата
0,прийти посмотреть квартира казаться возраст год удаляться работа получить женщина
0,моджи сообщить спасти наш жизнь спасибо
1,выиграть nokia i это получать выигрывать наш бесплатный аукцион принять участие отправить nokia hgsuitelands rowwjhl
0,это класс
0,привет всё ещё онлайн закончить форматирование
0,большой привлекать булор
1,промый номер ur присудить городской перерыв мочь выиграть летний покупка фунт стерлинг каждый неделя txt store скилгма tscwinawk возраст perwksubub
0,глупый это невозможно
0,мочь выбрать телефон прямо пожалуйста отправить сообщение
0,лола происходить вегас оставаться вегас
0,здравствуйте привет привет лу извинить потребоваться ответ покинуть мобильный друг ланкастер получить это небрать простить смочь сделать свой день день
0,использовать soc использовать дом ü знать ввести word ar
0,папа говорить поторопиться черта взять
0,разбудить lt gt утро утром
0,выходить класс bsn подобный lt gt протокол знать консультирование
0,большой стрелять больший груз готовый
0,встреча вестибюль
0,всё ещё приходить сегодня вечером
0,случиться дорога сказать
0,сэр ждать ваш звонок однажды бесплатно позвонить
0,фильм ноутбук
0,собираться сделать это написать закончить давный давно принять душа разбираться
0,уверенный время закончить завтра хотеть провести вечер это очень видно любить ххх
0,здравствуйте согласно запрос lt gt рупия передать
0,тирупур назвать
1,победитель специально отобрать получить фунт стерлинг награда фунт стерлинг поговорить оператор прямой эфир потребовать звонок стоимость
0,s повезти улов положить
0,указать da домен nusstu ü всё ещё sch
0,ох попросить развлечение ха ха беречь ü
0,получить сумка
0,эй лаверба любить должный сказать смотреть твой фотография болеть почувствовать нога черта хотеть нужный жажда
0,мальчик сегодня утром остаться сладкий слово вздыхать день любовь начать учиться
0,кент вейл лор ü подождать
0,очень хороший всё дело заработать деньга
0,чтение привычка gud nan bari hudgi yorge pataistha ertini kano
0,айса всё ещё хотеть получить деньга
1,бесплатно top top ringtonesub to weekly ringtoneget й недельный подполирование бесплатный распределение неделя sms
0,около
0,город это v важно
0,извинить па знать ru pa
0,делать
0,встретиться весь обряд пойти домой лор чувствовать это нормально
0,заплатить самый выдающийся реклама который сделать hasbro август заставить прыгать обруч получить плата всё ещё
0,опаздывать позвонить завтра утром сладкий сон уход уммировать пока
0,сетевой технический поддержка
0,собираться вырвать матка
0,прохладный нравиться плавать бассейн джакузи дом
1,спасибо заказ рингтон ссылочный номер x ваш мобильный телефон взиматься ваш тон появиться позвонить служба поддержка клиент color red text color txtstar
0,почему банда готовый
0,бланк пустой пустой ржа мочь
0,фильм собрать машина орести
0,оставить orchard
1,привет ночь счастливчик пригласить xchat чат uks txt chat pmsgrcvdhgsuitelandsrowwjhl ldn год
0,spl wat abt u whr ru
0,пока чикк свободный
0,aldrine rakhesh ex rtm pls callugrent
0,поиск счастие это d основный источник несчастие принять жизнь это приходить найти счастие каждый момент жить
0,дом пожалуйста позвонить
0,думать мочь хороший оправдание любой лола
0,frnd являться необходимый жизнь представить чувствовать сделать твой ячейка abt функционировать thnk abt событие espe will пропустить пропустить amp раздражить wrd это весь дорогой любить фрнд который мочь жить сделать это
0,gud mrng дорога хороший день
0,старый сад возле univ
0,тако раджас буррито верно
0,это фунт стерлинг это нормально
0,улица находиться конец библиотечный прогулка
0,примечание звонить mobile co amp просить ввести lt gt lt gt поле делать это отключить звонок это попытка террорист использовать sim карта itz подтвердить nokia n motorola n проверить cnn ibn
0,остановиться получить мороженое вернуться
0,сшивать брюки
0,поле виджай собираться поговорить джая телевидение
1,tfp
0,эй скучно думать делать
0,среда должный принести минь сумка cheetos
0,никто называть свой пенис название девушка история складываться вообще
0,aight дать знать рядом usf
0,синхронизировать шангела
0,ü neva рассказать дом й
0,немного твой улыбка это hppnss капля твой слеза это печаль часть твой сердце это жизнь сердце заботиться хороший друг
1,уважаемый держатель ваучер утверждать ваш лаундж аэропорт го класс использование ваш праздничный ваучер звонить бронирование цитата й класс x
0,гул эй любовь думать надеяться твой день пройти спасть скучать детка очень данный момент снова вместелюбить улыбка
0,ха ха звучать безумно знать тахан
0,почему рано
0,медленный какашка
1,bloomberg message center ждать подать заявка свой будущий карьера bloombergcom
0,глостерудый нужно поздний
0,телевизор доступный рабочий место
1,единственный место город встретиться захватывать взрослый сингл великобритания txt chat pmsg
0,лола желать остаться немного долгий
0,бог спросить прощение маленький ребёнок дать прекрасный ответ это чудесный фрукт который давать дерево болеть камень спокойный ночь
0,присоединиться lt gt автобус
0,собираться спросить держать это мочь поэтому получить всё сообщение который отправить glo
1,бесплатно й неделя nokia tone ur mob каждый неделя txt nokia получить txting рассказать ur mates wwwgetzedcouk pobox wwq normptone
0,ki отправить lt gt мина
0,курить помочь работать это трудный время
1,знать попросить наш служба знакомство связаться мочь догадаться позвонить всё раскрыть pobox sxy p
0,
0,сэр гудморс однажды бесплатно позвонить
0,зовить
0,gr увидеть это сообщение итак уходить поздравлять дорогой школа план
0,любить это девушка офис мочь задаться вопрос почему улыбаться болеть
0,привет вернуться назад задаваться вопрос съесть лев это род особенный
0,помогать дядя тий очистка автомобиль
0,прийти общежитие идти спать пожалуйста позвонить занятие хриш
0,около снова сумка
0,привет поговорить maneesha v хотеть знать удовлетворить это опыт ответить бесплатно
0,около лор msg me b u sall
1,мила возраст блондинка новый великобритания смотреть секс британский парень нравиться веселие текст mtalk pptxt st free приращение help
0,однажды fishrman проснуться начало dng очень темно немного ждать amp найти мешок камень набрать время море проход атласт jus stone sun подняться amp узнать камень это бриллиант мораль просыпаться рано drng спокойный ночь
1,претендовать покупка просто позвонить выиграть mobstorequizppm
0,твой физика получать
0,дорогой друг извинить поздний информация сегодня день рождение наш любящий arpraveesh получение подробный информация войти face book посмотреть номер lt gt поле пропустить восхитительный угощение
0,r ü собираться отправить
0,мочь выполнять онлайн транзакция
0,уважаемый поезд сидение нижний сидение
0,дать знать нужно нибыть ещё салат пустыня это род сколько пиво получить
0,делать
0,шлюш невероятный
1,хотеть фантазировать ур фон еженедельный новый тон ответ tonesu текст wwwringtonescouk оригинал n best применяться тариф оператор сеть gbp
0,уверить иметь вид got сюда заставить держать всё сорняк
0,любить знать мочь это почувствовать это делать ваш живот тёплый хотеть это любовь встреча сон ахмад обожать поцелуй
1,твинк медведь гора шкура спортсмен звонить пропустить веселие выходной позвонить телефон pmin стоп текст звонить ставка nat
0,любить это хотеть затопить красивый киска сперма
0,эй злиться ответить доктор
0,коротко мило хороший человек пытаться доказать это
0,также помнить бусы отрываться
0,ветка раздел пожелание форум ppl публиковать запрос nitro начать последний страница собрать снизу вверх
0,впервые история нужно комфорт роскошь продаваться цена индия лукrs lt gt бензинrs lt gt пиворс lt gt shesil lt gt
0,февраль lt gt день любить отправить dis всё ur valued frnds вернуться замужем человек любить проигнорировать потерять свой luv evr
0,дело nvm получить hella cash всё ещё продолжать lt gt иса
1,попытаться связаться ответ наш предложение телефон видео любой время либо сеть мина неограниченный текст видеокамера ответить позвонить
0,всё порядок крайний мера арманд всё ещё рядом
0,счастливый сидеть вместе
0,yup song bro творчество качество тест нева сказать проверить обзор онлайн
0,чувак это фальшиво деньга rs il getiing lt gt rs мочь нарисовать свой acc wen it it lt gt rs
0,чувак странный пирожное сестра сделать потрясать печение сделать фото
1,срочный пытаться связаться прошлый выходной вытягивать выиграть приз фунт стерлинг звонить код претензия k действительно час
0,пожалуйста ограничивать еда любить течение следующий день
0,мм просить прийти достаточно
0,похоронный бюро одри папа
0,aight мочь написать адрес
0,отличный желать вместе прямо
0,нормально ледниковый период
0,пожалуйста верить бог иисус
0,мочь знать получить
0,ещё чикк парень остановить раздражение мсминг
0,сколько время нужно получить
0,это номер вивеко
1,рождественский iscoming ur присудить либо подарочный ваучер cd бесплатный вход r weekly draw txt music tnc
0,извинить брат закончить последний экзамен дело
0,арестовать владение дерзить премьер министр
0,правый хотя мочь дать место который хотеть нуждаться это действительно начинать становиться проблема собираться предложить установить определённый движениеести всё ещё тампосле греция мочь готовый должный сделать это
0,просто нормально
0,пожалуйста защитить электронный угроза sib просить конфиденциальный информация пароль atmsms pin код электронный почта делиться свой пароль
0,скучать отчаянно отчаянно записать сообщение который оставить день послушать услышать звук ваш голос любить
0,привет онлайн yahoo хотеть поболтать нибыть
0,гудмор срок дед истечь сегодня отпуск
1,поздравлять мочь претендовать vip ряд билет c blu концерт ноябрь гарантировать подарок blu претендовать ts cs wwwsmsconet стоимость max
0,делать работать получение компьютер мама наслать место это сработать нужный
0,посмотреть смочь немного пройти
0,согласный мочь перестать думать ipad мочь задать мачо вопрос
0,давать объединить наш деньга вместе купить куча билет лотерея выиграть получить lt gt u get lt gt иметь дело
0,
0,задать вопрос несколько час назад ответ
0,смотреть телевизор хороший нравиться лор
0,думать ченнай забыть приехать аукцион
0,ü приходить выбрать ar
0,ранний птица ещё нибыть покупка
0,пойти заплатить арендный плата поэтому прийтись пойти банк разрешить платёж
0,эрм забрать около вечер это дать достаточно время добраться туда парк это
0,эй приятель дорогой получить хороший отпуск гимми де госс x
0,howz pain это произойти сегодня сказать ystrdayice медицина
0,чили пожалуйста это десятичный часовой езда спускаться всё время субаренда апрель сезон прослушивание
0,амма жизнь занимать поворот мочь сидеть попытаться удержать рулевой управление
0,это подумать знать нибыть пойти поздний
0,мммм мочь дождаться лизнуть
0,пожалуйста пойти туда сегодня lt gt поле хотеть никакой оправдание
1,фэнтезийный футбол вернуться ваш телевизор зайти sky gamestar sky active сыграть команда мечта тысяча фунт стерлинг забивание начинаться суббота зарегистрироваться sky отказаться
0,мочь пожалуйста сказать ans bslvyl отправить fillonsmscom
0,город
0,нетерпение ждать весь объятие секс весь лишь сон
0,всё круглый требоваться
0,это правда k знать lt gt
0,волноваться день очень большой ламб джи vl приезжать наслаждаться партия batchlor
0,открыться хип хоп ха ха думать пойти джазовый
1,бесплатно msg одиночный найти партнёр ваш район реальный человек ждать чат отправить чат cncl отправить остановка сообщение
0,порядок сделать свой дело завтра
0,наслать магазин diff farm купить сыр мочь позвонить
0,всё ещё работать
1,выиграть новый гарри поттер орден феникс книга ответить гарри ответить вопрос шанс стать первый среди читатель
0,ага нравиться розовый мебель хотя
1,бесплатно msg рингтон tms widelivecomindex wml id baecefff first true jul
0,место клиент сэр
1,бог снова найти ваш номер рад написать обратно xafter это msgs cst std ntwk chg
0,чистый сердечный человек мочь иметь замечательный улыбка который заставлять свой враг чувствовать виноватый враг поймать мир свой улыбка goodmorning amp удачный воскресение
0,милый девушка знать гейл неверный беречь сладко беспокоиться
0,теоретически мочь прийти
0,подключить ребята
0,знать большинство человек всё ещё город
0,позволить сделать математика уметь это
0,подождать лекция закончиться
0,обычный парень уйти город определённо человек вокруг знать
0,присоединяться сегодня формально plls продолжать молиться позволить поговорить поздний
0,счастливый грустный вещь прошломэтый большой добрый утро
0,
0,ока бояться сказать жир заманить
0,получить это сообщение
0,извинить сэр позвонить завтра senthilhsbc
0,нужно человек дать na
0,оставить это очень расплывчатый просто сказать сообщить человек бухгалтерский учёт задержать арендный плата должный обсудить жилищный агентство аренда место проверять онлайн всё место вокруг usc являться lt gt вверх
0,привет хуан приходить домой пятница эй ожидать желанный вечеринка подарок звонить вернуться множество любовь ника x x x x x x x x x x x
0,мочь пожалуйста сказать ans bslvyl отправить fillonsmscom
0,коротко мило хороший человек пытаться доказать это
0,gumbys иметь особенный a lt gt сырный пицца доллар знать делать сегодня вечером
1,ссылка ваш фотография отправить также мочь использовать
0,личный размер
0,самый юбилейный вечеринка тарпон спрингс
0,кабина доступный забирать падать дверной ступень
0,около беречь себяumma
0,неограниченный текст ограниченный минута
1,двойной минута txt апельсиновый тариф последний motorola sonyericsson nokia bluetooth free вызвать mobileupd телефон calloptouthf
0,проблема проводить время вместе
1,срочно это наш второй попытка связаться u ваш приз фунт стерлинг вчерашний день всё ещё ожидать коллекция требовать звонок aclpm
0,слышать неделя
1,уважаемый дейв это ваш последний уведомление собрать тенериф позвонить стационарный линия tcs sae box cwwx ppm
0,последний практика
1,сообщать u звонить получить приз фунт стерлинг ввести всё ваш мобильный личный дать подсказка осторожный
0,спасибо замечательный
0,противный случай работа неполный рабочий день
0,ü означать это подтвердить говорить около
0,ока
0,это зависеть хотеть обращаться
0,прямо брат увидеться поздний
0,ждать e car мама лор лех добраться дом
1,ваш учётный запись год xxxxxxxxx показывать негативный точка претендовать звонок код идентификатор xxxxx истекать
1,хотеть новый видео телефон любой время либо сетевой мина аренда половина ценовой линия видеокамера ответить позвонить доставка завтра
0,быстро заснуть дорога позаботиться
0,это просто означать толстой голова
0,похоже план кардифф всё ещё всё ещё холод сидеть радиатор
0,серьёзный любить правильный играть
0,задаваться вопрос сказать привет улыбаться справляться больший расстояние
0,машина поздний носить шорты
1,важный объявление обслуживание клиент позвонить freephone
0,лола
0,сегодня принять день принимать брат сестра lover dear best slock lvblefrnd jstfrnd cutefrnd lifpartnr belovd swtheart bstfrnd no rpl
0,ard lor порядок сообщение ü lor
0,c u
0,эх ноутбук получить запас лей говорить мона муза снова прийти взглянуть получить
0,нужно ке qi ü слишком скучно izzit y это
0,думать это снег сильно это большой обычно получать таяние прежде попасть земля эк снег момент lt gt ещё родиться
1,бесплатно рингтон ответить real poly eg real pushbutton dontcha babygoodbye golddigger webeburnin й тон
0,сделать вещь изменить это предложение хотеть концентрироваться образовательный карьера уезжать
0,неужели выполнить написать бумага пойти фильм дом полуночь
0,лор всё ещё отпускать ах узнавать поздний бросать наш карта коробка верно
0,иззита всё ещё дождь
0,достаточно проблема сон
0,ещё добавить ü верный
0,lol действительно нужно помнить поесть пить очень ценить держать компания ночь детка улыбаться
0,детка потерять попробовать перезагрузить
0,приятно мочь ага
0,должный идти домой выходить магазин свобода присутствовать
0,неоооооооо скучно смерть весь день кабельный интернет отключение
0,сос любой сумма который мочь получить пожалуйста
0,играть космический покер
0,почему гуяна сказать сказать
0,нужно встать
0,давать второй шанс рахула денгр
0,дело просто спросить нужно нибыть час назад сколько
0,первый удар красный птица антилопа начинать топлей область самостоятельность верить цветок раздор расти
0,ходить туда доктор
0,папа bb
1,бесплатно msg получить рингтон gnarls barkleys crazy полностью бесплатно просто ответить это сообщение прямо
0,граница угодный
0,позвонить стационарный номер поле поле просить приехать анна нагар поле поле пойти день
0,лор мочь пойти ужин вместе
0,нежный принцесса сделать сладкий нежный любовь
0,дело девочка надеяться всё порядок каждый звонить телефон выключить скучать
0,извинить рано ложиться спать ночной ночь
0,нравиться думать возможность паб поздний
0,хм слишком насыщенный нетерпение ждать свой special
0,добраться видео лента pple type сообщение lor бесплатно помогить хи наблюдать адский дело спросить спросить шухуй осо
0,привет чувак hw r u dal
0,голодный купить еда хороший lei мама н юня дун ван джуза купить немного
1,отказаться ссуда защитный необеспеченный мочь получить кредит позвонить бесплатно отправить сообщение помощь
0,наверное вообще сегодня думать собираться заскочить пройти ваш выходной скучать
0,это знать спасть поздний прошлый проснуться поздно
0,ха ха сердиться воспринимать это практика настоящий вещь
0,это однажды тренировка
0,мочь поцеловать почувствовать рядом
0,хороший день дорогой
0,отправить почтовый ящик ланр фейкей
0,ваш папа вернуться ph
1,специально выбрать получение премия позвонить закрытие линия стоимость часть
0,спросить сказать нибыть пожалуйста написать
0,время время мочь идти
0,любить ати любить
0,просто позвонить сказать привет беречь бруть
1,выиграть ценный клиент vodafone наш компьютер выбрать выиграть приз фунт стерлинг собирать легко просто позвонить
0,включить обогреватель нагреватель включить установить lt gt градус
0,спасибо ваш сообщение очень ценить ваш жертва уверенный процесс прямой заработный плата завтра узнавать свой обратный путь тест класс удачный день
0,это проблема занятие который идти должный уклоняться ждать томый увидеться выздоровление время место
1,бесплатный телефон видеокамера аренда линейка полцена место кросс ntwk mins txt call mobileupd calloptout
0,вверх дж
0,ночь увидеться завтра
0,заметать наверное пойти примерно
0,думать любой девушка предложить сегодня увидеть твой кровавый прикольный дерьмо чертовый лицо асссшолиэя
0,хотеть чувствовать одинокий
1,отличный новый предложение double mins double txt хороший апельсиновый тариф получение последний телефон камера бесплатно позвонить mobileupd бесплатно stoptxt t cs
0,причина бюджет команда доступный покупать непроданный игрок базовый ставка
0,ceri u rebel сладкий мечта маленький приятель c ya moro нужный парень
1,рингтонекинг
0,мочь большой орести сколько страница
0,свобода уходить лор одинокий мама сес
0,общенациональный автомобильный центр это род ньюпорт роуд нравиться
0,эй скучать вчера вечером телефон зарядка улыбаться скоро встречать друг
0,угодный джулиан делать всё хотеть
0,дружба это игра игра это слово сказать начинаться март заканчиваться май это завтра вчера сегодня e
1,ringtone club gr новый полис прямо ваш мобильный телефон каждый неделя
0,привет вроде город спешить домой начос дать знать eta
0,около лор любой случай мочь получить билет довольно поздно посмотреть ур френс даррен wif
1,bank of granite assusts sound buy взрывной выбор наш член
0,путь твой дом
0,dizzamn aight спросить свой сосед вернуться
0,нимбоссон телефон знать это очевидный это настоящий слово
0,любить обниматься хотеть держать сильный рука прямо
0,это континент
0,заплатить lt gt год это сложно
1,скучный домохозяйка чат свидание btnational ставка пенсовмин стационарный линия
1,попытаться позвонить ваш ответ наш sms видео мобильный мобильный мина неограниченный текст бесплатный ответ видеокамера позвонить del
0,k k дадить угощение
1,это второй пытаться связаться выиграть приз фунт стерлинг утверждение легко просто позвонить пенс минута btnationalrate
0,просто волноваться дать деньга это бесполезно
0,получить нибыть подарок это год получить плохо
0,бледно лунный свет думать сбываться мечта гуднит amp сладкий сон
0,появляться образец друг говорить поехать курить сказать злодей
0,ow u deyi заплатить йусад сказать позвонить
0,порядок ребёночек видеть страшный фильм это довольно смешно хотеть млн день город торговый центр самер xx
0,достигать дом минута
0,забыть сегодня работать хотеть поболтать всё порядок бросить текст свободный скучно далее звонить надеяться всё порядок эссе нос всё xx
0,ха должный ходить везде мочь принять трамвай двоюродный брат сказать мочь идти vic market наш отель
1,wan выиграть встречуприветствие westlife u m настоящий время тур нерушимый untaded неупрекновенный текст стоимость p std текст
1,пожалуйста позвонить наш представитель обслуживание клиент freephone вечер выиграть гарантировать фунт стерлинг фунт стерлинг
0,обсудить мать
0,
0,извинить мочь написать amp следительный проехать увидеться двадцать
1,близкий время получить рингтон triple echo неделя наслаждаться это
0,место мочь получить комната дёшево
0,эк это время американский пирог длиться минута мочь перестать петь
0,gran выйти день назад cusoon honi
1,выбрать остаться хороший британский отель праздник оцениваться фунт стерлинг набрать претендовать национальный звонок ставка bx swss
0,университет южный калифорния
0,должный выбрать райан маклеран
0,u gd lor go shopping занятие смотреть адский дело приходить лара
0,шарик время совершать звонок
0,время ü wan сегодня
0,lt gt mca соответствовать
0,электронный письмо
0,принцесса собираться заставлять стонать
0,лола всё порядок помнить пока последний
0,любой случай хороший вечер
0,круто написать несколько
0,извинить викки смотреть фильм олава мандар кано театр тришуть фндами
0,очень рад детка уо уу вечеринка чувак
0,брать итальянский еда насчёт красивый платье трусик
0,вверх собираться позвонить txt bak luv k
1,решить получить награда фунт стерлинг пожалуйста позвонить номер требование собрать свой награда который выбрать получение качество ценный мобильный клиент
0,держаться
0,льститься сказать человек пинта карлина десять минута пожалуйста
0,надеяться бояться
0,мочь выбрать телефон прямо пожалуйста отправить сообщение
0,дом готовый
1,пожалуйста позвонить наш представитель обслуживание клиент freephone вечер выиграть гарантировать фунт стерлинг фунт стерлинг
0,время уходить
0,буквально постель порядок lt gt часы
0,рег ciao
0,иметь вид сайт
1,выиграть денежный приз размер фунт стерлинг приз стоимость фунт стерлинг
1,спасибо ваш заказ рингтон ссылочный номер x ваш мобильный мобильный связь взиматься ваш тон прибыть позвонить служба поддержка
0,lol мочь просто голодать потерять фунт конец день
0,это впечатление который получить
0,около около беречь мочь понять
0,мотивировать каждый тьма ждать сиять свет
0,порядок ужинать
0,спасть время
0,строить план nxt wknd хотеть спуститься
0,начинаться школа остаться погода еда система социальный поддержка друг школа всё это важно
0,ha ha nan yalrigu heltiniiyo kothi chikku поделиться многий вещь сказать тело произнести слово abt u доверять мочь сказать это пл
0,noice написать
0,привет диджи встречаться час вечер esaplanade сегодня вечером
1,moby pub quizwin приз хай стрит фунт стерлинг знать новый герцогиня корнуолл txt имя unsub stop sp
1,неделя предложение участник savamob доступный просто позвонить телефон деталь savamob pobox la wu фунт стерлинг неделя savamob предлагать мобильный
0,айса освободить думать мочь написать адрес блейка это прийти уверенный делать думать
0,привет дорога видеть дорога оба счастливый батарея низкий
0,это возраст abj
0,проф пройти весь документ это sem поздравлять поле поле поле студент enna kalaachutaarama проф gud mrng
0,пинать коко вниз
0,ваш сведение собираться называть спорадически начинать lt gt нэ делать это дерьмо
1,связываться наш служба знакомство знать узнать это позвонить ваш мобильный стационарный линия poboxldns
1,tbspersolvo сентябрь преследовать фунт стерлинг определённо платить благодаря ваш информация проигнорировать кат манчестер
0,надеяться повеселяться увидеться завтра любить джесс х
0,звонить беспокоить никто знать всё избегать бремя весь
0,добраться дом купать ляо мочь позвонить
1,кредит либо цель плохой кредит добро пожаловать позвонить noworriesloanscom телефон
0,фактический экзамен трудный nbme
0,многое болезнь идти вокруг принимать близко сердце надеяться скоро стать хороший ржа мочь
0,бог поднять цветок diphiphitinadew любовь тронуть который одарённый tomeandade друг u
1,начать новый сезон wks free hole news ur mobile txt ur club название eg villa to
0,эй сатие сей пора встречаться мочь увидеть ситуация сатие
0,гам уйти выдающийся подача
0,o играть smash bros lt gt религиозно
0,сэр добрый утро надеяться хороший выходной позвонить сообщить смочь поднять lt gt отец однако сказать сделать остальной доступный середина февраль сумма всё ещё довольно короткий надеяться помочь хороший день абиол
0,спешить домой суп готовый
0,проверить всё комната мероприятие
0,добрый день любовь приятно видеть ваш слово ym получить свой tm очень умный ход раб улыбаться пить свой кофе ждать
0,довольно немного бывш хороший пойти поесть чувствовать виноватый
1,orange приносить рингтон heroes all time heroes бесплатный хит каждый неделя перейти рингтон фото wap прекратить получать совет ответ остановка
0,лемма узнать
1,частный ваш заявление учётный запись год показывать выручить s i m points звонить код идентификатор истекать
0,нужно перестать ложиться спать делать чертовый сделка
0,любовь свой брат время поговорить английски ухмыляться сказать привет мухаммад пенни говорить привет весь море
1,попытаться позвонить ваш ответ наш sms видео мобильный мобильный мина
0,эй док пожалуйста хотеть получить хороший футболка муж красивый благой бюджет gt k помочь пожалуйста загружать d card abi hw держать курс mj
0,оставаться неубедительный это тщательно продумать испытание сила воля
0,жизнь это всё получить жизнь это всё скучать реальный ценность человек реализовать отсутствие gud mrng
0,скучать
0,отвечать телефон дело довольно разумно сонный
0,эй обряд положить эй это всё
0,идти спать принц
0,думать спасибо увидеться томый
0,dun ездить идти sch
0,дом лей
1,gsoh good with spam the ladiesu could b a male gigolo присоединяться быстрорастущий мужской клуб великобритания oncall mjzgroup стоп ответ msgrcvd
0,приехать твой дом полчаса
1,секретный поклонник который искать вступать контакт ufind out показывать считать специальный вызов
0,нибыть фнд имя ашвини твой колледж
0,jus заканчивать свой обед дорога домой мочь остаться sch сегодня
0,k й marrow идти класс
1,hot live fantasies call now пенс мина ntt ltd po box croydon cr wb это национальный звонок
0,пожалуйста прислать свой адрес сэр
0,хотеть лизать твой киска
0,эй всё ещё собираться наличие завтрасегодня пытаться получить дабсак
1,срочный ваш мобильный номер наградить гарантировать приз позвонить стационарный линия претензия действительно час млрд
0,посмотреть
0,думать мочь пойти ужин обратиться казаться порядок
0,делать мочь вдали ваш сердце болеть удивляться жажда
0,извинить услышать забронировать это шуткаонить действительно искать тощий белый девушка линиейв мочь сделать камера это вроде это играть внешний вид
0,дело дело
0,большой человек хоккейный выборы год хотя должный продолжаться долгий час
0,смотреть лор видеть несколько образец вполне нормально ard нужно мнение leh
0,привет нравиться фото фото выглядеть ужасно вытащить мо лагерь amrca скоро говорить серить
0,младенец дело день задумать скучать любовь любящий поцелуй надеяться всё пойти
0,юньня собираться опоздать
0,док назначить морфин обезболивать лекарство недостаточно ждать мама принести это медис должный быстро набраться поэтому постараться включить поздний
0,круто хотеть пойти каппа должный встретиться предел му
0,эй сексуальный булочка говорить обожать лаверба надеяться помнить поблагодарить свой невестка фрикаделька улыбаться любить детка
0,мочь одобрить panalam должный большой пост
1,spjanuary мужской распродажа горячий гей чат дешёвый позвонить номер национальный ставка пенсамин дёшево пмина пик остановить текст звонить pmin
0,извинить позвонить поздний
0,знать это неправильный звонок
0,работать получать работа
0,закончить иметь вид
0,удажа любить это твой состояние любить любить это чудо любить человек который мочь любить никто кроме гуд нью йорк
0,привет детка вернуться работа хотеть увидеть альдэя надеяться сегодня разозлить телефон встать
1,freemsg сегодня день готовый возбудить жить ваш город любить секс веселие игра netcollex ltd p msg ответ остановка конец
0,это твой мальчик yahoo который приносить перф законно
0,нужно говорить знать посторонний
0,нибыть нога ранний
0,дойти lt gt
0,хороший нужный квитанция сделать сказать пожалуйста номер мочь позвонить
0,когдалибо зелёный цитата когдалибо говорить джерри мультфильм человек который раздражать тебяэтый любить мочь выразить это гуд ньюйорк
0,оставить это ü wan нести тяжело da num знак ü
0,красивый истина выражение лицо увидеть весь депрессия сердце мочь понять любимый gud ni
0,дело новый год видеть
1,фильм симпсон выпустить июль год назвать группа который умереть начало фильм agreen day bblue day cred day отправить a b c
0,это позор мочь cld встречаться течение несколько час томый
0,лола несмотря судорога нравиться девушка
0,мочь дождаться корнуолл надеяться сегодня вечером очень плохо это rock night shite любой случай собираться кипа спокойный ночь поговорить близкий время
0,пожалуйста помочь сказать сура ожидать батарея hont это пожалуйста прислать сообщение загрузить фильм спасибо
1,пожалуйста позвонить аманда отношение обновление модернизация ваш текущий телефон tmobile бесплатно предложение заканчиваться сегодня тело зависимость ts cs
0,найти способ получить приложение ваш телефон пойти сетевой кафе взять работа нужный детка жажда видеть
0,работать понедельник четверг мочь лех забронировать ляо день свободный
0,ü comin принести орести
0,адрес nannys
1,срочный ваш costa del sol holiday фунт стерлинг ожидать коллекция позвонить toclaim sae tc s pobox стокпорт skxh стоимость фунт стерлинговpm maxmins
0,съесть замазаесть
1,хотеть новый видеофон любой время либо сетевой мина бесплатный текст аренда полцена месяц ответить позвонить бесплатный доставка
0,эй позвонить шанс друг хотеть спросить большой заказ
0,единственный ответ сражаться плюс сказать сломаться ответить
0,это безусловно ставить вещь перспектива подобный происходить
0,телевидение смотреть meh сегодня
0,чувствовать либо причина
1,ваш мобильный телефон месяц u r иметь право обновление последний цветовой мобильный телефон камера бесплатно позвонить мобильный обновление co бесплатно
0,дело запланировать нибыть захватывать мероприятие тип караоке обсуждать играть футбол канун чувствовать ленивый
0,сказать прийти среда
0,всё порядок вместо это звать мама весело
1,уважаемый держатель ваучер претендовать предложение неделя ваш компьютер пожалуйста перейти адрес ts cs применяться
0,отчаянный просто снова позвонить арманд
0,работа
1,поздравлять nokia video camera phone это ваш звонок запись стоимость ppm ave call min
0,слышать отвечать текст предполагать сломаться менее jb фантастический
0,мммммм любить ахмад мочь дождаться это год каждый секунда поднимать близкий твой сторона новый год любовь
0,пожалуйста каковой полный имя школьный плата шутка университет флорида похоже дело являться lt gt k пожалуйста обратно
0,извинить позвонить поздний
0,около сказать зуб мудрость спрятать внутри n mayb нужно удалить
0,пожалуйста выпить вода
0,дело королева собираться королевский свадьба
0,отстатия это просто печальный часть поддерживать связь благодаря скайп
0,идти турнир
0,команда ждать некоторый игрок
0,прислать копия da report
0,swhrt надеяться порядок день
0,около планировать выбрать
1,срочный пожалуйста позвонить номер ваш бесплатный abta испанский праздник фунт стерлинг
0,извинить позвонить поздний встреча
0,просто очень нужно дерьмо завтра знать
0,порядок зарегистрироваться голосование
0,хм остаться час глаз действительно болеть
0,уважаемый автобус прямо каликута
0,мм умма попросить вава также прийти сказать мочь сыграть поздний вместе
0,общий цена gt oz дать знать есликогдасколько хотеть
0,извинить позвонить поздний
0,каждый момент день утро утро надежда день приносить вера вечер приносить лув ночь отдыхать желать наслать всё сегодня хороший утро
0,lt gt w jetton ave забыть
0,приходить домой
0,мочь использовать иностранный марка страна
1,двойной минута txts месяц бесплатно bluetooth апельсин доступно телефон sony nokia motorola call mobileupd телефон calloptoutndx
0,извинить это друг друг собираться поговорить настоящий парень который хотеть купить
1,бесплатно й неделя nokia tone ur mob каждый неделя txt nokia получить txting рассказать ur mates wwwgetzedcouk pobox wwq normptone
1,хотеть фантазировать ур фон еженедельный новый тон ответ tonesu текст wwwringtonescouk оригинал n best применяться тариф оператор сеть gbp
1,cmon babe сделать возбудить включить txt твой фантазия детка горячий липкий нужный всё ответ стоять отмена отправить остановка
0,прийти завтра
0,обновление wylie дилер сорняк карлос отправиться свобода пройти урок лансфорд
0,счастливый детка порядок взять работа надеяться всё порядок посылать поцелуй улыбнуться весь море поцелуй поцелуй
0,c фильм это решение последний минута джуза смотреть lar заинтересованный
0,семестр беречь брат
1,важный информация orange user xxxxxx сегодня счастливый день узнать войти фантастический prizeawaiting
0,получить дверь
0,давать использовать следующий неделя принцесса
0,идти домой сначала lar ü подождать лор сначала положить свой вещь
0,хотеть kfc это вторник купить пища соус отметка
0,глупый посылать дон верить любой сообщение
0,ой собираться позвонить
1,пропустить предупреждение вызов цифра называться оставить сообщение
0,присутствовать
0,ard dat lor встречаться станция mrt затем выходить
0,дорогой спалp
0,er mw im заполнить tuth это aight
0,офис около идти больница
0,дело ждать неделя начать размещать реклама
0,нибыть всё пойти идти
0,бесплатно sat rite смотреть адский дело даррен нэмба xy
0,примечание звонить mobile co amp просить ввести lt gt lt gt поле делать это отключить звонок это попытка террорист использовать sim карта itz подтвердить nokia n motorola n проверить cnn ibn
0,вокруг друг захотеть забрать поздний сегодня вечером
0,глупо
0,двойной выселение неделя спираль майкл хороший избавление
0,мир страдать насилие плохой человек молчание хороший человек gud night
0,это круто это недалеко raglan rd edward rd земля крикет получить кольцо близко увидеться вторник
0,купить яйцо
0,начать скай
0,забронировать хижина также твой выходной время кстати
0,несколько сэр
0,действительно спать папа разбудить smth сегодня обед
0,дом пожалуйста позвонить
0,любовь надеяться делать радикально сметь продать свой компьютер телефон
0,добраться дом поле поле очень устать поле прийти томорро
1,freemsg наш запись указывать мочь иметь право фунт авария который требовать бесплатный ответ msg отказаться текстовый остановка
1,мочь выиграть фунт стерлинг музыкальный подарочный ваучер каждый неделя начинать слово draw tscs wwwidewcom skillgame winaweek age ppermesssubscription
0,одежда жизнь стиль жизнь пожалуйста
0,lol wtf случайный кстати это ваш обеденный перерыв
0,сез арабский мальчик надеяться всё отдать любовь evry love ya eshxxxxxxxxxxx
0,младший человек просто знать хватать продумать удачный день мочь прислать номер бимбо уго ценить безопасный
0,детройт дом снег наслаждаться это
1,показать свой цвет евро предложение получить флаг англия lions tone свой телефон нажать следующий сообщение служба получение информация
0,ока
0,aight чиллина комната друг написать ехать
0,toshiba portege m gd
0,welp это свой род полуобозначение интернет
1,текст проходить собрать ваш полифонический рингтон обычный заряд gprs применяться наслаждаться ваш тон
1,соответственно повторять просто написать слово около свой мобильный телефон отправлять
0,лоса идти больница позволять небрежно
0,сколько восьмой
0,бог джоанна волновать посмотреть весь друг найти фотография спрашивать вещь myspace который войти система год
0,отправить свой дата рождение месяц год называть имя партнёр жизнь метод расчёт ответ должный
0,джуза проснуться немного размыто мочь папа выйти ляо мочь кончить осо
0,насчёт одежда украшение поездка
1,block breaker поставляться роскошный формат новый функция отличный графика tmobile купить весь фунт стерлинг ответить
0,ааа обниматься пышный нужно чай суп либо шарик
1,важный информация пользователь orange сегодня ваш счастливый день find зайти ждать фантастический сюрприз
0,опоздать
0,печальный история человек прошлый неделя день жена пожелать родитель забыть n ребёнок пойти работа коллега хотеть
0,план семья камень
0,пожалуйста забыть учиться
0,поверить это дело выйти тонтон ух
0,den будний день получить специальный цена хайза мочь съесть ляо нарезать гвоздь осо муза подождать пока закончить дривина обед ещё
0,сорвать список причина почему никто город мочь сказать саркастичный просто фэгга
0,lt decimal gt м это общий автомобиль поэтому хороший покупать китай азия находить это дешёвый ill holla
0,больший испытание мужество земля нести поражение терять сердце gn tc
0,извинить стить трахнуть последний вечер пойти работа
0,эй план сидеть
0,красотный сон мочь помочь твой прыжок
0,большой надеяться использовать свой подключение режим мужчина узнать почему старый друг мочь привести сегодняшний день
1,наталья f приглашать стать друг ответить смотреть wwwsmsacunat стоп отправить остановка
0,получить
0,вроде просто пропустить поезд атака астма nxt половина въезжать уверенный парковаться
0,мяч двигаться прежний вращаться сложно бить
0,хайёха мочь твой хомяк завидовать миллион
0,мочь прислать номер тётя
0,рад следить свой мечта
0,добраться дом
1,срочный важный информация пользователь сегодня твой счастливый день узнать почему войти ждать фантастический сюрприз
1,победитель качество ценный клиент сеть выбрать получение призовой вознаграждение фунт стерлинг требовать звонок код претензия kl действительно час
0,пострадать d prsn который закрывать u дразнить остроумие время время сражаться спасение bt тихий лист отношение gud eveb
0,мочь позвонить
0,наука говорить шоколад таять солнечный свет пожалуйста идти солнечный свет bcoz хотеть потерять милый друг
0,приезжать нью йорк зритель пытаться переехать
0,заставить ранний
0,поздравлять замечательный хотеть сказать рассказывать свой оценка это мочь заставить расслабиться это мотивировать спасибо поделиться
0,против скучать понадобиться действительно причинить боль нужно нужный говорить беречь
0,эй мистер называться билл брисон книга язык слово
0,проблема спасибо
0,ваш информация ikea написать весь ограничение это кричать подумать оставить сидеть кровать среди беспорядок войти сказать пойти вернуться домой класс пожалуйста пытаться блужа это заставлять хотеть слушать маленький
0,позвонить закончить
0,гвр
0,хороший весь смотреть говорить напиваться ублюдок
1,кит стрип выставить пенс netcollex ltd po box ig oja
1,бонус hmv специальный фунт подлинный ваучер hmv который выиграть просто ответить простой вопрос играть отправить hmv подробный wwwpercentrealcom
1,пожалуйста позвонить телефон ждать срочный сообщение
1,thesszonecom позволять отправлять бесплатный анонимный маскировать сообщение отправлять это сообщение оттуда видеть потенциал злоупотребление
1,отличный работа ваш costa del sol holiday фунт стерлинг ожидать коллекция позвонить toclaim sae tcs pobox stockport skxh стоимость фунт стерлинговpm maxmins
0,поврежный дразнить заставлять плакать конец жизнь умереть пожалуйста держать роза могила говорить глупо скучать хороший день bslvyl
0,эрм вудленд авеню получать приходский журнал номер телефон
0,работа ta дать знать пожалуйста действительно нужно начать работать
0,aiyar hard type поздний свободный сказать звонить ругать сказать
0,свободный
0,билли мэтс всё уйти бегать снова наслаждаться концерт
0,йоу прийти карлос скоро
0,оуу это мило мочь думать нужно сделать провести время сегодня вечером наверное наверняка поздний одинокий xxx
0,думать это бесполезно называть важный
0,ха ха выскочить туалет приветствовать привет
0,давать нибыть сказать злиться почему сказать аби
1,знать попросить наш служба знакомство связаться мочь догадаться позвонить всё раскрыть po box m wu
0,получиться хотеть мочь прийти плохо получить свой медицинский страховка смочь доставить иметь базовый уход настоящий время покупать правильный медицинский страховка дать пятница утром увидеть основный человек который мочь направить правильный страховка
0,дерзить десять рупия свой полка купить яйцо
0,хороший детка опухнуть железа горло итог сделать
0,ур изменение da сообщать внести изменение da предыдущий отчёт
0,капитан наш комната
0,мочь говорить bcaz mobile проблема мочь слушать мочь слушать голос поэтому звонить поздний
0,hiya stu wot u up im in to trubly дом мгновение око эвон ненавидеть черта взять сделать сказать текст пожалуйста luv dan
0,s взять игрок мокк
0,всё ещё играть гаутам
0,эй мистер собираться вид море иметь пара гей иметь вид игра дать колокол закончить
0,джейсон говорить рядом вокруг lt gt
0,извинить смочь добраться увидеться утром
0,айса держать курс
0,номер сэр
0,искать хороший двойной sim карта mobile pa
0,это казаться излишний враждебный
0,чувак получить стрижка
1,поздравлять мобильный g видеофон r yours позвонить videochat vid ur mates играть игра java dload polyh music noline rentl bx ip вечер
0,ppleдеть врач tulsi leafday рак lemonday жир cup milkday костный проблема литр watrday заболевание который заботиться
0,думать делать король холм
0,приходить интернет
0,также сказать сказать день рождение
0,y bishan lei сказать лаванда
0,бу сколько уходить должный отправить сегодня магазин
0,говорить манка скуза стив путешествовать автобус da home wot inmind отдых dis eve
0,ваш сведение принимать быстрый душа эпсилон lt gt мина
0,вторник вечером r u real
0,снова появиться приложение
0,выйти занятие спортзал
0,хотеть отправить lt gt месас сегодня это извинить больно
0,ü всё писать вата
0,ха сказать просто прочитать казаться любить осуждать сохранять это пятница паб
0,это игра валентина поле поле отправить dis msg весь свой друг поле ответ самый действительно любить поле ques цвет подходить хороший
0,привет попросить вахид фатима отпуск
0,наслаждаться tmr
0,всё ещё рядом мочь использовать полть
1,u иметь секретный поклонник который искать вступать контакт ufind который мнение раскрывать считать специальный вызов
0,возвращать удостоверение личность lt gt рупия позволить работать приехать домой несколько день
0,ü bot notes oredi juz rem получить
0,аренда очень дорогой поэтому сохранять
0,ночь закончиться ещё день утро прийти особый образ желать улыбнуться солнечный луч оставить свой забота голубой залив gud mrng
0,боль дорогой улыбаться
0,забавный факт хотя думать арманд конечный итог накапливать терпимость дерьмо учитывать сколько курить трахать хит
1,важный информация оранжевый пользователь xxxxxxx сегодня ваш счастливый день find зайти ждать фантастический сюрприз
0,извинить мочь помочь
0,большой следовать отправить номер свой учётный запись
0,hellogorgeous фон заряд lst nitw wen u texd me hope ad ad приятный wkend уверенный выглядеть ward cin u mrw luv jaz
1,наш служба знакомство попросить связаться застенчивый позвонить всё раскрыть pobox m uz p
0,ü отправить страница содержимое
0,ночь сладкий спать увидеть экзорцизм эмиль роуз возможно большой заснуть обнимать обносок
0,думать подумать использовать хороший ni
0,мочь прямо секунда сначала ударить человек
0,evry emotion ds иметь слово эврать желать молиться улыбнуться мирэтый ум падение слеза оставаться м
0,насчёт помнить
0,уджхххххххххххххххххххххххххххха отправить адрес сандиаго парантелла лейн wtf какать
0,мм дорога посмотреть обнимать p
0,нравиться dise sweater fr mango большой размер раздражать
0,номер это огромный боль задница предпочесть принять участие это возможно
0,любой время лор
1,хотеть новый видео телефон любой время любой сетевой минимальный минимальный минимальный неограниченный текст видеокамера ответить позвонить del sat am
0,чистота дружба улыбка прочтение перенаправить послание это улыбка просто увидеть имя gud evng
1,ваш баланс фунт стерлинг следующий вопрос завершить ориентир большой боб б барри бен текст a b c удача
0,очень
0,k уверить нужно иметь форма согласие это v
1,ur tonexs подписка обновить взиматься фунт стерлинг мочь выбрать ещё полис это месяц wwwclubzedcouk msg счёт
1,это сделать ваш приз пойти клиент t c wwwtcbiz pmin polo ltd suite london wj hl пожалуйста перезвонить занятый
0,сколько стоить факел ja
0,делать поужинать
0,просто проверять
0,сделать подключение интернет v медленно мочь отправить попробовать ещё поздний первый томый
0,мэтьюз тейт эдвардс андерсон
0,приятель хейт всё вещь отсортировать всё равно звучать продвигать гекс знать номер шутить
0,нуждаться идти инженер сестрёнка искусство сегодня
0,спасибо дорогой всё ещё слышать оставить немного долгий попробовать поздний отличный совет спасибо надеяться кардифф всё ещё
1,хотеть завтра новый цветной телефон nokia i бесплатный минута любой мобильный телефон бесплатный текст бесплатный ответ видеокамера позвонить телефон
0,im поездка сноуборд интересно планировать собрать весь вместе уходить встретиться приветствовать свой род ваш здоровье
0,смотреть прямой эфир
0,увидеться всё
0,k готовый lt gt
0,знать почему бог создать разрыв ваш палец создать приходить amp заполнять пробел держать рука любовь
0,больший испытание мужество земля нести поражение терять сердце gn tc
0,каковой ваш новогодний план
1,recpt заказать рингтон ваш заказ обрабатываться
0,baaaaaaaaabe проснуться скучать жажда нужный
0,получить это сообщение игнорировать покупка это
0,уважаемый почему настроить мочь водить машина поэтому брат водить
0,папа вернуться
0,мочь сказать шоля договориться пойти медицинский колледж посетить академический отдел рассказать академический секретарь каковой текущий ситуация спросить мочь перевести туда должный попросить нибыть проверить сагам самый лаутеха это жизненно важный заканчивать свой медицинский образование нигерия это дешёвый гораздо дешёвый получить гражданский ставка новый зеландия
0,закончить смотреть день наш жизнь любить это
0,juz go google n search qet
0,терять наш хороший bcoz
0,хороший друг заботиться друг друг близкий друг понимать друг друг настоящий друг оставаться навсегда предел слово вне время gud ni
0,просто возвращаться домой
0,извинить позвонить поздний lt gt мина
0,дун должный использовать dial up juz open da browser n surf
1,наш зарегистрировать подписчик мочь ввести draw a gb подарочный ваучер ответить enter отписаться текстовый остановка
0,потрясающе планировать добраться сюда любой время lt gt написать подробность
0,беречь сон нужно научиться меняться жизнь нужно убедиться это ждать большой разговор пойеть время ваш семья закончиться многий смысл ориентироваться переоценить играть никакой роль жизнь
1,ваш шанс выиграть бесплатный гарнитур bluetooth затем просто ответить помощь adp
0,также получить привет привет привет привет
0,это мочь отображать внутренний подводный лодка поэтому должный извлечь
0,сказать чтоть извинить de
0,печальный история человек прошлый неделя день жена пожелать родитель забыть n ребёнок пойти работа коллега хотеть
0,глупо сказать бросать вызов бог вообще думать писать вместо это отвечать сразу
0,должный состояние написать готовый встретиться
0,v skint spoon несколько прибыль сделать это ночью
0,говорить бросать менее год день поэтому обращать внимание возражать снова увидеть хотеть приехать тонтон сегодня вечером мочь рассказать всё
0,освободиться позвонить
0,ваш маленький любимый неделя нужный кофейный забег томый мочь поверить это время неделя
0,msg u b покидать свой дом
0,всё ещё западный побережье хайза ü занять вечность вернуться
0,ммм трахнуть рождество
0,спасибо совет наслаждаться ночью пытаться немного поспать
0,часто обновлять статус ваш лицевой книга
0,увидеть ваш сообщение это k
0,это
0,банк сказать деньга
0,aiyar dun surving u liao это шкаф приходить
0,эй смотреть фильм сегодня вечером наверное рано домой
0,ярый лор использовать маршрут dat
0,mro приходить спортзал махан спокойный ночь
0,думать нужный жёлтый карта британский путешествие спросить нибыть уйти ранний это сделать это просто lt gt бакс
0,мочь посмотреть получить вещь ещё закончиться
0,звучать отлично собираться спать спокойный ночь
1,б брюшко счастливый гей чат чат загрузка фотография пенсовмин остановить наш текст звонить
0,домашняяубийца мужчина убить lt gt январь качество государственный праздник всё правительство внедрение закрытый число почтовый отделение понять
0,почему нечего делать
0,ничто легко искать причина рисковать жизнь любовь
0,хотеть понять твой красивый добыча
0,это чай уверенный вкус
0,собираться близкий время скоро достигнуть достигать
0,дорога отрицать твой слово пожалуйста
0,знать старый dom который рассказать вчера звать роджер связаться вчера вечером хотеть встретиться сегодня
0,вернуться тампа фффууууууууууууууууууууууууууууууууууууууууууа
0,отметить день b ещё
0,счастливый рождество энни
0,пожалуйста сказать некоторый особенный акция который говорить
0,послать нравиться
1,срочный ur присудить бесплатный поездка eurodisinc trav aco entry фунт стерлинг претендовать txt dis morefrmmob shracomorsglsuplt ls aj
0,потрясающе минута
0,это проблема ходить julianaland обращать внимание происходить вокруг постоянно говорить уходить ухо пока уходить делать всё хотеть дело знать почему расстроенэтый слушать сказать расстроить хотеть удивлённый злиться
0,сказать всё остановиться просто позволять обезвожить
0,думать lt gt мина
0,дом ard wat time достигнуть
0,штурмовидный msg wen u поднимать d phne говорить привет знать это реальный значение привет поле поле поле это d имя девушка поле поле поле девушка маргарет привет d girlfrnd f grahmbell который вкладывать телефон поле поле поле мораль get d имя человек девочка g o o d n i g h t поле
0,хотеть сделать это это род посмотреть usf dogwood drive это крошечный улица парковка
0,aight должный просто запланировать поздний сегодня вечером
0,умереть случайно удалить e msg полагать положить архив хайса грустно
1,добро пожаловать британский дата msg бесплатно давать бесплатный призыв будущий mgs выставлять выставить сумма p день отменить отправить go stop
0,это желать отличный день моджи рассказать ваш предложение потерять дар речь предлагать легко пойти всё имя это потрясающе экзамен следующий пятница это поддерживать связь большой извинить
0,ещё спасибо ответ сегодня появиться твой виза всё ещё покупать гуччи сумка сестра нелегко дядя джон также свой счёт поэтому действительно нужно подумать заработать свой собственный деньга поздний ша
0,извинить хлопнуть вчера вечером дерьмо серьёзно спускаться сосед комната делать сегодня вечером
0,сказать выглядеть довольно длинный волос сокращать довольно короткий
0,ранджито кэл дрпд деарадж дипак мина
0,приветствие callin babesozi culdnt talk wannatell u
0,эй всё ещё спортзал
0,сказать возражать пойти спальня минута ok сдаться сексуальный настроение выйти минута лата торт жена
0,гораздо хороший спасибо лола
0,smsing u n xy lor извинить ребята ребята нева лично знать итак встречать xy спросить принести наш следующий собрание
0,знать мочь забраться забрать свободный основное любой время весь это семестр
0,ва эффективный спасибо
1,получить свой мобильный контент наслаждаться
0,s состояние спать
1,хотеть явный секс секунда кольцо стоить пенсовмин
0,скоро встретиться принцесса поговорить поздний
0,забрать около вечер поехать тонтон всё ещё хотеть приехать
0,ох внешний игрок позволить играть знать
0,нибыть лор
0,эрутупал тандиячать
0,мочь попробовать новый изобретение летать шутить
0,это полный песня
0,считать нужно договориться транспортировка мочь это сделать спасибо
0,истинный любовь уход признанный хотя сочан часто совершать ошибка оценка это определённо разоблачить начать пропустить
0,шопинг эх гера находиться абт сид лех ха ха
0,подходить
0,хороший выходной
0,мисс полл мисс кэлла хелата кинта противник мисс дхотт лейдж это d правило отличный телефон получать качественный победа
0,позвонить появиться шанс пожалуйста
0,новый игра deus ex comin начало следующий год
0,компьютер просто поджарить единственный важный часть который держать запасный запасный грёбаный сосед комната идиотский комната подходить оставлять вещь работать полный уровень gt
0,подруга учиться warwick планировать пойти магазин посвятить tmw это мочь отменить видно целый вечность должный нибыть собраться вместе
0,наверное пара час
0,lol улыбаться детка спасибо подумать
0,человек автобус медленный думать добраться
0,надеяться текст встретить улыбаться пусть текст дать повод улыбаться хороший день
0,просыпаться задаваться вопрос находить
0,
1,последний nokia mobile ipod mp плеер фунт стерлинг гарантированно ответить выиграть norcorp ltd mtmsgrcvd
1,sms services ваш инклюзивный текстовый кредит пожалуйста wwwcomuknet login qxj unsubscribe остановка дополнительный плата помощь comuk cm ae
0,nvm взять свой время
0,решение wats da
0,уот вверх сука
0,глупый это невозможно
0,сказать hr хотеть публиковать ченнай работать
1,мобильный клуб выбрать любой хороший товар ваш мобильный телефон cfcaa
0,уезжать ребята
0,невый ворчать грустно хи купить tmr lor aft lunch всё ещё встречать ланча tmr a нева слышать лей ü получить работа
0,мочь сделать
0,ü takin linear algebra today
0,выходной порядок оправдание делать слишком украшение
0,извинить скучать детка опаздывать спасть надеяться понравиться ваш урок вождение boytoy скучать дразнить поцелуй
0,проект pa это мочь прийти
1,деньга который выиграть номер
0,всякий показывать черта взять gt
0,это случайно увидеть старый комнатный кампус закончить
1,поздравлять мобильный g видеофон r yours позвонить videochat vid ur mates играть игра java dload polyh music noline rentl bx ip вечер
0,мужчина нужный красивый умный заботливый любящий регулировать кооперативный жена закон позволять жена
0,это отстой запланировать свой валентина твой твой валентин
0,получить часть ноттингем час миля сильно любить свой мужчина заниматься весь лишь миля час привет хо
0,думать никто говорить ясно нужно спрашивать пойти прийти
0,привет добрый утро спасибо нравиться
0,хотеть встретиться ирро
0,дело решить слишком голодный поэтому ещё уйти v
0,отправить свой роль
0,выходить шопинг даррен джус позвонить спросить присутствовать хотеть затем начать догадываться догадаться даррен лор
1,хотеть член муженёк нужный настоящий человек удовлетворять txt жена либо действие txt stop end txt rec ea otbox la ws
0,понимать потеря выгода работать школа
0,дело скучать немного скучно праздник хотеть go bak college грустно xx
0,привет вероятно приехать домой выходной следующий
0,забывать любить идти рядом наблюдать держать свой сердце тепло
0,хотеть всё иначе интересно смочь показать насколько ценить продолжать оживление проходить никакой наркотик попросить найти вещь который смеяться очень любить
0,оба наш день делать ужин тонит пригласить
1,gr новый сервис видеочат прямой эфир ваш толоб смотреть самый сексуальный грязный девушка прямой эфир ваш телефон подробность текст рогов отменить отправить остановка
0,деньга стив мат
0,опоздать свой путь
0,винить день ваш жизнь хороший день давать счастие плохой день давать опыт оба необходимый жизнь всё бог благословение добрый утро
0,обычно ежедневно пить большой вода
0,сметь спросить любой удача разобраться машина
0,вечеринка usf зарядка мочь внести свой вклад любой время это очень цениться место ещё
0,ург тренер горячий запах чипсы ещё спасибо особенно одеяло предиктивной текстовый слово
0,hiya пройти прошлый ночью непослушный купить одежда очень мало готовый покупка время хотеть встретиться
1,freemsg hi baby wow получить новый cam moby хотеть c горячий картинка хотеть чат im win utxt rply chat hlp msgp rcv
0,пытаться связаться успех
0,дерек закончить класс
0,лей ленивый dat day ü отправить url мочь работать
0,пытаться одиночество взять вес слеза который выходить твой сердце падать свой глаз помнить глупый друг поделиться bslvyl
0,эй приятель поговорить человек это доставляться конец месяц доставить сентябрь поговорить поздний
0,надеяться хороший неделя просто проверять
0,ха ха друг тайлера буквально спросить смочь получить dubsack
0,привет хотеть встретиться cha hav lil beverage txt позвонить смочь встретиться lr довольно устать войти vpist love pete x x x
0,большой взять безопасный путешествие сдаваться паника
0,симптом влюбить u нравиться слушать песня u остановка видеть имя свой любимый u сердиться ваш
0,солнце ах это мочь дун нибыть нужно забронировать урок элатёс orchard mrt u noe hor
0,попробовать сделать нибыть дорога нибыть читать экзамен
0,чудо мир й й стиль й твой улыбка личность природа й ур смс й твой прекрасный дружба добрый утро дорога
0,gettin rdy отправить комплекс
0,больница поле вернуться домой вечером
0,писса говорить это понимать это это прочитать это назад
0,думать делать
0,проснуться дело
0,добрый день мальчик идти прогулка день получить полицейский реферат всё ещё выйти просыпаться скучать детка
0,сколько пытаться получить
0,приходить вокруг decimal gt pm vikky otside nw il прийти время
0,сказать ещё адрес
0,дошневинк сказать очень милый мир бог смеяться amp сказать подождать встретить человек читать это msg мораль бог мочь шутить gmgngegn
0,должный купить blackberry bold torch должный купить новый использовать дать знать плюс говорить должный купить lt gt g wi fi ipad говорить the lt gt g
0,вместе должный подумать немой
0,привет дело солнечный африка надеяться провести время поцелуй большой старый серебряный поцелуй
0,время должный приехать завтра
1,хотеть посмеяться попробовать chitchat свой мобильный телефон вход система поставить слово чат отправить cm po box london wa zf pmsg rcvd
0,cha quiteamuzing that school babe probpop in cu satthen hunny brekkie любить джена ххх psxtra lrg порция пожалуйста
0,бог узнать
1,срочный это попытка связаться u u выиграть call b t csbcmwcnxxcallcostppmmobilesvary макс фунт стерлинг
0,
0,прямо позади abt ряд позади ü
1,поздравлять присудить ваучер cd й гарантировать бесплатный запись wkly draw txt music to
1,ваш контракт мобильный mnths последний motorola nokia далее всё бесплатно двойной минута текст апельсиновый тариф текст обратный вызов удалить запись
1,срочный позвонить номер ваш стационарный линия ваш бесплатный ibiza holiday наличный деньга sae t cs po box sk wp мд
0,пока план делать
0,привет помолвка исправить lt gt следующий месяц знать это действительно шокировать bt hmm njan vilikkam t ws al of a of sudn
0,курс математик однажды глава который месяц мочь закончить
0,вау думать это распространить возвращать всё это урод отрубить
1,ваш шанс выиграть фунт стерлинг
0,неоооооооо пожалуйста последний нужно это стресс жизнь справедливый
1,секретный поклонник который искать вступать контакт ufind out показывать считать специальный вызов телефон stopsmsppm
1,мила возраст блондинка новый великобритания смотреть секс британский парень нравиться веселие текст mtalk pptxt st free приращение help
0,посмотреть смочь немного пройти мимо кой позаботиться firsg
0,хотеть пожелать счастливый новый год хотеть поговорить некоторый юридический консультация который гэри расстаться лично совершить поездка ptbo это надеяться всё детка любить
0,ещё закончить работа это род
0,завтра пойти театр поле поле мочь приехать звонить поле поле сказать приехать завтра
1,молодец англия получить официальный полингтон цветный флаг yer mobile текст тон флаг отказаться txt eng stop box wwx
0,правильно это позвонить это число ваш
0,всё порядок злиться msg u uft приходить домой сегодня вечером
0,провести время приятно сделать немного выходной разнообразие увидеться скоро
0,йо извинить душа sup
0,карлос падать должный забрать поэтому немного качаться мимо usf
0,полный тепло pa применить масляный pa
0,застрять середина da row правый сторона da lt
0,положить свой линия airtel отдохнуть
0,привет решить получить день рождение плохой получить ваучер девственница
1,freemsg txt звонить претендовать свой вознаграждение час время разговор использовать ваш телефон specpibegbpmnth inc hrs stop txtstop
0,привет чувствовать хороший хопсо ханни чувствовать плохо мочь иметь tonsolitusaswell черта лежать кровать скучно любить хххха
0,планировать оставаться ночь выйти поздний вечер
0,спасибо путаный фон
0,нужный й вне банкомат кампус мочь забрать час
0,ха ха ден послать сегодня дело nvm la kaiez dun mind goin jazz oso напугать hiphop open мочь догнать
0,работать управлять весь минута затем нуждаться кислород возможно прийтись прибегнуть вариант ролик
0,жить следующий lt gt мина
0,спрашивать
0,просто рад поговорить
0,время ü финиш
0,извинить сойти ум ожидать работа делать
0,сколько уборка
0,любимый человек сегодня усердно работать мочь снова спать прошлый ночёр позвонить
1,солнечный викторин выиграть dvd рекордер super sony canname столица австралия текст mquiz b
0,ü называться папа орести
0,хороший думать мочь прислать немного пикс хотеть увидеть ваш верх снизу
0,nvm всё равно носить свой спортивный туфля поздно лех
0,извинить позвонить поздний встреча
0,это длинный чертовски шоур
0,получить понять n действовать
0,прислать починить потолок
0,нужно преснт мочь любить jeevithathile irulinae neekunna prakasamanu sneham prakasam ennal prabha mns prabha islove получить
0,jus финишировать взорвать волос закончить ужин
0,автобус любить
0,лола знать это видеть долларовый магазин
1,пожалуйста позвонить наш представитель обслуживание клиент номер вечер выиграть гарантировать фунт стерлинг фунт стерлинг
1,сегодняшний номер voda заканчиваться выбрать получение вознаграждение размер фунт стерлинг матч пожалуйста позвонить номер применять код претензия стандартный ставка
0,суббота воскресение это очень сложно
0,всё веселиться сегодня вечером скучать
0,получить газовый деньга hella хотеть немного поехать grand nature adventure галилей
0,встреча позвонить поздний
0,ого это гей справка обновление прошивка
0,это подойти прийтись перейти морфин
0,почему дин c ü подстригать волос
0,k k pa пообедать ага
0,хо это первый использовать слово
0,капитан виджайкант заниматься комедия капитан тв пьяный
0,думать бог приостановить прямо
0,скрывать любой держать расстояние
0,
1,сорваться получить свой мобильный контент wwwclubmobycom позвонить телефон polytruepixringtonesgames six загрузка
0,извинить заблокировать свой клавиатура
0,история человек
0,планировать приехать ченнай
1,попытаться связаться ответ наш предложение видео телефон любой время любой сеть получать полцена
0,бог создать пропасть следовательно ваш палец dat date sum special заполнить пробел держать рука
0,порядок собираться спать поздний
0,пожалуйста защитить электронный угроза sib просить конфиденциальный информация пароль atmsms pin код электронный почта делиться свой пароль
0,это случиться aftr десятилетие пиво дешёвый бензин государство ожидать выпить поле поле водить
1,ждать рождественский награда фунт стерлинг наш компьютер случайно выбрать наш лояльный мобильный клиент получить вознаграждение фунт стерлинг просто позвонить
0,встреча tmr
0,лола это добавить немного специя ваш день
0,надеяться отличный день
0,наш мать прасант эттан скончаться прошлый ночью просто молиться семья
0,k нибыть поработать
1,частный ваш заявление учётный запись год показывать выручить s i m points звонить код идентификатор истекать
0,это сообщение отличный доктор индия пить appy fizz содержать рак вызывающий возраст
0,мочь выбрать телефон прямо пожалуйста отправить сообщение
0,звонить говорить позвонить
0,около вероятно
0,дама первый родиться второй
0,пожалуйста плавать
0,мама идти робинсон
0,около установить дать подробность поздний
0,назвать программный обеспечение
0,отправлять печатный аут
0,действительно soz imat мама nite насчёт моро
0,родиться бог сказать идиот родиться бог сказать конкуренция знать однажды двое стать друг навсегда
0,получить ур полный msgsometext отсутствовать отправить снова
0,наверное бензин завтра получать немного деньга
1,объявление обслуживание клиент недавно попытаться сделать доставка смочь это сделать пожалуйста позвонить номер переучить ссылка
0,забыть спросить всё smth карта настоящий лей ü всё хотеть написать smth знак немой
0,покидать свой дом
1,привет детка это хлой разбитый суббота вечером это здорово пройти ваш выходной скучать sp visionsmscom текст остановка остановить ptext
0,ü готовый позвонить
0,wewa iriver всё мб
0,получать связь bw
0,sry dajst nw прийти домой
0,это круто весь ночь узнавать рядом
0,остановиться город
0,ха ха унция это дерьмо
0,мочь отправить магазин платить d
0,жизнь значит любить свой жизнь любить человек жизнь мир называть друг называть свой мир ge
0,принести это увидеться lt gt мина
0,пожалуйста играть жизнь
0,обед
0,хммм должный дать день
0,пытаться g решить отправляться
0,около вероятно
0,сумск дать это приезд рассмотрение
0,прекращение март должный готовый наверняка назвать проблема капитал завершаться далеко работа дама
0,tessypls сделать одолжение пожалуйста передать пожелание день рождение нимья pls dnt забыть это сегодня день рождение шиджас
0,пожалуйста дать пища предпочтительно папа очень медленно множество сахар мочь занять час дать это немного вода очень очень медленно
1,срочный ваш мобильный удостоить премия бонус размер фунт стерлинг это наш второй попытка связаться звонить boxqu
0,парень который привыкнуть слишком глупый понять это
0,ока док немного закончиться просто разбирать кой
0,дон планировать
0,
1,win победитель мистер фоля выиграть ipod скоро захватывать приз следить свой мобильный телефон посетить wwwwincouk
0,понравиться новый мобильный
0,любой время
0,ммммммм прижиматься глубоко довольствоваться вздохнуть
0,ярый говорить получить ошибка
0,эй всё равно нужно
0,вау здорово old airport rd lor мочь купать свой собака поздний
0,wif my family booking tour package
0,сказать смелый затем факел поздний факел bold
0,ха ха круто возможно прийтись принять это делать сегодня вечером
0,знать vl giv около спасибо кано любой случай наслаждаться твой семья й зарплата
0,медленно давно достигать liao u ещё день ещё leh
0,это крутой принцесса покрой твой лицо горячий липкий сперма
0,большой брат действительно соскребить ствол это душ социальный неудача
0,ой идти проверять сказать ü
0,s минута пойти обед
0,привет случиться выключить свой ячейка d целый день это это заботиться позвонить завтра
0,k делать addie amp делать искусство вернуться домой
0,дядя атланта желать ребята отличный семестр
0,айо урок рано всё ещё спать ха ха ока идти домой ляо ден подтвердить
0,забыть сказать смочь номер разделение это ясный
0,ага нибыть лор дун ван это нормально
0,дом любовь всё ещё спать любящий поцелуй
0,привет персик торт вкус пышный
1,бесплатный игра получить rayman golf бесплатно a arcade o arcade й get ur games settings ответить сообщение затем сохранить active нажать кнопка arcade термин
0,сегодня вечером интересно место незначительный shindig
0,джейсон говорить это круто взять немного место час
1,ваш мобильный млн месяц обновить последний камерувидео телефон бесплатно держать свой номер получить дополнительный бесплатный минутытекст текст звонок
0,карьера тело добавить качество контакт indyarockscom отправка бесплатный sms удалить телефонный книга sms no to lt gt
0,достигнуть
0,знать спрашивать брат проблема просто сказать
0,k egging пепел
0,время r ü собираться хостел синь
0,добрый утро дорогой шиджутта успешный день
1,купить космический захватчик aneck win orig arcade console нажать games arcade std wap смотреть ocoukgames условие настройка покупка
0,это размещение
0,владение особенно первый нарушение
0,nt вождение многий причина называть bbd это chikku затем hw abt dvg холодно сердце насилие винобанагар hw это состояние hw ru нибыть проблема
0,купить тест вчера это позволять узнать точный день получить u примерно неделя пожалуйста волноваться знать волноваться пожалуйста расслабиться также нибыть прошлый история нужно сказать
0,пицца хотеть
0,продолжать видеть странный дерьмо всё ооа понимать это дело разумно всё
0,многие ещё счастливый возвращение день желать счастливый день рождение
0,очень мило поле готовый четверг
0,больница поле вернуться домой вечером
0,думать u x
1,камера наградить цифровой камера sipix звонить fromm landline доставка течение день
0,говорить всё ещё верить
0,просто вставить знак выбрать номер pin код показать верно
0,красота жизнь состояться следующий секунда который скрывать тысяча секрет хотеть каждый секунда замечательный твой жизнь gud n
0,спасибо дорогой крутой спасибо несколько напиток день рождение ночь завтра беречь близкий времяxxx
0,всё ещё встать возможно оставить кредитный карта мочь получить газ вернуться сказать
1,ваш еженедельный тон прохладный двигатель готовый загрузка неделя новый тон включать crazy лягушкаосить f akonlonely black eyeddont p дополнительный информация n
0,мальчик рад потратить впустую весь ночь applebees
1,cashbincouk получить деньга выходной wwwcashbincouk уважаемый выходной самый больший хороший либо задача
0,около лор идти идти посмотреть
0,u wan haf lunch столовая
0,делать жизнь слишком стрессовый найти время смеяться это мочь добавить год ваш жизнь безусловно добавлять большой жизнь твой год gud niswt мечта
0,эй похоже ошибаться номер парень каппа всё ещё телефон хотеть мочь написать посмотреть рядом
1,срочный ваш номер мобильный телефон наградить гарантировать приз фунт стерлинг позвонить земля претензия действительно час млрд
1,спасибо ваш постоянный поддержка ваш вопрос неделя ввести наш розыгрыш наличные назвать новый президент сша txt ans
0,дом док дать обезболивать лекарство говорить всё порядок
0,это весь лишь ard é resh all ard крайний мера это цена é bedrm доллар
0,хороший ночь ххх
0,приготовиться удовольствие
0,привет технический поддержка помощь клиент электронный почта электронный почта
0,отправлять сообщение дорога чашка это должный работать это должный автобус
0,ваш радио шоу
1,ваш уникальный идентификатор пользователь удаление отправить остановка служба клиент
0,уверенный всё ещё доступный хотя
0,связь watever u создать dis world only thing который оставаться atlast iz lonlines воспоминание lotz n mot чувство
0,ура лу хороший стыд прийти нева c ya gailxx
0,привет деньга
0,привет мобильный lt gt добавить список контакт wwwfullonsmscom это отличный место отправка бесплатный sms человек получение дополнительный информация посещение fillonsmscom
0,сказать приехать поздний лор
0,u повторить инструкция снова wat e road wame of our house
0,человек казаться особенный первый взгляд лишь очень немногие остаться особенный ваш последний взгляд поддерживать конец жизнь sh jas
0,довольно лор дун сказать подождать стать самодовольный
0,извинить полностью забыть занять неделя всё ещё
0,самый красивый девушка который либо видеть ребёнок приходить смотреть общий комната
0,o мочь посмотреть смочь присоединиться денис мина денис хотеть одиночество
0,сен сказать собираться присоединиться свой дядя финансы cbe
0,эй однажды нибыть пт мочь попросить мив цзяйин уйти отпуск go караоке
0,позвонить сенхала hsbc
0,говорить бостон личный заявление lol изменить это понять сказать нью йорк это говорить бостон
0,действительно кстати это либо оба
1,срочный call стационарный линия ваш бесплатный ibiza holiday фунт стерлинг
0,святой живой христос долго занимать
0,ü thk of wat поесть сегодня вечером
0,спасибо возвращаться солнце закончить ужин возвращаться отель время улетать сегодня наступать надеяться ещё mths
0,противоположный сторона откуда высадить
0,ага иззита всё ещё идти дождь находиться e mrt мочь c снаружи
0,прислать свой резюме
0,gd luck ur экзамен
0,спрашивать весь следующий sat мочь всё мочь сделать это порядок
0,извинить это дядя ill поддерживать связь
0,вчера вечером видеть парень кукла патрик суэйзи это здорово
1,срочно это наш второй попытка связаться u ваш приз фунт стерлинг вчерашний день всё ещё ожидать коллекция требовать звонок
1,сант понять ваш малыш звонок канун сант рождество позвонить забронировать время звонкиppm последний минута s t c wwwsantacallingcom
0,просто вернуться домой хотеть несчастный
0,знать почему получать твой сообщение
0,это круто тайлера прийтись взлететь купить высадить место поздний сегодня вечером наш общий заказ четверть достаточно
0,парень автомобильный магазин который флиртовать получить номер телефон документ позвонить написать нервничать мочь иметь адрес должный позвонить босс сказать знать это мочь уволить
0,реверс это обман это математик
0,планировать управлять это
0,э э э э э э э э всё ходить план медленно хромать домой который следовать аа выхлопной вых
0,извинить задержка мастер
0,позвонить закончить выбрать
1,частный ваш заявление учётный запись год показывать негативный бонусный балл претендовать звонок код идентификатор истекать
0,случиться собственный oga оставить свой телефон дом увидеть ваш сообщение надеяться всё удачный выходной
0,волноваться понимать важно поставить свой место плохо продумать наказание лицо плохой либо случаться brb пойти убить
0,дорогой мочь узнать сколько продавать прогноз нигерия сколько использовать очень важно иметь ответ понедельник
0,e административный здание мочь немного ранний позвонить достигнуть
0,ваш сведение usf качаться мимо комната
0,мочь позвонить lt gt мина это нормально
0,мммммаа счастливый возвращение день дорогой сладкое сердце день рождение дорога
0,ü домашний работа делать
0,всё ценный ситуация первый прежде получить второе проиграть
0,марк требовать вечно забрать рецепт боль возвращаться
0,твой бумага
0,малый ёмкость довольно бывший
1,посетить выбрать свой малыш видео smsshsexnetun fgkslpopw fgkslpo
0,порядок думать
1,u r победитель u ave выбрать специально получить фунт стерлинг наличные праздник flights inc поговорить живой оператор претензия pмина
0,
0,думать это пить tap spile семь это паб газовый ул
0,собираться спать устать путешествие
0,ха ха именно думать
0,это давать проблема майба оставить это
0,лола просто пытаться сделать свой день немного интересный
0,долго получить ответ просто отложить вход следующий семестр
0,слово checkmate шахматы происходить персидский фраза шах маат означать король мёртвый гудтрон хороший день
0,po de нужный работа ага
0,крыса эй нибыть проголосовать следующий тема
1,новый мобильный телефон год должный пойти txt nokia to no собирать свой сегодня фунт стерлинг wwwtcbiz optout gbpmtmsg txtauction
0,надеяться твой моча сжигать тонит
0,обряд хороший приятель пит который выходить неделя geva это долгий неделя
0,ура мочь дождаться повеселиться вместе
0,photoshop делать компьютер закрытый
0,всё мальчик высмеивать сегодня проблема отправить сообщение просто удовольствие
0,это проблема калифорния порядок снег управляемый
1,частный ваш заявление учётный запись год показывать выручить s i m points звонить код идентификатор истекать
0,хммм mayb мочь попробовать e shoppin area one забыть e name of hotel
0,потрясающе это скоро поздний сегодня вечером
0,нужный подробность онлайн работа
1,выиграть ценный клиент vodafone наш компьютер выбрать выиграть приз фунт стерлинг собирать легко просто позвонить
0,скучать
0,пожалуйста помочь сказать эшли мочь найти номер
0,эвапаний театр поле собираться посмотреть кавалан несколько минута
0,это увеличить вероятность победа
0,любой случай работать lt gt год надеяться это беспокоить
0,мочь стоить найти ещё нужно сделать
0,получить право жена донт требовать это стараться муж
0,понравиться твой новый дом
0,порядок надеяться
0,кроме северный каролина техасский банкомат просто пойти сайт gre заплатить отправка результат испытание
0,самый
0,детка нужно растянуть твой киска
0,спасибо бомба дата хотеть сказать телефон
0,
0,эй парень который знать дышать шея получить бутон любой случай смочь получить наполовину трек usf сегодня вечером
0,ответ это мощный оружие занимать место сердце сердце дать ответ заботиться u gud night swtt dreams coake care
0,телефон nokia милый
1,бесплатный сообщение спасибо использование служба подписка аукцион pmsgrcvd пропустить аукцион txt out unsubscribe txt stop customercare
1,скучный домохозяйка чат свидание btnational ставка пенсовмин стационарный линия
0,извинить прийти игра вождение класс
0,очень жаль зажечь твой волос огонь
0,ой дерьмо думать это твой поездка looooooool это иметь гораздо большой смысл ухмыляться ссылка диван ссылка сон диван который прислать отправиться свой поездка ох твой детка пойти праздник твой арендный плата
0,окей док помахивать вещь
0,смотреть мультфильм слушать музыка amp ева прийтись пойти храм amp церковь насчёт
0,натяжение лицо улыбаться лицо отхождение лицо невинный лицо серваря joker face
0,dips cell dead идти хороший ответить иначе вернуться
0,понимать текстовый сообщение
0,привет это yijue рад работать wif ü всё gek
0,ржа мочь ой извинить веселиться
0,случиться круиз
0,знать dat feelin пит вулд получить ореховый место время майба
1,lyricalladie f приглашать стать друг ответить смотреть wwwsmsacuhmmross stop отправить остановка
0,самый самый счастливый frnds мир бывать одинаковый персонаж dey просто иметь хороший понимание различие
1,полифонический тон ур толпа каждый неделя просто txt pt й тон тон взять txtin рассказать свой друг pтон ответ hl info
0,просто открыть чат нажать список друг затем составить список легко пирог
0,тайлера незначительный кризис должный дом ранний думать скорее
0,когдагде забрать
0,обычно мочь называть ard smth
0,новый теория аргумент выигрывать ситуация d терять человек спороть твой друг просто поле поле пнуть amp сказать право
0,многий вещь это антибиотик использовать инфекция живот грудной клетка инфекция кость
0,бедный девушка мочь пойти однажды lmao
0,просто сделать это times
1,сегодняшний номер vodafone заканчиваться выбираться премия фунт стерлинг ваш номер совпадать позвонить номер получить награда фунт стерлинг
0,должный пожалуйста записать всё подвергаться также узнать школа ещё рвать дом собака кошка дать знать поздний
0,японский пословица это сделать мочь это сделать никто мочь это сделать должный сделать это индийский версия это сделать пусть сделать это никто мочь это сделать оставить это версия керала это сделать остановить делать никто мочь сделать это сделать удар повод
0,похоже это мальчик целомудривый устройство мочь время провести это целомудение улыбаться взять свой избиение хороший собака собираться отдыхать хороший длинный ванна
0,плохой весь использовать половина путь останавливаться хороший завершить
0,убогий говорить побочный эффект контроль рождаемость это массивный судорога кишечник течение первый месяц вообще спасть вчера вечером
0,прислать новый номер
0,передать отношение
1,хотеть последний видео телефон любой время либо сетевой мина аренда половина ценовой линия ответить позвонить доставка завтра
0,половина год пропустить твой дружба
0,мочь выбрать телефон прямо пожалуйста отправить сообщение
0,ради весь таллахасся
0,ха ха это первый человек который собираться спросить
1,гарантировать последний телефон nokia гб ipod mp плеер приз фунт стерлинг txt word собрать ibhltd ldnwh pmtmsgrcvd
0,така лор время посмотреть
1,бесплатно полифонический рингтон текст супер получить бесплатный политон неделя sn pobox nr zs подписка pw
0,достигать ещё остановка
0,хотеть опубликовать это написать это многие время привлечь вещь позволить сидеть это чувствовать время зло уйти ударить отправить затем остановиться это проверить свой телефон добраться машина это сказать спать скучно почему это время очистить сложить бельё далее крайний мера сделать кровать
1,warner village c колин фаррелла swat the wkend warner village получить бесплатный мёд попкорн просто показать msgticketkioskvalid c t c kiosk ответить sony mre film предложение
0,выйти интернет сегодня вечером
0,нибыть особенный
0,солихалл хотеть нибыть
0,сделать хороший день
0,сожалеть сообщать nhs совершить ошибка u родиться пожалуйста отчёт local hospital b
0,любить праздничный понедельник прийтись пойти стоматолог час
0,путь тирупур
1,цель арсенал генри ливерпуль генри забивать простой выстрел ярд проход мимо бергкампа дать арсенал маржа гол минута
0,тревожный родитель это должный работа ребёнок поддержать родитель пора пока становиться возраст должный поддержать причинить боль непреднамеренный всё больно
0,взять хуч прогулка упасть сплат спасчить колено всё должный остаться дом увидеться завтра
0,высадить омв
1,это второй пробовать контакт выиграть фунтовый приз претензия легко позвонить пенс мина btnationalrate
0,сидя му
0,ваш звонок видеть facebook
0,g говорить отвечать свой текст подтвердитеопровергнуть
0,часто слышать делать пройти день позволить спросить нибыть сегодня улыбаться сделать это gud evng
0,привет дорога назвать это урнт знать твой проблема хотеть работать либо проблема крайний мера сказать выйти ответ ваш ответ
0,отменять лех ха ха
0,мочь пойти e нормальный пилатёс наш вступление
0,около пусть покинуть свой дом
0,почему это пытка наблюдать англия
0,хотеть сделать искусство d
0,просто надеяться это слишком разозлиться помнить отправиться свой сестра это род
1,получить требоваться принимать участие ралли wrc оз мочь lucozade energy текст rally le p смотреть packs lucozadecoukwrc itculd u
1,привет девушка sexychat ждать написать текст отличный ночной чат отправить остановить остановить услуга
0,добрый утро мальчик вкусный губа сексуальный булочка делать думать жаждать нужный
0,матч начать india lt gt
0,однажды бесплатно назвать сэр
0,эй хотеть купить
0,эй детка дело нибыть выяснять идти новый год
0,kk поздравлять
0,g хотеть знать черта взять
0,это отменить детка это звучать важно поэтому понимать дорогой давать кольцо поздний fone love kate x
0,томарроу хотеть добраться корт at lt decimal gt поле итак приходить автобус год
0,ü идти домой ляо попросить папа забрать
0,бог мочь сделать свадебный часовня frontierville почему получать всё хороший вещь
0,скоро вернуться работа пока шоу горный олень смотреть b liao очень мило
0,проверить почта отправить почта varma оставить копия отношение членство
0,неправильный телефон телефон отвечать это предполагать это человек который очень
0,любой случай думать смочь нибыть закрепить лемма узнавать хотеть поехать юг холод
0,вернуться домой наверное
1,отличный новость позвонить freefone потребовать гарантировать фунт стерлинг подарок фунт стерлинг поговорить живой оператор
1,привет это эми отправить бесплатный номер телефон пара день дать доступ весь вечеринка взрослый
0,автобус дорога каликута
0,привет это вероятно слишком весело получить это сообщение думать сталкиваться скучно джеймс пукнуть весь ночь
0,привет детка сидеть кровавый автобус мо дом пока примерно хотеть сделать нибыть поздний позвонить поздний ortxt обратно джесс xx
1,добро пожаловать выбор услуга o дополнительный преимущество мочь позвонить наш специально обученный консультант бесплатно ваш мобильный телефон набрать
0,потерять фунт пора док визит прошлый неделя woot woot праздновать наполнять свой лицо
0,вернуться ужин папа спросить подтвердить
0,делать мастер купить bb продажа bf
0,аааааааааааааааааааааааааааааааааааааааааааааааааааааааааааааааааааааааааааааааааааааааааааааааааааааааааааааааааааааааааааааааааааааааааааааааааааааааааааааааааааааааааааааааааааааааааааааааааааааааааааааааааааааааааааааааааааааааааааааааааааааааааааааааааааааар знать комедийный ночь думать готовый
0,vivek позвонить ваш номер
0,почему позвонить обед
0,иметь вид остаться слишком рано проверить работать
0,хотеть lt gt rs da
0,немного твой улыбка это hppnss капля твой слеза это печаль часть твой сердце это жизнь сердце заботиться хороший друг
0,
0,хотеть увидеть твой красивый киска
1,уважаемый держатель ваучер ваш следующий еда использовать следующий ссылка ваш компьютер наслаждаться engine wwwvouchmecometlpdiningasp
0,несколько человек игра торговый центр иурить кайла
1,срочный пытаться связаться u сегодняшний рисунок который выиграть гарантировать гарантировать приз размер фунт стерлинг позвонить земля требование действительно час
1,мочь пожертвовать фунт стерлинг азиатский фонд поддержка стихийный бедствие юнисеф
0,будущее это запланировать завтра это результат делать сегодня сделать хороший настоящий наслаждаться будущее
0,cme хотеть поехать hos morow это cme это получить дорога делать сказать любой время
0,должный встретиться обсудить наш поездка думать сюхуй сказать день думать это мочь пойти урок
0,привет приходить интернет использовать msn всё
0,порядок надеяться всё беречь
0,ой душа позвонить эй гараж пакет рухнуть университетский больница видеть сумасшедший подобный вещь случаться
0,айо бедный ешьшь купаться
0,ярый знать давно случиться
0,великолепный держать пикс сбрасывать спасибо
0,мальчик поздний дом отец сила
0,джейд пол сделать помнить бармёд хотеть поговорить txt
0,проведь новый год брат семья давать планировать встретиться следующий неделя готовый избаловать
0,делать сегодня
0,сказать всё порядок извинить
0,спасть думать время lt gt pm опасно
0,сетевой работа
1,goldviking m приглашать стать друг ответить смотреть wwwsmsacugoldviking отправить остановка
0,позволять изучать lr
0,это забивать
0,спешка работать школа поэтому спешить голодать
0,канал
0,говорить мочь твой настоящий валентина выбирать даром
1,фонарий award сегодняшний номер voda заканчивать xxxx выбрать получение награда размер фунт стерлинг матч пожалуйста позвонить телефон код претензия приложение стандартный ставка
0,сделать это eta taunton планироваться надеяться это всё ещё окдан рад видеть xx
0,голодный купить дом
0,привет кейт надеяться отправляться сторона adrink город куд watershd ppl fromwrk bthere любить petexxx
0,диск прочитать нужно написать
0,просто посмотреть это эдди возвращаться понедельник отстой
0,новый год надеяться хороший семестр
0,esplanade lor ещё
0,мочь поговорить
0,hmph идти голова большой баллер
0,это дело назвать пунто это плохой
0,неа пора айо путешествовать забыть свой парень
0,всё ещё рядом хотеть забрать поздний
1,cds u поздравлять присудить фунт стерлинг cd ваучер фунт стерлинг гарантировать бесплатный
0,год gt toyota camry собственный мистер олайивол пробег это lt gt kits чисто нужно знать сколько продаваться смочь поднять тесто это скоро посадка продать холл обратно
0,угадать паб счастливый свинья клевер это род
0,скоро вниз
0,поле прийти завтра
0,идти дурак обманывать
0,мобильный номерpls sms ur mail idconvey уважение achan ammarakheshqatar
0,кстати rencontre должный встретиться снова гора
1,выиграть гарантировать фунт стерлинг приз фунт стерлинг требовать призовой приз наш представитель обслуживание клиент телефон вечер
0,посещать свой урок вождение сколько день
0,дядя г просто проверять полезный месяц
0,привет бойтой бог скучать сегодня любить отправлять tm напоминать думать любить любящий поцелуй
0,думать всё ещё должный получить деньга мочь готовый
0,эй девочка всё хотеть встретить ужин нит
1,уважаемый xxxxxxx пригласить xchat это наш последний попытка связаться txt chat pmsgrcvdhgsuitelandsrowwjhl ldn год
0,младенец делать говорить думать хороший мальчик скучать любить
0,большой сегодня офис
0,это круто мочь продержаться немного некоторый время получить большой время близкий время
0,грустный шум щенок
0,это возможно динт попробовать пожалуйста говорить никто k
0,любой случай холл рядом нужно оправдание заползть человек сарасоте
0,случиться
0,собираться спросить лола думать это
1,ваш денежный баланс настоящий время составлять фунтовчтоба максимизировать ur cashin sepend prese pмег cc hgsuitelands rowwjhl
1,частный ваш заявление аккаунт год показ выручить sim точка звонить код идентификатор xx истекать
0,погонять бегать пока пересекать улица
1,хотеть рассказать свой самый глубокий тёмный фантазия позвонить весь pmin остановить текст звонить ставка nat
0,пятница уйти понгала получать либо новость ваш рабочий место
0,эй очень неудобно твой сестра
0,vldo знать получить одобрение adsense
0,очень приятно видеть день дудетта скучать
0,хотеть поехать perumbavoor
0,сколько говорить сцена смеяться слушать ага
1,поверить это это правда это невероятный txts ответить g выучить настоящий удивительный вещь который поразить ofwd ptxt
0,слышать это
0,спасибо рядом поговорить суббота очень дорога дорожить являться брат образец подражание
0,пожалуйста уточнить мочь представить открытый обратный билет вернуться керала
1,натали f приглашать стать друг ответить г смотреть wwwsmsacunataliek stop отправить остановка
0,убежать молодой человек делать красивый ребёнок вместе
1,джамстер получить бесплатный сердце обои t c применить нужный помощь звонить
0,o ic lol должный сыграть дверь нибыть йо
0,знать папа сказать прийти домой принести обед идти звонить добираться школа
0,отправить jd исполнительный директор обслуживание клиент cum идентификатор ваш почта получение подробный информация связаться
0,желание собираться печень доктор стать немного стильный получить управление свой волос всё
0,хммм всё открытие
0,основное следующий неделя мочь уйти свой мама amp вставать
0,эдисон справедливо сказать дурак мочь задать большой вопрос мочь ответить мудрый человек знать почему всё безмолвно речь время viva gm gn ge gnt
0,проголосовать сердце направить
0,сестра джуза смотреть итальянский работа
0,тик тик тик мочь умереть одиночество знать надутый топать нога нужный
0,lmao знать
1,double mins double txt ценовой линейный новый мобильный телефон orange bluetooth позвонить mobileupd самый последний предложение calloptoutlf
0,поезд обратно нортгемптон бояться сегодня остаться скайвинга хо около среда хотя кстати нравиться комедийный клуб неделя
0,спокойный ночь тангам очень скучать дорогой
0,привет следующий sun базовый курс йога bugis мочь пойти это pilates intro sat сказать время бесплатно
0,geeeee ваш интернет сегодня действительно плохой
1,бесплатный телефон видеокамера аренда линейка полцена место кросс ntwk mins txt вызвать mobileupd calloptout
0,думать беспокоить
0,извинить позвонить поздний встречаться сэр
0,застрять орчард машина отец ужинать ужин лех бесплатно сегодня вечером
0,wan watch e pm show
0,знать лей дун хаф
0,ваш брат перейти lt gt lt gt поле
0,звонить поздний день слово mtnl service получить проблема южный мумбай слышать мочь слушать
1,фунт стерлинг великобритания применяться условие условие утверждать должный предложить свой номер претензия который составлять
0,поговорить g x это
0,хай дорогой друг это новый amp настоящий номер раджит радж ранджу
1,p alfie moons need in wonders song ur mob рассказать ur ms txt thone благотворительность nokias poly poly fortion for polys zed прибыль благотворительный организация
0,разный стиль
1,выиграть шопинг фунт стерлинг каждый неделя начинать играть текстовый магазин skilgme tsc winawk возраст peekeksub
0,gud ni дорога slp позаботиться забота swat dreams muah
0,хотеть отправить lt gt месас сегодня это извинить больно
1,это попытка заключить контракт u выиграть хороший приз неделя размер фунт стерлинг фунт стерлинг просто позвонить
0,рад найти это совершенно неприятный лола
0,парень вспыхнуть пойти позвонить позвонить мадам беречь
1,хотеть новый цветной телефон nokia i delitemorrow бесплатный минута любой мобильный телефон бесплатный текст бесплатный ответ видеокамера позвонить номер
0,марк работать завтра выходить работа дом встретиться
0,держать твой проблема твой сердце бкоза никто бороться u amp должный бороться ur self amp выиграть битва vivekanand g t sd хэм позвонить минута хэм привет детка уауака феллик дерьмо
0,удивительно перестараета буква это давать значение общежитие астроном грязный комната луна звезда глаз видеть результат выборы ложь давать пересекать свекровь женщина гитлер одиннадцать плюс двенадцать плюс удивительный
0,айя обсудить поздний лара выбрать год
0,привет день рождение
0,извинить пропустить ваш звонок мочь перезвонить
0,бог это это кошка черви закончиться плохой день
0,добрый утро страдать лихорадка дизентереть смочь приехать сегодня офис
0,делать
0,вещь петь
0,сента андре крем вирджила
0,проверить всё комната мероприятие
0,пт ах ока идти магазин den den go tt
0,гокил разговаривать ага
0,привет шанил ракхеш спасибо обменяться неразлючить алмаз обращаться назад отличный обслуживание dino prem
0,кк месяц день рождение kotees
0,действительно действительно сломаться никакой сумма слишком маленький lt gt
0,извинить это телефон mates написать love kate
1,themob нажать ссылка получить премиальный игра pint panter новый sugababes сумасшедший анимация зебра крутой оболыобоивсе бесплатно
0,ах смущать вещь думать дружить мочь покончить вроде пригласить это мочь прийти деньга
0,aight позвонить близкий
0,это мочь вздремнуть
1,msg предназначить ваш заказ мобильный контент
0,новость схватить получить травка неделя андрес деньга haughaighgtujhyguj
0,мальчик любить девушка подтвердить возражать gv lv lttrs bt фрнд бросить thm снова d boy решить аромат d gal dt time грузовик ускориться сторона d gal wn это около удар d girl d boy побежать ад спасти спросить hw cn бегать быстро d boy ответить boost это секрет энергия мгновенно d девушка кричать наш энергия долго жить gth
0,срочно купить автомобиль bmw это vry urgentw hv нехватка lt gt lacs источник arng dis amt lt gt лак это проблема
0,ding me on ya break fassyole блэко лондно
0,действительно нужно поцелуй скучать ребёнок твой малышок эва
0,знак зрелость это начинать говорить больший вещь дело это начинать понимать мелочь хороший вечер bslvyl
0,обязанность
1,новый сообщение пожалуйста позвонить телефон
0,достигнуть sch
1,декабрь ваш мобильный метр иметь право обновление последний цветной камера мобильный телефон бесплатно позвонить mobile update vco бесплатно телефон
0,определённо нужный модуль e humanities dis sem izzit u wan взять модуль й
0,арг почему черта взять никто город _
1,получить lions england tone ответить lionm mono lionp poly ещё go wwwringtonescouk оригинальный n best применяться таблица оператор сеть gbp
0,спасибо наполнять полный спокойствие уверенность
0,aslamalaikkum insha allah tohar beeen muht albi mufti mahfuuz означать самый
0,ездить тренировать
0,лола настоящий сказать отец рак
1,частный ваш операция учётный запись год
0,упс это lt gt
0,enufcredeit tocall
0,привет чикк отправить несколько хороший сообщение
0,невозможно спорить относиться свой сабвуфа выпускать сделать напомнить это это необходимо
0,работа ах ден плюс лор работать обряд ден гу орчард лор место пойти ляо
0,замечательный окорова хороший месяц дорожить ребята желать весь хороший каждый день моджибиол
0,иборать дон хотеть учиться
0,wot oble on ward nite
0,подняться красный красный кровь кровь сердце сердце отправить это весь твой друг включая нравиться вернуться й бедный отношение u нужно немного поддержать u r frnd многие some luvs u молиться бог жениться попробовать
0,любой случай делать
0,это отстой пойти мочь сделать волос сделать это бесплатно верно
0,это всё ещё работать также пытаться добавить нуль это сбережение проверка это lt gt
0,хм знать сумка гонка слишком маленький угодный кроме дух мочь сохранить
0,sday присоединиться обучение начать сегодня
0,извинить бакалейный лавка
0,несколько хороший паб рядом кинотеатр фрэнк н беннис
1,выиграть ваш costa del sol holiday фунт стерлинг ожидать коллекция позвонить toclaim sae tc s pobox стокпорт skxh стоимость фунт стерлинговpm maxmins
0,ранний хотеть пойти йог мочь позвонить забронировать
0,закрыть это omg вчера вчера присниться сон ребёнок оба мальчик зло ребёнок мальчик сказать марка сон менять подгузник должный обязать лицо
0,думать действительно нежный отличие документ который относиться свой пациент индейка
1,бесплатно й неделя nokia tone ur mobile каждый неделя txt nokia получить txting рассказать свой товарищ wwwgetzedcouk pobox wwq normptone
0,начать останавливаться просто молиться большой хороший идея весь видеть мочь помочь ребята ill перестать ссылка
0,привет дорогой хеленс фон собираться вверх принц ночь пожалуйста приходить туберкулёз кейт
0,офис
0,айяр бедный оказывать свой поддержка цзя подумать
0,непреднамеренный плохой время большой палец поезд играть вместе дать пятнадцать минута предупреждение
1,подготовить свой сад лёт бесплатный выбор летний лампочка семя сумма фунт стерлинг шотландец суббота остановить go ntxtcouk
0,khen wenever to to wit to to hare также tel vikky получить свободный время
0,пожалуйста назвать случиться
0,новый год твой семья пусть новый год принести счастие стабильность спокойствие твой яркий красочный жизнь
0,проблема обновление ill сделать это сразу знать деталь
0,знать сидеть остановка делать покупка стоянка прямо вырывать глаз чувствовать неудачник весь никто хотеть чувствовать подводить
0,ещё уйти вероятно пока ужин
0,нравиться lt gt вопрос
0,новый год порядок пойти вечеринка свой парень si эй
0,сэр нужный подробный информация дата рождение сэр банк компания
0,k k sms catch catch
0,пойти машина карнана пожалуйста подождать
0,игрок bluray мочь
0,около встречаться поздний
0,лола просто нужно заработать нитрос спешить прежде сбраться
0,просто отправить текст скайп поздний
0,около нужно спрашивать
1,поздравлять мобильный g видеофон r your позвонить videochat vid ur mates играть игра java dload polyph music noline rentl bx ip p
0,ü всё ещё урок ü sch
0,y dun верить лех сказать это правда муза верить
0,заряжать камера
0,немного соль мочь втирать открытый рана хотеть
0,собираться обед
0,школа лаборатория кой позвонить сделать
0,поле прийти завтра
0,aight написать сегодня вечером посмотреть случиться
0,u
0,водоснабжение пустыня геоэкологический последствие
0,раджа плс сделать одолжение пожалуйста передавать пожелание день рождение нимья плс сегодня день рождение
0,компания очень хороший окружающий среда потрясать еда действительно хороший
0,очень странно наблюдать второй постель сладкий сон скучать
1,sms auction совершенно новый nokia вырасти аукцион сегодня аукцион бесплатный присоединяться принять участие txt nokia
0,привет надеяться оба порядок сказать отправиться написать видеть подвести осторожно пожалуйста
0,младенец чертовски любить знать черта приятно слышать твой голос это нужно жажда это мочь насытиться обожать ахмад поцелуй
0,k дом родственник sms me de пожалуйста
0,послать нравиться
0,fuuuuck нужно перестать спать sup
0,город развлекать mrt поздний
0,приготовить довольно хороший лосось
0,загрузить свой facebook
0,время
0,ока
1,вход ree неделя получить шанс выиграть ipod txt pod получить вход std txt
1,наш запись указывать возможно иметь право фунт качество компенсация несчастный случай претендовать бесплатный ответ претензия msg stop txt stop
0,извинить позвонить поздний
0,ох ден муза план смена ляо вернуться назад должный снова ян джиу
0,это уайли тамп сарасоте
0,уйти наслаждаться свой ужин
0,даррен говорить встретиться ден ден встречать ужин поздний уйти хи чувствовать неловко ден узнать обед лор
1,scok up your mob коллекция halloween коллекция логотип pic plus plus бесплатный жуткий тон txt card spook to zed p логотипpic
0,любить дёшево рад выплеснуть вино это заставлять чувствовать хороший
0,порядок трудность телефон это работать мочь отправить ещё запрос друг
0,тьфу нога болеть муст перевернуть понедельник
1,позвонить германия весь пенс минута вызов фиксировать строка номер доступ предоплата прямой доступ wwwtelediscountcouk
1,выиграть ваш costa del sol holiday фунт стерлинг ожидать коллекция позвонить toclaim sae tc s pobox стокпорт skxh стоимость фунт стерлинговpm maxmins
0,wot студенческий скидка мочь получить книга
0,очень
0,почему мочь это получить должный очень трудно угадать обряд
1,ваш мобильный метр обновление бесплатно апельсин последний цветной камера мобильный телефон неограниченный вызов выходной день вызвать mobile upd freefone stoptxt
0,добраться ваш дом lt gt минута
0,детка отвечать видеть мочь хороший перезагрузить ym получить фото это здорово
0,привет думать матч
0,знать думать малярия расслабиться ребёнок мочь справиться малярия плохой гастроэнтерит брать достаточно заменить свой потеря температура уменьшиться дать лекарство малярия просто рвать это самодостаточный заболевание который означать несколько день оно полностью остановиться
0,dai скачать exe файл который мочь запустить установка
0,это вчера правдивый
0,кк ваш бизнес
0,па выбрать
1,наталья f приглашать стать друг ответить смотреть wwwsmsacunat стоп отправить остановка
0,дерзить десять рупия свой полка купить яйцо
0,опоздать
0,это жаль мочь съесть это
0,случайно принести домой коробка
0,пожалуйста нужно медленно рвать большой
0,должный сдать экзамен март
0,джейн бабес уходить wrk чувствовать больной lst nite выпасть обложка чак
0,ночь оставаться порт шаг ляо бывший
0,умереть хотеть всё вещь
0,черта взять зайти кровать лодка док спасть год сктуат giv u da da gossip lr xxx
0,улыбаться удовольствие улыбаться боль улыбаться неприятность накладываться дождь сумма болеть улыбка всё ещё любить видеть улыбаться
0,прабха sorydarelyfrm сердце sory
0,переоценить алекс николс средний школа оказываться иметь дело
1,частный ваш заявление учётный запись год показывать некачественный s i m points звонить код идентификатор истекать
0,это означать мочь сохранить свой слово
0,всё ещё рынок
0,понимать занятый парень стараться беспокоиться должный сдать некоторый экзамен путь затем попробовать машина день
1,решить получить награда фунт стерлинг пожалуйста позвонить номер требование собрать свой награда который выбрать получение качество ценный мобильный клиент
0,эй насчёт твой проект начать ага
0,около круто увидеться
0,сайт uworld покупать qbank покупать самооценка
0,ваш мнение сверх джада кусрутить милый тихо спл
1,знать пытаться связаться наш служба знакомство выяснить позвонить ваш мобильный стационарный линия boxskch
0,всё ещё мочь прокатиться
0,джей хотеть сначала тренироваться звучать
0,gud gudk chikku tke care sleep well gud nyt
0,это часть проверка iq
0,хм думать лор
0,дразнить знать просто должный увидеть улыбаться держать опубликовать добыча любящий улыбкапожирать поцелуй
0,спасибо темалеса это замечательный благодарить удачный неделя
0,спасибо принцесса хотеть увидеть твой хороший сочный добыча
0,целый день сидеть уставиться сочный пицца мочь съесть лекарство разрушать жизнь
0,gud ni дорога slp позаботиться забота swat dreams muah
0,приходить поиск тат видео закончить
0,k скоро уезжать немного
1,срочный пожалуйста позвонить номер стационарный линия фунт стерлинг наличные holiday await await collection t cs sae po box mxy
0,работа порядок начаться прошлый неделя всё ранний скучно легко парень весёлый
0,заниматься учёба одиночка помощь нужно учиться
0,пожалуйста сказать всё ключ машина находиться ваш кошелёк
0,получить
0,сладкий сон
0,ждать большой сюрприз
0,обычно ама лайта счастливый amp всё
0,cbe ченнай
0,помочь взлететь забрать захотеть хотеть
0,звонить беговой дорожка сказать купить убедиться это работать найти объявление craigslist продавать lt gt поле
0,очень любить южный парк недавно начать смотреть офис
0,видеть фильм
0,пожалуйста поговорить спрашивать кроме дружба
0,штурмовидный msg wen u поднимать d phne говорить привет знать это реальный значение привет поле поле поле это d имя девушка поле поле поле девушка маргарет привет d girlfrnd f grahmbell который вкладывать телефон поле поле поле мораль get d имя человек девочка g o o d n i g h t поле
0,gud niswt drmstake care
0,привет дорогой это кейт готовить нибыть сегодня вечером собираться паб название лебедь это род родитель напиток позвонить смочь
0,нибыть ü уйти домой ужин
0,э э наслаждаться индеец moyep хе хе насчёт шестерня пит xx
1,это сделать ваш приз пойти клиент t c wwwtcbiz pmin polo ltd suite london wj hl пожалуйста перезвонить занятый
0,починить зуб сделать это скорее беречь
0,итак приходить ужин сегодня вечером
0,здравствуйте дело вверх уехать квартира нужно договориться забрать лампа далее беречь привет кэролайна
0,слишком поздно это
0,привет надеяться твой день вернуться прогулка стол забронировать половина восемь дать знать приехать
0,очевидный это вино
0,мочь вспомнить мэйба лор встречаться tmr
0,хороший msg трудно человек знать ещё шаг foward заставить влюбиться amp шаг назад мочь испортить ваш дружба спокойный ночь
1,срочный ваш номер мобильный телефон наградить гарантировать приз фунт стерлинг позвонить земля претензия действительно час млрд
0,черта взять проснуться сладкое утренний приветствовать наслаждаться день полный радость gud mrng
0,vikky приходить time gt
0,это сделать принцесса
0,пойти получение информация знать делать
0,наверное некоторый время
0,скоро прислать свой электронный идентификатор
1,срочный выиграть недельный бесплатный членство наш джекпот размер фунт стерлинг txt the word претензия t c wwwdbuknet lccltd pobox ldnwarw
0,всё ещё довольно слабый сегодня плохой день
0,привет забывать владение собственность ммм детский улыбка
0,отличный мысль missundrstud frnd знать ненавидеть ненавидеть гн
0,привет поздравлять u id luv идти домой
0,дорога позвонить
0,xy пытаться
1,срочный пожалуйста позвонить номер стационарный линия фунт стерлинг роскошь канарский остров t cs sae po box mxy млрд
0,донна это твой ген это род
1,рождество iscoming ur присудить либо фунт стерлинг бесплатный вход еженедельный розыгрыш txt music tnc wwwldewcomwinppmxagesubscription
0,алекс говорить согласный порядок это
0,приходить похоронный бюро
0,дорогой сестра дело возобновляться школа минимальный период ожидание повторный положение беречь
0,ill передать свой телефон поболтать
0,добрый утро мистер лондон лечить патока
0,мочь сделать это сегодня вечером
0,время должный приехать завтра
0,lt gt бакс плата банк фиксировать хороший позвонить банк узнать
0,мочь это показать довольно долго ещё закончить свой фильм
0,пожалуйста спросить мачо сколько бюджет bb bold увидеть новый lt gt доллар
0,привет пропустить ваш звонок мамох бендроппинг красный вино весь место адрес
0,твой около минута посмотреть
0,сделать отпуск
0,вернуться четверг ура нормально получить деньга ваш здоровье ах всё порядок школа называть это работа
0,весель кстати дать билет sat eve говорить ранний x
0,это думать
0,кк собираться тирунелвать неделя увидеть дядя тратить сумма взять платье хотеть деньга дать февраль
0,твой любимый устрица n любимый сануть говорить подождать живот начать грохотать
0,сестра собираться заработать большой
1,получить официальный полингтон англия цветовой флаг yer mobile tonight game текст текст флаг оптут txt eng stop box wwx
0,хахах использовать свой мозг дорога
0,jus заканчивать смотреть телевизор
0,ваш сведение вернуться место родитель южный тамп поэтому мочь понадобиться сделка ещё
0,добрый утро любовь заснуть желать отличный день полный чувство хороший возможность последний мысль детка любить поцелуй
0,коть распечатать марандрат
0,ещё тема da
0,проблема собираться правильно
0,спасибо помнить это
0,ааа благословить твой рука
0,уважаемый сэр salam alaikkumpride удовольствие встречаться сегодня the tea shop рада отправить наш контактный номер qatarrakhesh andicpls сохранить наш номер ответственный пожелание
0,гала мальчик идти парка galcan дерзить твой рука мальчик думать убегать galno jst wana c каковой это ходить небо принц gn
0,делать самый счастливый
0,желать прекрасный неделя
0,сладкое сердце
0,сэр ждать ваш письмо
0,чувак большой рыба водолей
0,x это год просто сообщение мессенджа
0,думать стейн наверняка получить калитка
0,голевой голос учиться всё порядок уверенный вещь решить хотя любой случай увлечься
0,мешок мусор яйцо варение хлеб пшеница hannaford chex
0,это гордость lt gt год должный запланировать деньга ребёнок нужно иметь дело это это взрослый материалпочий говорить
0,звучать хороший вечер просто делать свой костюм уверенный время закончить завтра конец конец сделать конец
0,день рождение февраль gt дата поле
0,хотеть спортзал
0,хотеться придурок
0,спать снег
0,должный сделать вонючить
1,u r подписать textcomp wkly comp й wk s бесплатный вопрос следовать последующий wks chargedpmsg unsubscribe txt stop custcare
0,отверстие комната день благодарение заправка
0,ребята планировать приехать
0,вата делать
0,родитель ребёнок друг коллега всё кричать сюрприз ждать диван голый
0,сэр почему часовой поездка автобус прошлый неделя следовать ещё прослушивание следующий среда думать мочь водить машина
0,думать положить это коробка
0,дом
0,никто интересоваться мочь бизнес план
0,это paragon решить ещё вырезать хи
0,добрый утро принцесса хороший день
0,гуай ü шд хаф видеть непослушный ü свободный сегодня мочь пробежать
0,aiyo sms ü затем ü neva ответить ждать ü ответить lar заканчивать твой лаборатория
0,жизнь очень простой любить просто смеяться слишком просто победа слишком простой простой очень сложно
0,сказать нибыть это нормально
0,
0,хм мочь принести бутылка вино удивить просто шутить всё ещё принести бутылка красный белый увидеться завтра
0,это ваш тест лицо lt gt выбрать любой номер который рассказать астрология лицо ждать быстрый ответ
0,эй иурить дать твой номер уайли друг райан
0,получить программа расслабляться
0,находиться внутри офис всё ещё наполнять форма дать знать уходить
0,думать ваш наставник процент уверенный
1,позвонить номер отправить наш девушка эротический восторг весь pmin остановить текст звонить ставка nat
1,камера наградить цифровой камера sipix звонить fromm landline доставка течение день
1,ждать рождественский награда фунт стерлинг наш компьютер случайно выбрать наш лояльный мобильный клиент получить вознаграждение фунт стерлинг просто позвонить
0,просто пытаться выяснить предполагать неделя увидеть пара разный человек сказать собраться вместе установить дата
1,важный сообщение это последний попытка контакт важный сообщение ожидать кафедра наш претензия истекать позвонить
0,привет мама мочь вернуться поздний lt gt
1,знакомство начаться отправить текст поговорить спортивный радио прошлый неделя думать любой связь совпадение
0,лола друг собака
0,около нибыть проблема вата мать
0,k отправиться несколько минута увидеться
0,это дружба который знать exmpel jsut ese tihs msg evrey splleing of tihs msg это wrnog bt sitll yuo мочь получить wihtuot yon mitsake спокойный ночь amp хороший сон слажа мечта
0,мочь выбрать телефон прямо пожалуйста отправить сообщение
0,хотеть уходить едва делать мочь оставаться здравый ум борьба постоянно помогать
1,текущий ведущий ставка составлять сделать пауза аукцион уход клиент
1,бесплатный вход grprizes wkly comp шанс выиграть новый nokia psp фунт стерлинг
0,настроить веб сайт мочь играть eve ems online spacebucks
0,солнечно калифорния погода просто крутой
1,новый сообщение позвонить
0,мочь сделать это сжиматься lt gt бакс отец
0,добрый день драга сделать зуб болезненный поддержание вещь
0,дело ребёночек надеяться всё дерьмовый ночной сон заснуть i m manckered бояться сегодня вечером сегодняшний день х
0,друг помогать проблема давать самый глупый предложение который приводить проблема помогать простить предыдущий проблема
0,работа пожалуйста позвонить
0,нежный детка скоро принимать всё lt gt дюйм глубоко внутри твой плотный киска
0,немного бой это хороший ночь
0,около
0,nt шутить всерьёз сказать
0,смотреть фильм аджит ах
0,ооооооо забыть сказать мочь попасть йовилль свой телефон
0,всё сделать всё сдать знать считаться мег магазин asda празднование это делать
0,знать точно мочь спросить чех
0,знать rovill идти час
0,хотеть скидка индивидуальный офицер
0,это обязательно уважительно
0,привет надеяться хороший день удачный ночь
0,очевидный карли быстро
0,трудно правда сколько показывать amp выразить свой любовь больно оставить разделить 鈥 〨ud вечер
0,малышок думать ур оставить английский
0,привет детка это спасибо прислать хотя это просто хотеть свой кровать надеяться скоро увидеть любить поцеловать xxx
0,итак gd получить бесплатный мороженое oso wan
0,пожалуйста дать прометазиновый сироп мл lt gt минс спустя корм
0,сколько день пора
0,дорогой злиться занятый дорога
0,msg me tat yijue мочь это группа группа встречаться сегодня мах спрашивать уезжать ранее wat mah cos mayb ü haf ходить v far
0,паб
0,впервые весь
0,папа шу шу искать сказать сингапур вата
0,спрашивать встречать тмр nite
0,супер итак справляться движение остров виктория плюс альбом должный
0,nite nite pocay wocay luv u большой n thing eva обещать ring u morrowxxxx
0,восточный побережье
0,должный получить большой куриный бульон хотеть рамный некоторый который знать
0,раб хотеть сделать фотография сегодня ярок свет свой мобильный телефон яркий свет
0,неа просто забыть показать следующий неделя
0,дело задумать мастер далее
0,bruce amp фаулера машина мама поэтому мочь парковаться длинный история
0,знать надеяться это месяц
0,привет элейн сегодня подтвердить сегодняшний встреча
0,около ksry i knw sivatats y спрашивать
0,извинить позвонить поздний
0,ужасный девушка знать выходить всё ещё приходить спросить
0,противный случай работа неполный рабочий день
0,ах диета просто вылететь окно
1,сант понять ваш малыш звонок канун сант рождество позвонить забронировать свой время
0,завершить свой
0,э э извинить просто сказать пабекафе сидеть прийти мочь
0,мочь сделать это любой время сегодня вечером мочь это круто просто написать рядом
0,обращать внимание
0,большой спасибо твой помощь
0,должный намного конкретный это
0,иисус арманд действительно пытаться сказать весь мочь найти
0,покупать tix lar
0,режим мужчина уйти
0,медленно использовать fne биол
0,делать поздний sar xxx
0,эй забронировать урок сан ляо
0,спасибо обычно встречаться булор
0,кстати убедиться получить поезд ворк выдвинуть улица кустарник получать весёлый ночь x
0,думать получить часы просто это получать anth любить
1,выиграть гарантировать награда мочь фунт стерлинг наличные требовать награда вызов это законный число думать
0,добрый утро ремонтный мастерскойединственный причина час
0,это нормально достаточно бутон продержаться больший часть ночь крайний мера
0,вернуться хороший путешествие дать знать понадобиться либо квитанция сказать пенсия
0,это убирать деньга деньга
0,айса мочь забрать немного открыть сегодняшний день
1,последний новость туалет полицейский участок украсть полицейский нечего делать
0,сак должный продолжать
0,просто петь ху думать также важно найти женщина который знать это место предпочтительно гражданин который также умный помочь перейти вещь выбор телефон требовать руководство сомневаться спросить особенно девушка
0,hello wats talks adlect
0,исключение цыпочка огромный сиська
0,просто интересно делать
0,желать прекрасный день каждый момент раскрывать ещё большой вещь улыбаться наслаждаться это
1,самый сверкать покупка человек звонить посетить wwwshortbreaksorguk
0,арун мочь перевернуть
0,извинить позвонить поздний
0,слышать громкий крик lt gt протокол гинель
1,декабрь ваш мобильный метр иметь право обновление последний цветной камера мобильный телефон бесплатно позвонить мобильный обновление co бесплатно
0,получить это погадать
1,txt позвонить no претендовать свой вознаграждение течение час разговор использовать ваш телефон прямо specpibegbpmnth inc hrs stop txtstop wwwgambtv
0,уехать nite
0,дорожить каждый момент проводить вместе
0,мочь принести бутылка вино удивить шутка всё равно принести
1,http tms widelivecomindex wml id ada first true c c ringtone
1,подготовить свой сад лёт бесплатный выбор летний лампочка семя сумма фунт стерлинг шотландец суббота остановить go ntxtcouk
1,срочный прошлый выходной шоу который выиграть фунт стерлинг испанский праздник позвонить утверждать t c rstm sw ss млрд
0,около лор
0,думать слайд достаточно
0,ага
0,очевидный всё человек классный жизнь колледж послать домой _
0,около лор ü добраясь написать
0,мальчик мама хороший плохой положительный отрицательный почему мама заставлять ждать хмммм
0,донь повезти выиграть нибыть большой титул выиграть
0,принцесса хотеть угодить каждый ночь ваш желание команда
0,сегоднявоскресение воскресеньепраздник работа
0,наверное lt gt
0,действительно надеяться работа стать стрессовый удачный день gr
0,видеть вернуться холбить
0,позвонить дорогой еда
1,срочно пытаться связаться прошлый выходной показывать выиграть гарантировать приз размер фунт
0,итак хай скучно лектор повторять последний неделя тратить время
0,поднять разный точка идти yeovil сделать моторный проект час отвезти домой макс очень легко
0,также трахнуть ваш семья отправиться родиться айленд оставлять одиночество неделя новый bong gt
0,также загружать несколько песня
1,p мина позвонить германия ваш линия bt весь p мина проверить planettalkinstantcom получение информация текстовый остановка отказаться
0,отправить снова
0,спасибо большой купить яйцо
0,отправить снова
0,учиться широта домой любой случай пойти sch поздний
1,marvel mobile играть официальный игра ultimate spiderman ur mobile прямо text spider игра отправить бесплатный обои ball
0,думать править тамилнад это очень сложно наш человек
0,круто пойти посмотреть всё равно прийтись пойти чаевой дом заглянуть поздний итак давать поехать город сегодня вечером мочь мама мочь взять
0,добрый день любовь проходить твой день спасть надеяться мальчик думать
0,доверять покупать новый вещь скорее мочь попробовать
1,sms services ваш инклюзивный текстовый кредит пожалуйста wwwcomuknet login qxj unsubscribe остановка дополнительный плата помощь comuk cm ae
0,почему просыпаться самостоятельно gt
0,выбрать шаг путь ещё поздравлять
0,любовь закон счастливый счастливый человек который любить точно дружба иметь закон заставлять твой друг почувствовать одинокий пока живой gud night
1,частный ваш заявление учётный запись год показывать некачественный s i m points звонить код идентификатор истекать
0,apo всё остальной игрок mokka
0,возможно гораздо легко дать идентификация ваш учётный запись поэтому завтра uni
0,ждать msg lt gt мина
0,сказать ранний прежде говорить глупый слышать сказать папа позвонить брат говорить
0,божий любовь иметь предел божий благодать иметь мера божий сила иметь граница пусть бесконечный благословение бог твой жизнь gud ni
0,хотеть внутри каждый ночь
0,махан пойти спортзал завтра прийти поздно спокойный ночь
0,lol сначала злиться затем проснуться сдаться
0,пойти проектный центр
0,это успокаивать это сумасшедший мир
0,просто приготовить ужин
0,пожалуйста оставить lt gt поле at lt gt мочь уйти
0,ока лор идти сабм
0,отличный образец подражание давать действительно хотеть каждый день каждый день бог причина весь должный сказать хотеть знать почему знать смотреть пора молодой всё ещё делать хороший день
0,иметь вид бывший мей vat wat a a ждать u лечить shld b rich liao gd den u dun должный работать tmr далее
0,майлз улыбка r сделать буква знать разница улыбка твой лицо держать счастливый хотя несколько миля продолжать улыбаться хороший ньюйорк
0,кстати положить пропуск прямо возле дом мочь увидеть это дом просто подтянуть
0,мочь прислать это название компания сайбаба колани
0,хотеть слышать
0,большой шик общий объявить
0,это круто хотеть доставить удовольствие
0,собираться присоединиться завтра
1,наградить цифровой камера sipix позвонить стационарный линия доставка течение день t cs box mbp летний гарантия млрд p p
0,хотеть рассказать плохо чувствовать основное писать последний время нужный наркотик
1,частный ваш заявление аккаунт год показ выручить sim точка звонить код идентификатор истекать
0,полный разочарование написать самый безумный дерьмо
0,это эффект раздражение просто игнорировать это
0,насчёт это
0,думать истерика закончиться момент
0,комплимент вдали система твой сторона
0,случиться пока приключить
0,эй вождь мочь дать колокол получить это нужно поговорить это королевский визит июнь
0,около ещё номер
0,знать думать малярия расслабиться ребёнок мочь справиться малярия плохой гастроэнтерит брать достаточно заменить свой потеря температура уменьшиться дать лекарство малярия просто рвать это самодостаточный заболевание который означать несколько день оно полностью остановиться
0,айя около бывать улучшение это мочь
1,хотеть явный секс секунда кольцо стоимость пенсовмин gsex pobox wcn xx
0,мочь поверить привязать видеть каждый день знать сделать всё возможный добраться детка пойти преподавать свой класс полночь
0,просто спать сёрфинг
1,спросить mobile chatlines включать бесплатный мина индия обслуживать sed ler получить мег счёт давать дерьмо судебный пристать должный течение несколько день o хотеть фунт стерлинг
0,это jus rite
0,арманд говорить доставить свой задница эпсилон
0,всё ещё самолёт
0,принимать дерек амп тейлор walmart вернуться время закончить просто оставить мышь стол написать присцилл готовый
0,привет это дурбан всё ещё это номер
0,ic автомобиль ребёнок
1,ваш контракт мобильный mnths последний motorola nokia далее всё бесплатно двойной минута текст апельсиновый тариф текст обратный вызов удалить запись
0,пробовать всё выходной v
0,знать человек носить человек рубашка прыгун шляпа пояс всё знать cribbs
0,круто время мочь попасть сюда
0,вэнь стать духовный глубокий замечательный
0,взесть безопасный поездка нигерия желать счастие очень скоро компания поделиться момент
0,хахах использовать свой мозг дорога
0,иметь вид
0,дари индиец хороший немного немного скоро выпить выпить клещ go da работать смех близкий время любить пит х х х
0,почему написать pshew скучать
0,иметь вид расчёт lt gt единица lt gt поле школа действительно дорогой начать практиковать свой акцент это важно решить делать год стоматологический школа просто сдать экзамен nmde
0,извинить позвонить поздний
0,следующий lt gt часы imma перевернуть дерьмо
0,угодный юз оба лор
0,вытащить куча дамп мама решить приехать лоус скучный
0,около лор продавец sony ericsson спрашивать шухуй говорить gd использовать поэтому рассматривать
0,ard dat lor
0,почему ждать пока среда увидеть получить
0,лей
1,напоминание o получить фунт бесплатный кредит звонок подробность отличный предложение пожалуйста ответ текст ваш действительный имя house no postcode
1,это второй пробовать контакт выиграть приз фунт стерлинг претензия легко позвонить номер now пенс минута btnationalrate
0,ü b ездить эспланада домой
0,жаль настроение это итак нибыть предложение
0,парень сделать стерот
0,rofl это верно свой название
