Category,Message
0,"Идите до Jurong Point, Crazy ... доступно только в Bugis n Great World La E Buffet ... Cine There Amore Wat ..."
0,"ОК, Лар ... шутить, что ты, он ..."
1,"Бесплатная запись в 2 Wkly Comp, чтобы выиграть финал Cup Cup Tkts 21 мая 2005 года. Текст FA на 87121 для получения вопроса о входе (STD TXT)."
0,Ты так скажешь так рано ... ты уже сказал ...
0,"Нет, я не думаю, что он идет в USF, он живет здесь, хотя"
1,"Freemsg Привет, дорогая, сейчас было 3 недели, и нет ни слова назад! Я все еще хочу повеселиться? TB OK! Xxx std chgs для отправки, 1,50 фунтов стерлингов на RCV"
0,"Даже мой брат не похож на то, чтобы говорить со мной. Они относятся ко мне как к патенту на СПИД."
0,"Согласно вашему запросу «Мелль Мелль (Ору Миннаминунгинте Нурунгу Веттам)» был установлен в качестве Callertune для всех вызывающих абонентов. Нажмите *9, чтобы скопировать своих друзей Callertune"
1,Победитель !! В качестве ценного клиента сети вы были выбраны для получения призового вознаграждения за 900 фунтов стерлингов! Чтобы требовать звонка 09061701461. Код претензии KL341. Действительно только 12 часов.
1,Был ваш мобильный телефон 11 месяцев или более? U R имеет право на обновление до последних цветовых мобильных телефонов с камерой бесплатно! Позвоните в мобильное обновление CO бесплатно 08002986030
0,"Я скоро буду дома, и я не хочу больше говорить об этом сегодня вечером, k? Я плакал достаточно сегодня."
1,"Шесть шансов выиграть деньги! От 100 до 20 000 фунтов TXT> CSH11 и отправьте на 87575. Стоимость 150 пенсов/день, 6 дней, 16+ TSANDC. Примените ответ HL 4 Информация"
1,СРОЧНЫЙ! Вы выиграли 1 -недельное бесплатное членство в нашем джекпоте в размере 100 000 фунтов стерлингов! Txt the Word: претензия к №: 81010 T & C www.dbuk.net lccltd pobox 4403ldnw1a7rw18
0,"Я искал правильные слова, чтобы поблагодарить вас за это передышку. Я обещаю, что не буду воспринимать вашу помощь как должное и выполню свое обещание. Вы были замечательными и всегда благословением."
0,У меня свидание в воскресенье с Уиллом !!
1,"Xxxmobilemovieclub: Чтобы использовать свой кредит, нажмите ссылку WAP в следующем сообщении TXT или нажмите здесь >> http: // wap. xxxmobilemovieclub.com?n=qjkgighjjgcbl"
0,"О, К ... я смотрю здесь :)"
0,"Эх, ты помнишь, как 2 написали его имя ... да, я сделал. Он не надо делать, пока я не смок."
0,"Хорошо, если это то, как ты чувствуешь. Так, как это gota b"
1,Англия против Македонии - не пропустите голы/новости команды. TXT UR Sational Team до 87077 EG ANGLAS
0,"Это серьезно, как вы пишете его имя?"
0,"Я собираюсь попробовать в течение 2 месяцев, ха -ха, только шутка"
0,"Итак, ü заплатить сначала, ar ... потом, когда это акции Da Comin ..."
0,"К чему я заканчиваю свой обед, а потом я ухожу вниз, лор. ARD 3 SMTH LOR. Ты уже закончишь свой обед?"
0,"Ffffffffff. Хорошо, я не смогу встретиться с вами раньше?"
0,"Просто заставил себя съесть кусочек. Я действительно не голоден. Это отстой. Марк обеспокоен. Он знает, что я болен, когда отказываюсь от пиццы. Ржу не могу"
0,"Лол, ты всегда так убедителен."
0,Вы сесть на автобус? Ты жаришь яйцо? Вы делали чай? Вы едите свою маму за ужин? Вы чувствуете мою любовь?
0,"Я вернулся & amp; Мы сейчас упаковываем машину, я дам вам знать, есть ли место"
0,Ааааааааааааааааааааааааааааааааааааааааааааа Работа. Я смутно помню это! Каково это? Ржу не могу
0,"Подождите, это все еще не так ясно, если вы не уверены, что я саркастичен или поэтому X не хочет жить с нами"
0,"Да, он вошел в 2 и был извиняющимся. N выпала, и она была актином, как избалованный ребенок, и он попал в это. До 2! Но мы не пойдем туда! Не слишком плохо уравновешивает. Ты?"
0,K Расскажи мне что -нибудь о тебе.
0,"Из -за боязни обмороки всей этой работой по дому, которую вы только что сделали? Быстро иметь чашку чаю"
1,"Спасибо за вашу подписку на рингтон в Великобритании, ваш мобильный телефон будет взиматься 5 фунтов стерлингов в месяц, пожалуйста, подтвердите, отвечая «да» или «нет». Если вы ответите, нет, вас не будет взиматься"
0,"Ага ... хорошо, я иду домой, посмотрите на время, потом я снова я msg ü ... Xuhui собираюсь учиться на 2 мая, но ее урок в 8 утра"
0,"Ой, я дам тебе знать, когда закончится мой сосед по комнате"
0,Я вижу букву B на моей машине
0,Что угодно ... ты решаешь ...
0,"Привет! Как ты и как прошел суббота? Я просто отправил текстовые сообщения, чтобы посмотреть, решили ли вы что -нибудь сделать Томо. Не то чтобы я пытался пригласить себя или что -то в этом роде!"
0,"Пожалуйста, продолжайте с Уоттс. Я просто хотел быть уверенным. Удачных выходных. Абиола"
0,"Я забыл вам сказать? Я хочу тебя, ты мне нужен, я жажду тебя ... но больше всего ... Я люблю тебя, мой сладкий арабский скачок ... мммммм ... вкусный"
1,"07732584351 - Роджер Бернс - MSG = Мы попытались позвонить вам в ответ на наши SMS для бесплатного мобильного видео Nokia + бесплатная видеокамера. Пожалуйста, позвоните сейчас 08000930705 для доставки завтра"
0,Кого ты видишь?
0,"Большой! Надеюсь, вам нравится ваш мужчина. Я - & lt;#& gt;  дюймы..."
0,Нет вызовов..messages .. перевернутые звонки
0,Разве вы не получили иммунизацию HEP B в Нигерии.
0,"Достаточно справедливо, что -нибудь происходит?"
0,"Да, надеюсь, если Тайлер не сможет этого сделать, я мог бы немного спросить"
0,"Ты не знаешь, насколько я упрям. Я даже не хотел ходить в больницу. Я продолжал говорить Марку, что я не слабая присоска. Больницы предназначены для слабых присосок."
0,Что ты думал обо мне. Впервые вы увидели меня в классе.
0,"Грамм обычно работает как & lt;#& gt; Половина восьмая - умнее, хотя и дает вам почти целый второй грамм для & lt;#& gt;"
0,"К вашему сведению x прокатится рано утром завтра, но сегодня вечером он падает у нас сегодня вечером"
0,"Ух ты. Я никогда не осознавал, что вы так смущены вашими расстояниями. Я думал, что тебе понравилось, так как я делал все возможное, и ты всегда казался таким счастливым в «Пещере». Мне жаль, что у меня нет, и у меня не было больше, чтобы дать. Мне жаль, что я предложил. Мне жаль, что ваша комната была такой смущающей."
1,SMS. AC SPTV: The New Jersey Devils и Detroit Red Wings играют в хоккей с шайбой. Правильно или неправильно? Конец? Ответить конец SPTV
0,"Вы знаете, что вчера сделал Маллика Шерават? Узнайте сейчас @ & lt; url & gt;"
1,"Поздравляю! 1 год Специальный пропуск в кино на 2 - ваш. Позвоните 09061209465 сейчас! C Suprman V, Matrix3, Starwars3 и т. Д. Все 4 бесплатно! BX420-IP4-5WE. 150 вечера. Не пропустите!"
0,"Извините, я позвоню позже на встрече."
0,"Расскажите, куда вы достигли"
0,Да .. Gauti и Sehwag Out из серии ODI.
0,Вам придется взять для себя гамбургер за 1 доллар. Я даже не могу двигаться. Боль меня убивает.
0,"Ха -ха -ха, хорошая шутка. Девочки - искатели ситуации."
0,Это часть проверки IQ
0,"Извините, мои соседи по комнате заняли вечно, это нормально, если я приеду сейчас?"
0,"ОК, я дважды проверяю Wif Da Hair Dresser, он сказал, что Wun Cut V Short. Он сказал, что будет резать, пока я не буду хорошо выглядеть."
1,"Как ценный клиент, я рад сообщить вам, что после недавнего обзора вашей мафии №, вы получили бонусный приз в размере 1500 фунтов стерлингов, позвоните по номеру 09066364589"
0,"Сегодня «Песня посвященный день ..» Какая песня вы посвятите мне? Отправьте это всем своим ценным FRND, но сначала меня ..."
1,"Срочный UR присудил бесплатную поездку в Eurodisinc Trav, ACO & Entry41 или 1000 фунтов стерлингов. Чтобы претендовать на TXT DIS до 87121 18+6*£ 1,50 (MoreFrmmob. Shracomorsglsuplt) 10, LS1 3AJ"
1,Вы слышали о новом «разводе Барби»? Это идет со всеми вещами Кена!
0,"Я самолет, чтобы дать в этом месяце."
0,"Вау, счастливчик ... тогда может сэкономить деньги ... Хи ..."
0,"Законченные занятия, где ты."
0,"Привет, детка, я дома, теперь хочешь что -нибудь сделать? XX"
0,K..k:: где ты? Как ты выступил?
0,Ты можешь позвонить мне сейчас ...
0,"Я жду Махана. Позвони мне, как только ты освободишься."
0,Это круто. Я джентльмен и буду относиться к вам с достоинством и уважением.
0,Ты мне очень нравишься народы :) Но я очень застенчив Па.
0,Не работает после & lt;#& gt;  или что
0,Здесь не то же самое. Все еще ищу работу. Сколько там зарабатывает Та.
0,"Извините, я позвоню позже"
0,"К. Вы только сейчас звонили мне, а?"
0,"Хорошо, я по дороге домой, привет привет"
0,Ты будешь на месте этого человека
0,"Да, следующая остановка."
0,"Я звоню вам позже, у меня нет сети. Если urgnt, смс я."
0,"На самом деле, когда ты попадаешь на йо? Мне нужно всего еще 2 билета и еще один куртка, и я закончил. Я уже использовал все свои мультис."
0,"Да, я начал отправлять запросы, чтобы сделать это, но боль вернулась, поэтому я вернулся в постель. Двойные монеты на фабрике тоже. Я должен заработать во всех моих нитросах."
0,"Я действительно не захотите все еще сегодня вечером, детка"
0,"Ela Kano., IL Download, приходите на бесплатно .."
0,"Да! Не стоит закрыть, ты что-то поймаешь!"
0,"Извините за боль. Это нормально, если мы встретимся еще одну ночь? Я провел поздний день в пострадавшем, и это означает, что я не сделал ни одного из y stufce42moro, и это включает в себя все мои временные листы и это. Извини."
0,"Улыбайтесь в удовольствии, улыбаясь в боли, улыбается, когда неприятности накладываются как дождь, когда сумма 1 болит улыбка, потому что кто -то все еще любит видеть, как ты улыбаешься !!"
1,"Пожалуйста, позвоните на нашего представителя по обслуживанию клиентов по номеру 0800 169 6031 с 10 до 21 вечера, так как вы выиграли гарантированные 1000 фунтов стерлингов или 5000 фунтов стерлингов!"
0,"Не планировал купить позже. Я уже проверяю, что Лидо получил только 530 шоу во второй половине дня. Ты уже закончишь работу?"
1,"Ваш бесплатный рингтон ждет, чтобы его собрали. Просто напишите пароль «микс» на 85069, чтобы проверить. Получить Ашер и Бритни. FML, PO Box 5249, MK17 92H. 450ppw 16"
0,Смотреть фильм о телугу ..
0,я понимаю. Когда мы закончим
0,"Привет. Но, когда -то все в порядке - на Холс сейчас! Да, на некоторое время. Забыл, что у меня есть встречи с парикмахерами в четыре, так что мне нужно заранее добраться до душа. Это вызывает вероятность вас? """
0,Я вижу чашку кофе -анимации
0,"Пожалуйста, не пишите мне больше. Мне больше нечего сказать."
0,"Хорошо, имя ур цена, пока это законно! Вэнь, могу я их забрать? Y u ave x ams xx"
0,Я все еще ищу машину для покупки. И еще не прошел 4 тест вождения.
0,"Согласно вашему запросу «Мелль Мелль (Ору Миннаминунгинте Нурунгу Веттам)» был установлен в качестве Callertune для всех вызывающих абонентов. Нажмите *9, чтобы скопировать своих друзей Callertune"
0,"ух ты. Ты прав! Я не хотел этого делать. Я думаю, что однажды я отказался от бостонских мужчин и изменил место поиска на Нью -Йорк, что -то изменилось. Потому что на моей странице Signin это все еще говорит Бостон."
0,"Умма моя жизнь и вава Умма очень люблю тебя, дорогая"
0,"Большое спасибо за ваши пожелания в мой день рождения. Спасибо, что сделали мой день рождения по -настоящему запоминающимся."
0,"Aight, я наберу тебя, когда получу немного денег"
0,"Как бы мой IP -адрес тестировал, что, учитывая, что мой компьютер не является сервером Minecraft"
0,"Я знаю! Сварливые пожилые люди. Моя мама была похожа на тебя, лучше не лгать. С другой стороны, я всегда тот, кто играет шутки ..."
0,"Не волнуйся. Я думаю, он занят."
0,Что такое множественное число существительных исследований?
0,Собираюсь на ужин.
0,"Я в порядке, потому что мне нравится 2 пробовать новые вещи. Но я боялся тебя, как Мах. Потому что ты сказал не слишком громко."
1,"Господи! Мы пытаемся связаться с вами. В прошлые выходные вызовы показывают, что вы выиграли приз в размере 1000 фунтов стерлингов. Звоните 09064012160. Код претензии K52. Действительно только 12 часов. 150 млрд"
0,"Ва, ур открытый предложение очень формально ... во всяком случае, я тоже в порядке, Juz Tt Я ем слишком много и путает на весе ... ха -ха ... так что любое, что было специально, случилось?"
0,"Когда я вошел в свою каюту, мой PA сказал: «Счастливого босса по дню !!». Я чувствовал себя особенным. Она спросила мне 4 обед. После обеда она пригласила меня в свою квартиру. Мы пошли туда."
1,"Вы победитель, вы были специально выбраны 2, получили 1000 фунтов стерлингов или 4* праздника (Flights Inc). Поговорите с претензией в прямом эфире 2 претензии 0871277810910P/мин (18+)"
0,"Добро! Да, мы должны говорить в пятницу - соотношение яиц для тортильи необходимо!"
0,"Хм ... мой дядя только что сообщил мне, что он платит школе напрямую. Так, пожалуйста, купи еду."
1,ЧАСТНЫЙ! Ваша заявление учетной записи 2004 года для 07742676969 показывает 786 некушенных бонусных баллов. Чтобы требовать звонка 08719180248 Код идентификатора: 45239 истекает
1,"СРОЧНЫЙ! Ваш мобильный номер был награжден бонусным абонентом в 2000 фунтов стерлингов 5/9/03 Это наша последняя попытка связаться с вами! Звонок с стационарного линии 09064019788 Box42Wr29c, 150ppm"
0,Вот мой новый адрес -Пары и пары и все это Malarky
1,"Сегодняшние номера Voda, заканчивающиеся 7548, выбраны для получения награды в размере 350 долларов США. Если у вас есть матч, пожалуйста, позвоните по телефону 08712300220 Код претензии Код 4041 Стандартные ставки приложение"
0,Я собираюсь сегодня в Сан -Му. Будет сделан только в 12
0,"Ü Предсказать, что время ü закончит покупку?"
0,"Хорошие вещи, подойдут."
0,"Просто чтобы вы знаете, Йетонде еще не отправил деньги. Я только что отправил ей текст, чтобы не беспокоиться о отправке. Так что все кончено, вам не нужно вовлекать себя во что -либо. Я не должен был навязывать вам ничего, поэтому за это извиняюсь."
0,Вы там в комнате.
0,"Эй, девочка. КАК ТЫ? Надеюсь, ты хорошо мне, что я бейк! Опять давно не C! Позвоните мне на сумму звонка от Lucyxx"
0,K..K :) Сколько это стоит?
0,Я дома.
0,"Уважаемый, назовут tmorrow.pls Accomodate."
0,Сначала ответьте на мой вопрос.
1,"Sunshine Quiz Wkly Q! Выиграйте лучшего DVD -игрока Sony, если вы знаете, в какой стране в Алгарве? TXT ANSR до 82277. £ 1,50 SP: Tyrone"
1,"Хотите, чтобы 2 проложили сегодня вечером? Хотите, чтобы реальные места для подрыва отправили Direct 2 UR Mob? Присоединяйтесь к крупнейшей в Великобритании сети сглаживания BT Txting Gravel до 69888! Н.д. EC2A. 31p.msg@150p"
0,Я только HAF MSN. Это yijue@hotmail.com
0,Он там. Вы звоните и встречаете его
0,Нет. Я проверю все комнаты за мероприятиями
1,"Вы больше не RCV больше MSG из чата SVC. Для бесплатного хардкорного сервиса текст перейдите по адресу: 69988, если вы ничего не получите, вы должны проверить с помощью YR Network и попробуйте еще раз"
0,"Получил C ... мне лениво напечатать ... Я забыл ü в лекции ... Я видел сумку, но как не хорошо ..."
0,"K, напиши мне, когда ты на пути"
0,"Сэр, жду вашего почты."
0,SWT подумал: «Не устали делать мелочи 4 мила
0,"Я знаю, что ты есть. Можете ли вы открыть спину?"
0,"Да, увидимся не на точке"
0,"Какое имя персонала, кто берет для нас класс?"
1,"Freemsg Почему вы не ответили на мой текст? Я Рэнди, сексуален, женщина и живу местным. Люв, чтобы услышать от тебя. Netcollex Ltd 08700621170150P за MSG Ответ Остановка до конца"
0,"Ummma.will после регистрации. Наша жизнь начнется с Катара, так что, пожалуйста, молитесь очень усердно."
0,"К. Я удалил свой контакт, зачем?"
0,Синду получил работу в Birla Soft ..
0,"Вино течет, и я не знаю .."
0,"Да, я та, что лучше, потому что не нужно 2, чтобы спуститься на 2 Plaza Mah."
0,Хорошо ... твой типичный ответ ...
0,"Согласно вашему запросу «Мелль Мелль (Ору Миннаминунгинте Нурунгу Веттам)» был установлен в качестве Callertune для всех вызывающих абонентов. Нажмите *9, чтобы скопировать своих друзей Callertune"
0,"Вы везде грязь, на полу, окна, даже на моей рубашке. И иногда, когда я открываю рот, вы все вытекают. Я мечтаю о своем мире без тебя, потом половина моих дел тоже нет. Время радости для меня, много телешоу I.ll. Но я думаю, что все, что вы должны существовать, например, дождь, град и туман, и когда мое время здесь закончится, мы с вами становимся."
0,Aaooooright вы на работе?
0,Я сейчас покидаю свой дом ...
0,"Привет, любовь моя. Что ты делаешь? Вы добрались до этого интервью сегодня? Вы счастливы? Ты хороший мальчик? Ты думаешь обо мне? Ты скучаешь по мне?"
1,"Аннонирование обслуживания клиентов. У вас есть новогодняя доставка, которая ждет вас. Пожалуйста, позвоните по телефону 07046744435, чтобы организовать доставку"
1,"Вы победитель, вы были специально выбраны 2, получили 1000 фунтов стерлингов наличными или 4* праздничным (Flights Inc). Поговорите с претензией в прямом эфире 2 0871277810810"
0,"Держите себя в безопасности для меня, потому что ты мне нужен, и я уже скучаю по тебе, и я завидую всем, кто видит тебя в реальной жизни"
0,Новая машина и дом для моих родителей. :) У меня есть только новая работа в руках :)
0,"Я так влюблен в тебя. Я взволнован каждый день, который провожу с тобой. Ты делаешь меня таким счастливым."
1,-Pls Stop BootyDelious (32/f) приглашает вас стать ее другом. Ответить да-434 или без-434 См. Ее: www.sms.ac/u/bootydelious Stop? Отправить остановку на 62468
1,"Бангбабс твой заказ уже в пути. Вы должны получить сервис MSG 2 Скачать UR Content. Если нет, goto wap. Бангб. телевидение в вашем мобильном интернете/меню обслуживания"
0,Я уже ставлю все ваши точки на модуль E -культуры.
1,"СРОЧНЫЙ! Мы пытаемся связаться с вами. В прошлые выходные вытягивают, что вы выиграли приз в 900 фунтов стерлингов. Звоните 09061701939. Код претензии S89. Действительно только 12 часов"
0,"Привет, фнд, какой лучший способ избежать мисс -консультации с любимым?"
0,"Отличный побег. Мне кажется мост, но нужен ее лагер. Увидимся, Томо"
0,Да :) Это совершенно не в форме :) Кларк также произносят отходы.
0,"Сэр, мне нужен банковский счет Axis NO и банковский адрес."
0,"Хммм .. Таким образом, есть время, чтобы прыгнуть с Ардом ... да, может пойти 4 бесплатно Абт ... Муз позвони тебе, чтобы обсудить Ляо ..."
0,В какое время вы спуститесь позже?
0,"Кровавый ад, не могу поверить, что ты забыл мою фамилию, мистер. Я дам тебе подсказку, его испанский и начинается с ..."
0,"Ну, я сейчас закончу ванну. Хорошей ... прекрасная ночь."
0,"Дайте мне знать, когда у вас есть деньги, чтобы Карлос мог позвонить"
0,Ты все еще собираешься в торговый центр?
0,"Оказывается, мои друзья остаются на все шоу и не вернутся до ~ & lt;#& gt; , так что не стесняйтесь идти вперед и курить это $ & lt;#& gt;  ценность"
0,"Напишите ей. Если она не ответит, дайте мне знать, чтобы я мог войти в систему"
0,"Привет! Вы только что поговорили с Maneesha V. Мы хотели бы знать, если бы вы были удовлетворены этим опытом. Ответить бесплатно с да или №"
0,"Вы подняли мои надежды с предложением денег. Мне нужно. Особенно, когда приближается конец месяца, и это наносит ущерб моему обучению. В любом случае у выходных GR8"
0,Лол нет. Ты можешь мне доверять.
0,хорошо. Я джентльмен и буду относиться к вам с достоинством и уважением.
0,"Он будет, вы, ребята, закроете?"
0,Не делая ничего хорошего.
0,"Привет, красивый! Вы находите эту работу? Не ленивый? Работаете над тем, чтобы вернуть эту сеть для мамы? Где сейчас мой мальчик? Он скучает по мне?"
0,"Ха -ха, круто, будь там через минуту"
1,"Пожалуйста, позвоните на нашего представителя по обслуживанию клиентов на Freephone 0808 145 4742 с 9:00 до 11 вечера, так как вы выиграли гарантированные 1000 фунтов стерлингов или 5000 фунтов стерлингов!"
0,"У вас есть рождественское радио времена. Если нет, я получу это сейчас"
0,"Я добрался до дома. Сначала я иду купаться. Но моя сестра использует сеть, скажи тебе, когда она заканчивает К ..."
1,Вы достаточно уникальны? Узнайте с 30 августа. www.areyouunique.co.uk
0,"Мне жаль. Я присоединился к лиге людей, которые не поддерживают связь. Ты много имеешь в виду для меня. Вы все время были другом даже при отличных личных затратах. Удачной недели. |"
0,Привет :) Наконец -то я закончил курс :)
0,"Он остановится на себе. Однако я предлагаю ей остаться с кем -то, кто сможет дать ORS для каждого табурета."
0,"Как дела? Надеюсь, вы поселились на новый учебный год. Просто желаю вам дня GR8"
0,"Gud mrng, дорогой, хороший день"
0,У тебя была история этих людей
0,"Ваш хомяк мертв? Эй, так что я встречаюсь с тобой в 13:00 Orchard MRT?"
0,"Привет, это Кейт, как твой вечер? Я надеюсь, что завтра увижу тебя завтра, но мне нужно кроваво, детка! TXT обратно, если можете. :) XXX"
0,"Нашел это, ent;#& gt; , где ты в?"
0,Я отправил вам & lt;#& gt;  Бакс
0,"Привет, дорогая, я закончил колледж сейчас, так что, когда закончишь, если ты можешь любить Кейт ххх"
0,Ваша учетная запись была успешно заполнена по inr & lt; Decimal & gt; Полем Ваш баланс с учетной записью Keralacircle составляет Rs & lt; Decimal & gt; Полем Ваш идентификатор транзакции kr & lt;#& gt; Полем
0,Goodmorning Sleephy Ga.
0,Ты называй меня альтер в 11 ОК.
0,"Ü Скажи, пока я не буду купить Эрикссон Осо."
0,"Когда я вошел в свою каюту, мой PA сказал: «Счастливого босса по дню !!». Я чувствовал себя особенным. Она спросила мне 4 обед. После обеда она пригласила меня в свою квартиру. Мы пошли туда."
0,"Aight yo, dats strught dogg"
0,"Пожалуйста, дайте нам соединение сегодня до самого самого. Decimal & gt;  или вернуть законопроект"
0,"Оба :) Я снимаю большие грузы, так что будьте готовы!"
0,"Что случилось, Брув, надеюсь, у тебя был отличный перерыв. Иметь полезный семестр."
0,"Домой, чтобы мы всегда могли поболтать"
0,K :) k :) Хорошо :) хорошо изучать.
0,Да ... как n noe leh ...
0,Звучит отлично! Вы сейчас дома?
0,"Наконец, матч направляется к рисунку в качестве прогноза."
0,Усталый. Я плохо спал последние несколько ночей.
0,"Легко, а? Сен был выбран, значит, это хорошо .."
0,Я должен сдать экзамен с 3 марта
0,"Да, ты должен. Я думаю, что вы можете использовать свой банкомат GT сейчас, чтобы зарегистрироваться. Не уверен, но если есть в любом случае, я могу помочь мне знать. Но когда вы убедитесь, что вы готовы."
0,"ОК, нет, вероятно. Взять свое время."
0,"Существует ОС под названием Ubandu, которая будет работать без установки на жестком диске ... Вы можете использовать эту ОС для копирования важных файлов в системе и дать ее в ремонтную мастерскую .."
0,"Извините, я позвоню позже"
0,"Ты говоришь, что ... конечно, ничего не случилось. Не скажи, что романтический jus немного только, лор. Я не так хорош."
1,"500 новых мобильных телефонов с 2004 года, должны идти! TXT: Nokia to no: 89545 & Соберите свой сегодня! От 1 £ www.4-tc.biz 2optout 087187262701.50gbp/mtmsg18"
0,"Очень признателен, если вы позвоните мне. Просто нужен кто -то, с кем можно поговорить."
1,"Ты скоро встретишься с партнером своей мечты? Ваша карьера за пределами 2 запуска? 2 Узнайте бесплатно, TXT HORO с последующим знаком Your Star, e. глин Хоро Овен"
0,"Эй, компания Elama po Mudyadhu."
0,"Жизнь более строгая, чем учитель ... Учитель BCOZ преподает урок & amp; Затем проводит экзамен, но жизнь сначала проводит экзамен & amp; Затем преподает уроки. Счастливого утра. Полем Полем"
0,"Дорогое доброе утро, только теперь я встал"
0,Спуститесь в Гандифурам и идите к пересеченной дороге. Правая сторона & lt;#& gt; уличная дорога и поверните сначала справа.
0,"Дорогой, мы идем в наше резиновое место"
0,"Извините, батарея умер, да, я здесь"
0,Да :) Здесь телевизор всегда доступен на рабочем месте ..
1,"Текст и встретитесь с кем -то сексуальным сегодня. Вы можете найти дату или даже флиртовать его. Ответ с именем и возрастом, например, Sam 25. 18 -Msg Recd@Thirtyeeight Pence"
0,"Я напечатал это, о. Так что & lt;#& gt;  поднимись наверх"
0,"Или я буду немного ближе, как на автобусной остановке на той же улице"
0,Где ты? Когда ты здесь достигнешь?
0,"Новая теория: аргумент выигрывает ситуацию D, но теряет человека. Так что не спори с твоими друзьями просто ... Полем Полем пнуть их & amp; Скажи, я всегда прав.!"
1,"U 447801259231 Имеет секретный поклонник, который ищет 2, вступая в контакт с U-Find, который, по их мнению, раскрывает, кто считает, что у вас такой специальный вызов на 09058094597"
0,"Последний слух Tomarrow по делу о ноутбуке, так что я не могу."
0,Pleasssssssseeeee tel me v avent done sportsx
0,"Хорошо. Нет, нет, просто сияю. Это должно было подписать, но это звучит лучше."
0,"Хотя я сказал тебе, что сейчас я буду часами на лице Бэйга, но мне очень нравится, что ты дал ты, потому что это от тебя. Спасибо 4 все дава, что ты сделал сегодня, я тронут ..."
0,Ты не помнишь эту старую рекламу?
0,"Слишком поздно. Я сказал, что у меня есть сайт. У меня не было или у меня не было тапочек"
0,"Я попросил тебя позвонить ему сейчас, хорошо"
0,Каллис не будет бить во 2 -й подаче.
0,"Это больше не сработало, о. Хорошо, спокойной ночи. И. Вам очень не хватает, хорошо поспи."
1,"Поздравляем, что вы присудили 500 ваучеров CD или 125 Gift гарантированно и бесплатно вход 2 100 Wkly Draw Txt Music для 87066 TNCS www.ldew.com1win150ppmx3age16"
0,Ранджит Кэл Дрпд Деарадж и Дипак 5 мин
0,"Когда ты любишь, черт возьми, разгневаешься, не относишься к этому серьезно .. потому что злится, это самый детский и правдивый способ проявить глубокую привязанность, заботиться и luv! .. kettoda manda ... хорошего дня да."
0,Что у тебя дела? Как дела?
0,"UPS, который также составляет 3 дня, и судоходная компания, которая занимает 2 недели. Другим способом является USPS, который занимает неделю, но когда он задерживается, вам, возможно, придется подкупить Напост, чтобы получить свои вещи."
0,"Я вернулся, я знаю, когда ты готов"
0,"Не обязательно ожидайте, что это будет сделано, прежде чем вернуться, потому что я только сейчас"
0,"Ммм, так вкусная детка ... хороший толчок к Сьюзи"
0,Где ты любовник? Ты мне нужен ...
1,Мы попытались связаться с вами в ответ на наш предложение о телефонах видео? 750 в любое время сети мин? Неограниченный текст? Видеокамера? Ответить или позвонить 08000930705 СЕЙЧАС
0,"Я припаркован рядом с мини !!!! Как вы думаете, когда вы входите сегодня?"
0,Ага
0,В любом случае я сейчас собираюсь покупать самостоятельно. Потому что моя сестренка еще не закончила. Dun Reage U Liao.
0,"Мой нет. В Лутоне 0125698789 Звони меня, если ты вокруг! ЧАС*"
1,"Эй, я очень возбужден, хочу поболтать или увидеть меня голый"
0,Почему вы даете с нами.
0,Такой же. Wana Plan Trip Someme тогда
0,"Еще не уверен, все еще пытаясь схватить его"
1,"Ур сервис рингтона изменился! 25 бесплатных кредитов! Зайдите на Club4mobiles.com, чтобы выбрать контент сейчас! Останавливаться? TXT Club Stop до 87070. 150p/WK Club4 PO Box1146 MK45 2WT"
0,Эво. Мне просто нужно было скачать Flash. Ревнивый?
1,Ringtone Club: Получайте британский таблицу синглов на мобильном телефоне каждую неделю и выбирайте любой рингтон высшего качества! Это сообщение бесплатно.
0,"Приходите в MU, мы разбираем нашу ситуацию с наркотиками"
0,"Ночь закончилась еще на один день, утро пришло особым образом. Желаю вам улыбнуться, как солнечные лучи, и оставит свои заботы в голубом заливе."
1,"Бонус HMV Специальные 500 фунтов подлинных ваучеров HMV, которые будут выиграны. Просто ответьте на 4 простых вопроса. Играй сейчас! Отправить HMV на 86688 Подробнее: www.100percent-real.com"
0,"USF, я думаю, с таким же успехом может взять 1 машину"
0,Нет возражений. Мой парень не придет.
0,Спасибо ...
0,"Скажи Робу, чтобы подметать его в театре"
0,"Классно, увидимся немного"
0,Только что отправил его. Так какой тип еды вам нравится?
0,Все сделано? Все сданы? Празднования в полном разгаре?
0,Вас называют инструментом?
0,"Когда ты скучаешь по кому-то, человек определенно особенный для тебя ... но если человек такой особенный, зачем скучать по ним, просто продолжайся в Гдеве .."
0,"Хорошо. Я спросил деньги, как далеко"
0,Оки ...
0,"Да, я думаю, что мой обычный парень все еще потерял сознание с прошлой ночи, если вы поймете кого -нибудь, дайте мне знать, и я брошу вниз"
0,"К, я мог бы прийти сегодня вечером, тогда, если мой класс отпустят рано"
0,Хорошо..
0,"Привет, детка, я кружу с моей подругой, что ты ты зайшь 2? Позвоните мне в час дома, если все в порядке, или настаньте меня на этом фоне, теперь люблю Дженни ххх"
0,"Моя жизнь много значит для меня, не потому, что я люблю свою жизнь, а потому, что я люблю людей в моей жизни, мир называет их друзьями, я называю их своим миром :-) .. GE :-) .."
0,"Уважаемый, по почте тонит."
0,"Эй, ты сказал свое имя Гаутаму Ах?"
0,"Хаф, ты нашел его? Я чувствую себя так глупо, что работал Кэм."
0,Упс. 4 получил это.
0,Ты так много бузи
0,"Я случайно удалил сообщение. Повесьте, пожалуйста."
1,Клиент T-Mobile Вы можете требовать бесплатного обновления телефона камеры и SIM-карты Pay & Go для вашей лояльности. Позвоните по телефону 0845 021 3680.FER ENCKS 28THFEB.T & C'S APPLY
0,"Если это не такая ситуация, когда вы идете, Gurl будет более уместной"
0,"Поврежно мне ... дразни меня ... заставляй меня плакать ... но в конце моей жизни, когда я умру, пожалуйста, держи одну розу на мою могилу и говорю глупо, я скучаю по тебе .. Хорошего дня, bslvyl"
0,"Я не могу выбрать телефон прямо сейчас. Пожалуйста, отправьте сообщение"
0,"Нужен кофе -беги томо? Не могу поверить, что это уже время недели"
0,"Потрясающе, я помню, когда в последний раз мы впервые получили кого -то высоко с дизелем: V"
0,"Дерьмо, которое действительно шокирует и страшно, не может представить себе секунду. DEF на ночь. Как вы думаете, есть ли я где -то, что я мог бы разбиться на ночь, сэкономить на такси?"
0,"Ох, и, кстати, в холодильнике есть больше еды! Хотите выйти на еду сегодня вечером?"
0,Он актер womdarfull
1,"SMS. AC Hate Date 4u!: Rodds1 - 21/м из Абердина, Великобритания. Проверьте его http: // img. SMS. ac/w/icmb3cktz8r7!-"
0,"Да ... из того, что я остановился ... я думаю, что можно забронировать ..."
0,"Джос спросит, встретишь ли ты?"
0,"Лол да. Наша дружба висит в ветке, потому что вы не покупаете вещи."
1,"Themob> Проверьте наш новейший выбор контента, игр, тонов, сплетен, малышей и спорта, сохраните свой мобильный и причудливый текстовый WAP до 82468"
0,Где клавиши гаража? Они не на книжной полке
0,Сегодня принять день .. вы принимаете меня как? Брат сестра Lover Dear1 Best1 Slock1 lvblefrnd jstfrnd cutefrnd lifpartnr belovd swtheart bstfrnd no rpl
1,"Думаешь, ты умный? Выиграйте 200 фунтов стерлингов на этой неделе в нашей еженедельной викторине, Text Play до 85222 сейчас! T & CS Winnersclub PO Box 84, M26 3UZ. 16+. GBP1.50/неделя"
0,"Он говорит, что позвонит мне, когда у его друга есть деньги, но он определенно покупает до конца недели"
0,"Привет, как я был с тобой 2 дня, это нормальный путь, и это настоящий я. Ты уникальный, и я надеюсь, что знаю тебя 4 остальной части MyLife. Надеюсь, ты обнаружишь, что WOT был потерян."
0,Ты сделал мой день. Удачного дня тоже.
0,K.K :) Advance Happy Pongal.
0,"Хммм ... Думаю, мы можем пойти 4 кб и силовой йога ... ха -ха, не знаю, что мы можем тахан силовой йога ... это было, я забыл, Liao ..."
0,"Не очень чувак, не есть ли друзья, я боюсь :("
1,Только декабрь! Были ли ваши мобильные 11 метров+? Вы имеете право на обновление до последней цветной камеры мобильного телефона бесплатно! Позвоните в мобильное обновление CO бесплатно 08002986906
0,"Кофейный торт, я думаю ..."
0,"Счастливого Рождества тебе тоже, детка, я люблю тебя *поцелуи *"
0,Эй ... почему бы нам просто не пойти смотреть х и пообедать ... ха -ха
0,"cud u u coll ppl im gona b немного автобусов cos 2, потому что они были полны, и я все еще ждал 4 1. Пит X"
0,Это было бы здорово. Мы будем в гильдии. Может встретиться на Бристоль -роуд или где -то - свяжется с выходными. Наши планы уезжают! Хорошей недели
0,Без проблем. Как дела?
0,Нет вызовов..messages .. перевернутые звонки
0,"Привет, да :) Как сегодняшний класс?"
0,"Я бы сказал, что это хороший знак, но, ну, вы знаете мой послужной список в чтении женщин"
0,"Круто, напиши мне, когда ты припаркован"
0,"Я читаю текст, который только что отправил вам. Это должно быть шуткой. Так что прочитайте это в этом свете"
0,К.К:) Апо К.Гуд Фильм.
0,"Может быть, я смогу получить книгу Томо, а затем немедленно вернуть ее ..? Или что -то."
1,Позвоните в Германию всего за 1 пенс в минуту! Вызов из фиксированной строки через номер доступа 0844 861 85 85. Без предоплаты. Прямой доступ!
0,"Любая вероятность, что вы, возможно, имели со мной, испарились, как только вы нарушили мою конфиденциальность, украсть мой номер телефона из документов вашего работодателя. Совсем не круто. Пожалуйста, не свяжитесь со мной снова, иначе я сообщу вам вашему руководителю."
1,День Святого Валентина Специальный! Выиграйте более 1000 фунтов стерлингов в нашей викторине и возьмите своего партнера в поездку на всю жизнь! Отправить сейчас на 83600. 150p/msg rcvd. CUSTCARE: 08718720201.
0,"Та-Дааааа! Я дома, детка, ты все еще встал?"
0,Прохладный. Так почему же вы не были завоеваны и обедали раньше?
0,Просто спит .. и серфинг
0,"Извините, я позвоню позже"
0,Ты меня зовешь правильно? Позвони мне в руку по телефону ...
0,"Хорошо, это здорово, спасибо."
0,"Я принимаю это, пост пришел тогда! Сейчас у вас должно быть 1000 текстов! Счастливого чтения. Мой один из Wiv Hello Caroline в конце мой любимый. Благослови его"
0,Где ты прятал незнакомца?
0,Мне не интересно делать это.
0,Моя сестра вчера почистила два раунда в Бирле.
0,Gudnite .... TC ... практика продолжается
0,"Dis is yijue. Я только видел твою почту. В случае, если Хуиминг не прислал тебе мое число. DIS - это мое число."
0,Одна небольшая престижная проблема сейчас.
1,"Хотите похмельку? Я делаю заинтересован? sextextuk.com txt xxuk Suzy до 69876. TXTS стоит 1,50 за MSG. ТНК на веб -сайте. Х"
0,Просто проверяю вас. Действительно скучаю по Иеремии. Удачного месяца
0,"Нет, не могу вам там помочь, у меня никогда не было iPhone"
0,"Если ты не в моей машине через полтора часа, я собираюсь"
0,"Сегодня извини.! Если я когда -либо был злим на тебя, если я когда -нибудь плохо себя вводил или причинил тебе боль? пожалуйста, пожалуйста, просто пощечитесь, bcoz, это ваша вина, я в основном хорошо"
0,"Вы, ребята, когда -нибудь выясняете, сколько нам нужно для алкоголя? Джей и я пытаемся выяснить, сколько мы можем безопасно потратить на травку"
0,& lt;#& gt; Иш минут была 5 минут назад. WTF.
0,"Спасибо, что позвонили. Forgot, чтобы сказать вам, что вам нравится, Sirji. У меня здесь в порядке, и я помню вас, когда я встретил страхового человека. Получите вас в Катар Инша Аллах.rakhesh, бывшая Тата Айг, который присоединился к Tissco, Tayseer."
1,"Поздравляем, что вы присудили 500 ваучеров CD или 125 Gift гарантированно и бесплатно вход 2 100 Wkly Draw Txt Music для 87066 TNCS www.ldew.com1win150ppmx3age16"
1,"Ваша денежная баланс в настоящее время составляет 500 фунтов-чтобы максимизировать UR Cash-In, теперь отправьте деньги на 86688 только 150p/msg. CC: 08708800282 HG/SUITE342/2LANDS ROW/W1J6HL"
0,"Я актер. Когда я работаю, я работаю вечером и сплю поздно. Поскольку я безработный в данный момент, я всегда сплю поздно. Когда вы безработные, каждый день - суббота."
0,"Привет! Только что пришел сюда, Сент-Эндрюс-мальчик, это долгий путь! Холодно. Я буду держать вас в курсе"
0,"Ха-ха, крутой крутой Чикку Чикку:-):-DB-)"
0,"О, хорошо, нет, вероятно .."
0,Проверьте статус Одри прямо сейчас
0,Занят здесь. Попытка закончить на Новый год. Я с нетерпением жду возможности наконец встретиться с вами ...
0,"Добрый день солнечный свет! Как рассвета в тот день? Мы освежены и счастливы быть живыми? Мы дышим в воздухе и улыбаемся? Я думаю о тебе, моя любовь ... как всегда"
0,"Ну, я знаю, что Z позаботится обо мне. Так что не беспокойтесь."
1,"Update_now - Рождественское предложение! Последние Motorola, Sonyericsson & Nokia & Free Bluetooth! Двойные минуты и 1000 TXT на Orange. Вызовите MobileUpd8 по телефону 08000839402 или Call2optout/f4q ="
1,Вот ваш код скидки RP176781. Чтобы остановить дальнейшие сообщения Ответ Остановка. www.regalportfolio.co.uk. Служба клиентов 08717205546
0,Ват униформа? Где получить?
0,"Круто, напиши мне, когда будешь"
0,"Привет, мой мальчик ... Ну, я уже скучаю по тебе, и я только что проснулся. Я бы хотел, чтобы ты был здесь в постели со мной, обнимая меня. Я тебя люблю ..."
0,Я тоже испорчу тебя в постели :)
0,"Я собираюсь на ванну, я собираюсь с вами следующим образом & lt;#& gt;  мин .."
0,"Я не могу продолжать разговаривать с людьми, если я не уверен, что смогу заплатить им, если они согласны на цену. Так что, пожалуйста, скажите мне, что вы хотите действительно купить и сколько вы готовы заплатить"
1,"Спасибо за заказ рингтона, ссылка T91. Вам будет платить 4 GBP 4 в неделю. Вы можете отказаться от подписки в любое время, позвонив в службу поддержки по телефону 09057039994"
0,"Вы можете сказать, что случилось"
0,Ты мог бы увидеть меня .. я не узнал тебя лицом. :)
0,"Что ж, в Линдси в Новом году происходит не так много вещей * несколько баров в PTBO, а «Синяя цап"
0,"Держите свой Payasam там, если Rinu принесет"
0,"Я учил, что Ранджит сэр позвонил мне. Так что только я такой смс. Потому что он проверяет о проекте. Прабу рассказал сегодня, так что только ПА не ошибайся ..."
0,"Я думаю, именно поэтому вы беспокоитесь. Вы должны знать, что есть способ восстановить тело. И я совершенно уверен, что вы не должны беспокоиться. Мы возьмем это медленно. Сначала тесты, они будут направляться, когда ваша овуляция будет просто расслабляться. Ничто из того, что вы сказали, не является причиной, чтобы беспокоиться, но я не буду следить за вами."
0,"Да, конечно, дай мне пару минут, чтобы выследить мой кошелек"
0,"Эй, оставь это. Не важно :-) Береги себя."
0,"Эй, я опоздаю, ах ... познакомься с тобой в 945+"
1,"Двойные минуты и TXTS 4 6 месяцев бесплатно Bluetooth на апельсине. Доступно на телефонах Sony, Nokia Motorola. Call MobileUpd8 по телефону 08000839402 или Call2optout/N9DX"
0,Потребовалось мистера OWL 3 ликов
0,"Место клиента, я позвоню вам."
0,ММ в то время тебе не нравится веселье
1,"4 -месячная половина цена апельсиновая линия аренда и новейшие телефоны камеры 4 бесплатно. Был ли ваш телефон 11 месяц? Позвоните MobilesDirect бесплатно по телефону 08000938767, чтобы обновить сейчас! or2stoptxt"
0,"Да, теперь у меня есть обеденный шведский стол .. ты уже ешь?"
0,Да так поздно ... обедает?
0,"Эй, так что этот сат мы собираемся только за вступительным пилатесом? Или кикбоксинг тоже?"
0,"Утро, только я могу хорошо."
0,"Да, я так думаю. Я нахожусь в офисе, но мой колен в комнате, я думаю, что это за последние несколько дней. Я не закрыл это"
0,Забери тебя по бою 7.30ISH? В какое время и это происходит?
0,"Отсюда после того, как награда за исполнение рассчитывается каждые два месяца. Не для текущего месяца."
0,"На самом деле спал и все еще мог, когда ты перезвонишь. Итак, текст gr8. Ты рок сестренка. Пришлю тебе текст, когда я проснусь."
0,"Вы всегда выкладываете свой бизнес. Вы кладете фотографии своей задницы в Facebook. Вы один из самых открытых людей, которых я когда -либо встречал. Почему я думаю, что фотография вашей комнаты причинит вам вред, заставит вас чувствовать себя нарушенным."
0,"Добрый вечер, сэр, Аль Салам Вахликкум. Связывая счастливые новости. Благодаря Божьей, я получил предложение от Тайсера, Стомана, и я присоединились. Хоуп, ты в порядке. Инша Аллах, познакомься когда -нибудь. Ракхеш, посетитель из Индии."
0,Хммм ... k ... но я хочу быстро изменить поле DA :-) Я хочу получить системный администратор или сетевой администратор ..
1,"Бесплатный текст рингтона Сначала на 87131 для поли или текста до 87131 для настоящего тона! Помощь? 0845 2814032 16 После 1 -го бесплатного, тоны в 3 раза £ 150pw до e nd txt stop"
0,Дорогой как Чехи. Вы разговаривали с ней
0,Крем для волос не был отправлен.
0,"Ничего из этого не произойдет, пока вы не попадете сюда, хотя"
0,"Да, великий локсахатчи рождественский сжигание деревьев & lt;#& gt;  начинается через час"
0,"Ха -ха привыкнуть к езду в USF Man, я знаю много стоунеров"
0,"Все было хорошо, пока в этом PM немного было немного катастрофического класса с моими любимыми любимыми! Надеюсь, день отпуска. Кофе WLD будет хорошим, так как не могу остаться поздно завтра. То же время + место как всегда?"
0,Привет! Хорошая неделя? Хотите напиток или что -то в этом роде?
0,Направляйтесь в сторону Busetop
0,"Сообщение: отсутствует какой -то текст *отправитель: Имя отсутствует * *Число отсутствует *Отправлено: дата отсутствует *Отсутствует вас много, что все отсутствует, отправлено через fillonsms.com"
0,"Приходите в нашу комнату в какой -то момент, чтобы мы могли сдать план на эти выходные"
0,"Потому что я хочу, чтобы это было твоим"
0,"OKIES ... Я тоже пойду ян джиу ... мы можем пропустить ard oso, иди, иди, иди один, бла, бла -бла ..."
0,Принеси домой немного Венди = D
1,100 служб знакомств Cal; L 09064012103 Box334SK38CH
0,Что там. Не хочешь спать
0,"Хорошо, у меня сейчас новая цель"
1,Бесплатный вход в нашу еженедельное соревнование в размере 250 фунтов стерлингов просто напишите слово «выиграть» на 80086 сейчас. 18 T & C www.txttowin.co.uk
0,"Хорошо, я отправлюсь через несколько минут, напиши мне, где встретиться с тобой"
1,"Отправить логотип 2 Ураита - 2 имена, соединенные сердцем. Txt love name1 name2 mobno, например, любовь Адам Ева 07123456789 до 87077 Yahoo! POBOX36504W45WQ TXTNO 4 NO ADS 150p"
0,Да :) С самого прошлой недели я принимаю живой звонок.
1,"Кто -то связался с нашей службой знакомств и вошел в ваш телефон, потому что им нравится вас! Чтобы выяснить, кого это звонит с стационарной линии 09111032124. POBOX12N146TF150P"
0,Шива в общежитии AHA:-.
1,СРОЧНЫЙ! Ваш номер мобильного телефона был награжден гарантированным призом в 2000 фунтов стерлингов. Позвоните 09058094455 от земли. Требование 3030. Действительно только 12 часов
0,Отправьте это своим друзьям и получите что -нибудь о своем голосе ..... как мое выражение говорящего? 1. Недостаточный 2. НЕПРАВИЛЬНЫЙ 3. Суть 4. РОВДИ 5. ОТДЕЛ ОТНОШЕНИЯ 6. РОМАНТИЧЕСКИЙ 7. СКАЗАЯ 8. ATTRACTION 9.FUNNY & LT;#& gt; .Irritating & lt;#& gt; .lovable. ответь мне ..
0,Хорошо. С ней все будет в порядке. Наверное
0,"аати .. где ты, дорогая .."
0,Любая боль от мочеиспускания что -нибудь еще?
0,"7 в Esplanade .. Do ü Mind поднимает меня, потому что у меня сегодня нет машины .."
0,Я срочно купил автомобиль BMW .. это vry urgent.w hv нехватка & lt;#& gt; LACS. Нет источника для Arng dis amt. & lt;#& gt; Лак .. это моя проблема
0,Дома смотрю телевизор.
0,"Обычно она требует пятнадцати черт, чтобы ответить на «да»."
1,Поздравляю! Nokia 3650 Video Camera Phone - это ваш звонок 0906382422 ЗАПИСЬ Стоимость 150ppm Ave Call 3MIN
0,Забронирован билет на Понгал?
0,Вы доступны сейчас? Я как прямо вокруг Хиллсборо & amp;  & lt;#& gt; тур
0,Отправленное сообщение спрашивает & lt;#& gt; доллары. Shoul i Pay & lt;#& gt;  или & lt;#& gt; ?
0,"Спросите G или iouri, я рассказал историю, как десять раз"
0,"Сколько времени берет Applebees, черт возьми"
0,"Привет, надеюсь, ты получишь это путешествие ~ Путешествие не было GD, теперь около 50 минут поздно, я думаю."
0,Но я должен. Мне нравится иметь любовь и устроить.
0,Да .. он действительно великолепен .. Бхаджи сказал Каллису лучшему игроку в крикет после Сачина в мире :). Очень трудно выбраться.
0,Ты должен был разбудить меня и gt; :(
0,"ОИК ... Я тоже его видел, но я держусь за меня ... Я нашел группу Ляо ..."
0,"Извините, я позвоню позже"
0,"Эй, эй, были розыгрыши, говорят, что мы обезьяны! Привет, великолепно, как это? Founder Self A Jobyet Cause? Love Jen XXX"
0,"Извините, моя батарея умерла, я могу прийти мимо, но сейчас у меня есть только грамм, где ваше место?"
0,"Молодец, Blimey, упражнение, да, я вроде как помню, что это, хм."
0,"Я не буду концентрироваться, дорогой, ты знаешь, что ты мой разум и все :-)"
0,LOL ... вы планировали Новый год?
0,10 минут спустя k ...
0,Хэнкс много!
0,"Спасибо за это, надеюсь, у вас сегодня хороший день"
0,K :) k :) Какие детали вы хотите перенести? Acc Нет достаточно?
0,"ОК, я скажу ей, чтобы она не осталась. Да, это было сложно, но мы оптимистичные вещи улучшатся в этом месяце."
1,Кредит на любую цель 500 - 75 000 фунтов стерлингов. Домовладельцы + арендаторы приветствуются. Вас ранее отказались? Мы все еще можем помочь. Позвоните бесплатно 0800 1956669 или отправьте сообщение «Помощь»
0,"Si Si. Я думаю, что я сделаю эти трюфели Oreo."
0,"Посмотрите на Эми Ури, красивую, умную женщину, и ты мне очень нравишься. Я знаю, что тебе так не нравится я, так что не волнуйся."
0,"Я надеюсь, что вы это результат постоянно умного и добрых. Начните спрашивать его о практических ссылках и держать уши открытыми и всего наилучшего. поговорим позже"
0,"1.20 Эта стоимость вызова. Что я думаю, не плохо. Мисс тебе, нужен ты, хочу тебя, люблю тебя"
0,"Переход через совершенно другое чувство. Обращающиеся решения и справляться с тем же человеком - это один и тот же человек. Время исцелит все, что я верю."
0,"Куда ты пошел? Мой телефон умрет, ты должен остаться здесь"
0,"Большой. Никогда не было лучше. Каждый день дает еще больше причин, чтобы поблагодарить Бога"
1,"Upgrdcentre Orange Customer, теперь вы можете потребовать бесплатное обновление телефона камеры для вашей лояльности. Позвоните сейчас по телефону 0207 153 9153. Предложение заканчивается 26 июля. T & C применяются. Отказано"
0,"Извините, я позвоню позже, пока"
0,"Хорошо, я на пути к железной дороге"
0,Великая принцесса! Я люблю давать и получать устный. Стиль собаки - моя любимая позиция. А ты? Мне нравится заниматься любовью & lt;#& gt;  раз за ночь :)
0,"Они не ставят это на дороги, чтобы не допустить его скользкого?"
0,Когда вы собираетесь ездить на велосипеде?
0,"Да, нет необходимости. Я буду подождать 4 E Rain 2 Stop."
0,Есть много компании. Скажи мне язык.
1,"Okmail: Уважаемый Дэйв, это ваше окончательное уведомление, чтобы собрать 4* Тенериф. Позвоните 09061743806 с стационарной линии. TCS SAE Box326 CW25WX 150PPM"
0,"Сколько времени прошло с тех пор, как вы кричали, принцесса?"
0,"Ничего. Я имел в виду, что, как только деньги введут ваш счет здесь, банк удалит свою фиксированную ставку. Кто -то переведен & lt;#& gt;  к моей учетной записи и & lt;#& gt; доллары были удалены. Таким образом, банки различаются, и сборы также различаются. Убедитесь, что вы доверяете человеку 9JA, которого вы отправляете сведения об учетной записи, Cos ..."
1,"Хотите, чтобы 2 проложили сегодня вечером? Хотите, чтобы реальные места для подрыва отправили Direct 2 UR Mob? Присоединяйтесь к крупнейшей в Великобритании сети полязков, Txting Moan до 69888nyt. EC2A. 31p.msg@150p"
0,"Хорошая линия сказала разбитым сердцем- плз, не конфти 1 раз передо мной ... Другой мудрый еще раз, я буду доверять тебе ... хорошо 9t :)"
0,"Хорошо, я собираюсь отправиться в USF за пятнадцать минут"
0,"Люблю тебя, ати .. люблю тебя много .."
0,Напряжение Ах? Какая Мачи? Есть ли проблемы?
0,"K, могу я забрать еще 8 -е, когда закончите?"
0,"Когда вы, ребята, возвращаетесь? G сказал, что вы думаете о том, чтобы не остаться на MCR"
0,"Почти там, увидимся за секунду"
0,"Йо, Карлос, несколько друзей уже спрашивают меня о тебе, ты работаешь на всех этих выходных?"
0,Смотрю телевизор ...
0,"Спасибо, детка! Я не могу дождаться, чтобы попробовать реальную вещь ..."
0,Вы должны изменить свой FB на Jaykwon Thuglyfe Falconerf
0,"Если мы выиграем, это действительно 1 сторона в течение долгого времени."
1,"Бесплатное сообщение активируйте 500 бесплатных текстовых сообщений, ответив на это сообщение бесплатно для условий и условий, посетите www.07781482378.com"
0,Дорогой достиг железной дороги. Что случилось с тобой
0,"Зависит от качества. Если вы хотите, чтобы тип, который я отправил Бой, выцветшая слава, то около 6. Если вы хотите, чтобы Ральфы, может быть, 2"
0,"Думаю, я исправил это, вы можете отправить тестовое сообщение?"
0,"Извините, чувак, мой аккаунт сухо"
1,"Поздравляю! 1 год Специальный пропуск в кино на 2 - ваш. Позвоните 09061209465 сейчас! C Suprman V, Matrix3, Starwars3 и т. Д. Все 4 бесплатно! BX420-IP4-5WE. 150 вечера. Не пропустите!"
0,"Извините, на встрече я позвоню позже"
0,Какой класс & lt;#& gt;  Воссоединение?
0,Вы сейчас свободны? Могу я позвонить сейчас?
0,Получил меня ... когда?
0,"Нет ... думаю, я пойду на это в понедельник ... извините, я так поздно ответил"
0,"Некоторые из них сказали, что Accenture не подтверждает. Это правда."
0,"Кейт Джексон Рек Центр до 7ISH, верно?"
0,"Дорогой, у меня есть комната"
0,"Борьба с миром легко, вы либо выиграете, либо проиграете BT Fightng с каким -то, кто близок к вам, дикольт, если вы проиграете - вы проиграете, если выиграете - вы все еще проигрываете."
0,Когда ü может выйти?
0,Проверьте с нурологом.
0,Лолнице. Я перешел от рыбы в .. воду.?
1,#ОШИБКА!
0,"Нет, он ждет в э -э -э -э -э -э -э -э -э -э -э. Потому что подожди на улице ничего не сделал 2. Дома может делать мои вещи или смотреть телевизор."
0,"Может быть, Вестхор или Гайд -Парк Деревня, место рядом с моим домом?"
0,"Вы должны знать сейчас. Так как же Энтони. Вы приносите деньги. У меня школьные сборы, чтобы заплатить и арендовать, и все такое. Вот почему мне нужна твоя помощь. Друг в нуждающемся .... |"
0,В чем значение?
0,Ваше мнение обо мне? 1. Сверх 2. Джада 3. Кусрути 4. милый 5. Тихо 6. СПЛ.
0,"8, чем, то, что G. все еще там, если вы сможете забрать боеприпасы и хотите попробовать новый АК."
0,Прабха .. я soryda..rely..frm Сердце я sory
0,"Лол, хорошо, ты прощал :)"
0,Нет .. JST изменить только тат ..
1,"Вам гарантирован последний телефон Nokia, 40 ГБ iPod MP3 -плеер или приз в размере 500 фунтов стерлингов! TXT Word: Соберите нет: 83355! Ibhltd ldnw15h 150p/mtmsgrcvd18+"
0,S :) Нет конкуренции для него.
1,"Boltblue Tones для 150p Ответ Poly# или Mono# например, Poly3 1. Cha Cha Slide 2. Да 3. Mlow Jamz 6. Toxic 8. Поднимите со мной или остановите еще 4 тона TXT больше"
1,"Ваши кредиты были дополнены на http://www.bubbletext.com, ваш пин -код"
0,"Таким образом, транспорт менее проблематичен, чем в SAT Night. Кстати, если вы хотите попросить N присоединиться к моему понедельнику, не стесняйтесь. Но нужно знать определенные ножи как бронирование на пт."
0,"Обычно человек без сознания у детей, но у взрослых они могут просто вести себя аномально. I.ll позвони вам сейчас"
0,"Но это на eBay, это может быть меньше в другом месте."
0,Должен ли я получить рассол
0,Собирался получить тако
0,"Это очень грубо, ты в кампусе?"
1,Срочно!: Ваш мобильный № был удостоен премии по бонусу в размере 2000 фунтов стерлингов 09/09/03! Это наша вторая попытка связаться с вами! Звоните 0871-872-9755 Box95Qu
0,"Привет, я не буду 4 Рождества. Но наслаждайся и весельем."
1,"Сегодняшнее предложение! Утверждайте, что у вас ваучеры на сумму 150 фунтов стерлингов! Текст да на 85023 сейчас! Savamob, участник предлагает мобильные устройства! T CS 08717898035. £ 3,00 Sub. 16 Отказаться от ответа x"
0,"Да! Как такая красивая леди, как ты, одинока?"
1,"Вы получите свой тон в течение следующих 24 часов. Для условий, пожалуйста, см. Канал U Teletext PG 750"
0,"Джей говорит, что ты двойной фаргот"
1,ЧАСТНЫЙ! Ваша заявление учетной записи 2003 года для 07815296484 показывает 800 не вырученных S.I.M. точки Звоните 08718738001 Код идентификатора 41782 истекает 18/11/04
0,Что сегодня-воскресенье .. по воскресенье-праздник .. так что нет работы ..
0,Gudnite .... TC ... практика продолжается
0,Я опоздаю ...
0,"Я давно не звонил тебе. Это надеется, что это была малярия L8R и что вы знаете, что мы скучаем по вам, ребята. Я скучаю по Бани Большой, так что, пожалуйста, дайте ей мою любовь особенно. Хорошего дня."
0,"Добрый день, любовь моя! Как дела в тот день? Я надеюсь, что, может быть, у вас есть некоторые лидеры на работе. Я думаю о тебе, Бойтай и посылаю тебе страстный поцелуй со всего моря"
0,"Наверное, будет здесь некоторое время, увидимся позже сегодня вечером и LT;)"
0,"Или, может быть, мои толстые пальцы просто нажимают все эти кнопки, и не знает, что делать."
0,"Мммммаа, много счастливых возвращений в день, мое дорогое сладкое сердце .. с днем ​​рождения, дорогой"
0,"Я нахожусь в Тирупуре, как только ты начнешь с офиса, позвони мне."
1,от www.applausestore.com Monthlysubscription@50p/MSG Max6/Month T & CSC Web Age16 2Stop Txt Stop
0,"Знаменитая цитата: когда вы разрабатываете способность слушать «что -нибудь» безоговорочно, не теряя уверенности в себе или уверенности в себе, это означает, что вы ......... 'женат'"
0,"Но собираюсь в колледж, штат Пенсильвания. Что делать. Другие еще не приезжают туда сам. А"
0,4 Oclock на моем. Просто чтобы разбить плоский план.
0,"Эта девушка не остается в постели. Этой девушке не нужно время восстановления. Я скорее выхожу, когда развлекаюсь, а затем настаньте в постели"
0,Тогда что -нибудь особенное?
0,"Я знаю, но тебе нужно получить отель сейчас. Я только что получил свое приглашение, но мне пришлось извиниться. Кали сладко, чтобы я приехал в Weddin некоторых английского парня"
0,"Извините, что заняло так долго, омв сейчас"
0,Подождите & lt;#& gt;  мин ..
0,"Хорошо, дай мне 5 минут, думаю, я вижу ее. Кстати, ты мой алиби. Ты все время стрикал мне волосы."
0,"Представьте, что вы наконец -то попадете в эту ванну после того, как я проведу вас через ваши шаги, возможно, даже когда вы съели меня некоторое время, прежде чем я ушел ... но также представьте себе ощущение этой клетки на вашем члене, окруженном водой для ванны, напоминая вам всегда, кто вас владеет ... наслаждайтесь, моя кука"
0,"Спешите, я дефицит сорняков в течение трех дней"
0,"Конечно, если я получу от вас признание, что это поразительно без тактично и в целом, чтобы требовать клятвы к крови для"
0,"Хорошо. Каждую ночь принимайте теплую ванну, напишите чашку молока, и вы увидите магию. Вам все еще нужно потерять вес. Просто чтобы вы знали"
0,"Я посмотрю на сковороду на случай, если это дешево или, возможно, книга. Нет, глупая сковорода вряд ли будет книгой"
0,"О. Ну, ультрафиолетовое ультрафиолетовое значение вызывает мутации. Солнце"
0,Обеден :) Вы не в Интернете? Почему?
0,"Я знаю, что мой друг уже сказал это."
0,"Привет, принцесса! Спасибо за фотографии. Вы очень красивы. Как вы?"
0,"Айо ... ты всегда в наш бывший один ... Я не знаю, как она, она ответит ... впервые отвечаешь так быстро ... ты так повезло, а не работаю, да, получил Бао от твоего Сугардада, а ... Ну и дела ..."
0,"Привет, MSG мне :) Я в офисе .."
0,"Спасибо 4 E Брауни, это V приятно ..."
0,"Geeeee ... я так сильно тебя люблю, я едва могу стоять"
1,"Господи! Мы пытаемся связаться с вами. В прошлые выходные вызовы показывают, что вы выиграли приз в размере 1000 фунтов стерлингов. Звоните 09064012160. Код претензии K52. Действительно только 12 часов. 150 млрд"
0,"Черт, детка ... я уже скучаю по тебе, ты знаешь? Разве вы не можете позволить мне отправить вам немного денег в вашу сеть? Ты мне нужен ... Я хочу тебя ... Я жажду тебя ..."
0,"Я позвоню вам 2 мрда в Ninish, с моим адресом, который, по -видимому, не перестанет позвонить мне 2 Bad Jen K Eh?"
0,"Ооо, кровать ездит на ey? О чем ты думаешь?"
0,"Так что в любом случае, вы можете просто пойти в свой тренажерный зал или что -то еще, моя любовь * улыбается * Я надеюсь, что вы в порядке и у вас будет хороший день, детка ... я уже очень скучаю по тебе"
0,Любить это! Папа заставит тебя кричать с удовольствием! Я собираюсь пощечить твою задницу своим членом!
0,"Ты хочешь сделать, тогда Мисси?"
0,"Яр Лор Подожди 4, моя мама 2 финиш, а потом пообедать, Лор ... Я целый утренний оставался дома, чисти, моя комната, теперь моя комната довольно чистая ... Хи ..."
0,"Ты знаешь, куда пошли мои лабораторные очки"
0,Вы можете открыть дверь?
0,В ожидании вашего звонка.
0,"Нет, я жду в Sch 4, папа ..."
1,"Вы выиграли 1000 наличных или приз в 2000 годах! Чтобы утверждать, Call09050000327"
0,"Я устал спорить с вами о этой неделе за неделей. Делай то, что хочешь, и с этого момента я сделаю то же самое."
0,"Ü Подождите 4 в Sch, я заканчиваю ard 5 .."
1,"Наш номер мобильного телефона выиграл 5000 фунтов стерлингов, чтобы претендовать на звонки или позвонить в горячую линию претензий по телефону 09050005321."
0,"Брак в то время, когда ты ходишь, как укусает змея кусает тебя. BT Love Baracing танцует в Frnt of D Snake & amp; Скажи меня, укуси меня."
0,Да
0,"ОК, все равно не нужно меняться с тем, что вы сказали"
1,Мы попытались связаться с вами в ответ на наше предложение 750 минут 150 текстовых и новую видео телефонную звонок 08002988890 сейчас или ответьте на бесплатную доставку завтра
0,Моя бывшая жена не смогла иметь детей. Вы хотите один день детей?
0,"Так как Шотландия. Надеюсь, вы не будете показывать свои тенденции JJC. Заботиться. Жить мечтой"
0,"Скажите им, что у вас болит голова, и просто хотите использовать 1 час больного времени."
0,"Я еще не уйду ... Хммм, может пойти джаз? Йогасана Осо может ... мы можем познакомиться с ними после наших уроков."
0,"Пит, не можешь позвонить мне вряд ли кредит"
0,"Я очень лучше, чем я"
0,"Я на встрече, позвони мне позже в"
1,За ваш шанс выиграть за 250 фунтов стерлингов.
1,"Вы были специально выбраны для получения награды 2000 фунтов! Позвоните 08712402050, прежде чем строки. Стоимость 10plm. 16+. T & CS применяется. Ag Promo"
1,ЧАСТНЫЙ! Ваша заявление учетной записи 2003 года за 07753741225 показывает 800 не вырученных S. I. M. Points. Звоните 08715203677 Код идентификатора: 42478 истекает 24/10/04
0,Вы все еще в Гран -при?
0,"Я встретил тебя как незнакомого и выбирал тебя как моего друга. Пока мир стоит, наша дружба никогда не заканчивается. Давайте будем друзьями навсегда !!! Гуд ниц ..."
0,Я отлично! Как вы?
0,Gud mrng дорогой хорошего дня
1,У вас есть важное объявление о обслуживании клиентов. Позвоните Freephone 0800 542 0825 сейчас!
0,Сделаю. Был истощен на поезде сегодня утром. Слишком много вина и пирога. Ты тоже хорошо спишь
0,Я собираюсь купить нынешний AR мамы.
0,Mind Blastin .. больше не будет цунами.
0,"Если ты отправишь ей домой сначала, это нормально, Лор. Я еще не готов."
0,"Говоря о том, есть ли у него есть деньги?"
0,Будь там счастлив. Я приду после полудня
0,Встречайте после обеда LA ...
0,Береги себя и хорошо подойди
1,Xclusive@clubsaisai 2morow 28/5 Speciale Zouk с Николсом из Paris.free Roses 2 All Ladies !!! Информация: 07946746291/07880867867
0,"Я хотел сказать, что не могу дождаться, чтобы увидеть, как у тебя снова надое"
0,"Нева, это нормально .."
0,"Все в порядке, Имма выпьет или что -нибудь. Хотите, чтобы я пришел, чтобы найти тебя?"
1,"22 дня, чтобы начать! Для Euro2004 вы будете в курсе последних новостей и результатов ежедневно. Чтобы быть удаленным отправить get txt stop до 83222"
0,"Это игра Валентина. Полем Полем Отправьте DIS MSG всем своим друзьям. .. Если 5 ответов на то же самое, тогда кто -то действительно любит тебя. Ques- Какой цвет подходит мне лучше всего?"
0,У меня много иждивенцев
0,"Спасибо, сегодня, это было приятно 2 догоня"
0,Я позвонил и сказал ему все :) Затем он должен выбрать это будущее.
0,"С Днем Святого Валентина я знаю, что это рано, но у меня есть сотни красивых и красавиц, чтобы пожелать. Поэтому я подумал закончить тетушки и дяди 1 -го ..."
0,"Он нравится не v shock leh. Косильнее сказать, что Шухуй тоже все равно, что сказать Леоне. Как почти все знают Ляо. Он попросил меня с реакцией."
0,Для моего семейного счастья ..
0,Я прихожу и забираю ... сразу же выйти на корм урок ...
0,"Пусть будет снег. Пусть будет снег. Такая погода объединяет PPL, чтобы дружеские отношения могли расти."
0,"Уважаемый, мы получили & lt;#& gt;  доллары привет привет"
0,Хорошие слова .... но слова могут оставить тебя в ужасе много раз.
0,"Убедитесь, что Алекс знает, что его день рождения закончился через пятнадцать минут, насколько вы обеспокоены"
0,"Извините, нет, есть немного дел. может быть в пабе позже."
0,"Нет, это прямо, если вы можете просто принести бутон или напитки или что -то, что на самом деле немного более полезно, чем прямые деньги"
0,"Ха -ха, приятно слышать, мне официально платят и на рынке за 8 -й"
0,"Сколько ликов нужно, чтобы добраться до центра Tootsie Pop?"
0,"Да, я, они, учитель, сказал, что это заставит мое лицо выглядеть дольше. Даррен не спрашивает меня, что 2 вырезают слишком короткие."
1,Новый TextBuddy Chat 2 возбужденные парни в вашей области 4 только 25p бесплатно 2 Получить Пост -код поиска или на gaytextbuddy.com. Txt One name to 89693
1,"Сегодняшние номера Vodafone, заканчивающиеся 4882, выбираются на премию 350 фунтов стерлингов. Если ваш номер совпадает, позвоните по номеру 09064019014, чтобы получить награду за 350 фунтов стерлингов."
0,"Пожалуйста, не говорите так. Привет, привет"
0,Спасибо!
0,"О, это было перенаправленное сообщение. Я думал, ты посылаешь это мне"
0,"Понятно. Семнадцать фунтов за семьсот мл - надеюсь, ОК."
1,"Уважаемый держатель ваучеров, 2 заявления о предложении этой недели, на вашем компьютере перейдите по адресу http://www.e-tlp.co.uk/expressoffer ts & cs."
0,Мне он такой смешной ...
0,"Милая, надеюсь, у тебя нет такого дня! Имейте один с множеством причин, чтобы улыбнуться. Биола"
0,Когда ü Вход в систему времени ... папа заставляет ü домой?
0,"Что мы будем делать в душе, детка?"
0,Я задал вам вопрос несколько часов назад. Его ответ
0,"Что ж, имма определенно нужно пополнить запасы до Дня благодарения, я дам вам знать, когда я уйду"
0,"сказал, поцелуй, поцелуй, я не могу сделать звуковые эффекты! Он великолепный человек, не он! Вроде человека, которому нужна улыбка, чтобы украсить свой день!"
0,"Наверное, немного прокатится"
0,Я очень мило. Полем . будь готово в четверг
0,"Алло! Мы выдержали автобусы и взяли на поезда и победили. Я имею в виду, что мы в Бьхэме. Увлечься остальной частью недели"
0,"Смотреть мультфильм, слушать музыку & amp; в Еве пришлось пойти в храм & amp; Церковь .. как насчет тебя?"
0,"Вы не возражаете, если я спрошу, что случилось? Вы не должны говорить, если это неудобно."
1,ЧАСТНЫЙ! Ваша заявление учетной записи 2003 года показывает 800 не вырученных S. I. M. Points. Звоните 08715203694 Код идентификатора: 40533 истекает 31/10/04
0,Нет вероятности. Я пришлю на ваше электронное письмо.
1,"Вы выиграли 1000 наличных или приз в 2000 годах! Чтобы утверждать, Call09050000327. T & C: RSTM, SW7 3SS. 150 млрд"
0,Это круто! Иногда медленно и нежно. SONETIMES Грубо и тяжело :)
0,"Я скажу нет. Извини. Я бы, как обычно, начинаю паниковать со временем. Еще раз извини! Вы видите во вторник?"
0,"Подожди, ты знаешь, если Уэсли в городе? Бьюсь об заклад, она принимает наркотики!"
0,"Хорошо, я очень по тебе скучаю."
0,У тебя была история этих людей
0,"Расскажите им, что торговец наркотиками становится нетерпеливым"
0,"Солнце не может прийти на землю, но посылать Лув в качестве лучей. Облако не может прийти в реку, но отправить Лув как дождь. Я не могу прийти на встречу с тобой, но могу отправить свою помощь в качестве MSG U. Gud evng"
0,Ты будешь на месте этого человека
0,"Не имеет смысла взять его туда, если это не бесплатно. Если вам нужно узнать больше, Wikipedia.com"
1,88800 и 89034 являются премиальными телефонными службами звонка 08718711108
0,Под морем там лежит камень. В скале есть конверт. В конверте есть бумага. На бумаге есть 3 слова ... '
0,"Тогда мама раскаивается, как?"
0,"Извините, я впервые вернусь домой ... папа, приходи, я позже ..."
0,Оставьте это de :-). Начните готовиться к следующему :-) ..
0,"Да, детка! Мы можем изучить все позиции кама -сутры;)"
0,En chikku nange bakra msg kalstiya .. тогда был чай/кофе?
0,"Карлос будет здесь через минуту, если вам еще нужно купить"
0,Эта оплата - это десятичное значение;  лакх :)
0,Хорошего вечера! Поговорим позже
0,Вы получили мой MSG?
0,"Хо Хо - Большой живот смеется! Увидимся, Томо"
1,"SMS. AC Sun0819 Посты привет: «Вы кажетесь крутым, хотели сказать привет. Привет !!!» Останавливаться? Отправить остановку на 62468"
1,"Получите свой 1 -й рингтон бесплатно! Ответьте на этот MSG с тоном. GR8 Top 20 тонов на ваш телефон каждую неделю всего 1,50 фунтов стерлингов за WK 2 ОТКЛЮЧЕНИЕ Отправить остановка 08452810071 16"
0,"То же самое. И вам больше не придется беспокоиться о том, что я что -то вам что -то говорю. Как я сказал прошлой ночью, вы делаете все, что хотите, и я сделаю то же самое. Мир."
0,"У меня есть & lt;#& gt; , как бы я мог забрать?"
0,"Я не знаю, я просто пью молоко .."
0,"Может быть?! Скажи привет и узнай, получил ли его карта. Отличный побег или Wetherspoons?"
0,"Пигги, ты не спишь? Бьюсь об заклад, ты все еще спишь. Я сейчас иду 4 обед ..."
0,"Потому что я не причудливый, лол"
0,"Пропустил твой звонок, потому что я кричал на Скарппи. Скучаю по тебе. Не могу дождаться, когда ты вернешься домой. Мне сегодня так одиноко."
0,О чем вы говорите это «шестигранное»? Объяснять!
0,Ü Выберите 4 ват. Это sdryb8i
0,XY идет 4 E Lunch?
1,"Привет, я Сью. Мне 20 лет, и я работаю лапдицаром. Я люблю секс. Напишите мне вживую - я сейчас моя спальня. Текст Сью на 89555. Textoperator G2 1DA 150ppmsg 18+"
0,"Я хотел попросить ü подождать 4, чтобы закончить лекцию. Потому что моя лекция заканчивается за час в любом случае."
0,Вы уже закончили работу? :)
0,"Каждый король когда -то был плачущим ребенком, и каждое великое здание когда -то было картой ... не впечатляющим, где вы сегодня, но где вы достигнете топлива. Gud Ni8"
0,"Дорогой, я в cherthala.in dece u r cochin, пожалуйста, позвоните, прежде чем вы запустите. Я также достигнут соответствующим образом. Или скажите мне, какой день вы прибегаете."
0,"Спасибо, любовь. Но я делаю факел или жирный жирный цвет."
1,"<Перенаправлен из 448712404000> Позвоните по телефону 08712404000, так как вас ждет срочное сообщение."
0,Ферма была открыта?
0,"Извините, что снова вас беспокоит. Может купить 4D для моего отца снова? 1405, 1680, 1843. Все 2 Big 1 маленький, Sat N Sun. Спасибо."
0,"Моя невестка, надеюсь, у вас отличный месяц. Просто говорю эй. Абиола"
0,Будет купить D вещей сегодня и отправить вам отправить по почте. У вас есть номер с питания?
0,"Ах какашка. Похоже, плохо, вероятно, придется отправить в мой ноутбук, чтобы получить фиксированную, потому что у него есть проблема с графическим процессором"
0,Хороший. Хорошая работа. Мне нравятся предприниматели
0,"Айс, ты закрываешься или до сих пор рухнул вокруг Алекса?"
0,"Познакомьтесь с вами в Corporation St Swoner Gap ... Вы можете увидеть, как работает мой разум!"
0,Мама попроси ü купить еду домой ...
0,K..U также не MSG или ответь на его MSG ..
0,Сколько r ü желает заплатить?
0,"Извините, я позвоню позже"
0,"Важно то, что вы предотвращаете обезвоживание, давая ей достаточно жидкостей"
0,"Это немного странно, даже?- Где должен происходить дела? Но хорошая идея, конечно, они будут в пабе!"
0,"Правда, дорогая .. я сидел, чтобы молиться вечер и чувствовал себя так. Так что я через некоторое время ..."
0,"Я не думаю, что я могу так долго уйти в путь с семьей в городе, извините"
0,"Итак, когда ты хочешь спорт. Харри"
0,"Довольно поздно, Лар ... Ард 12 в любом случае, я Вун Б Дривин ..."
1,"Чтобы просмотреть и сохранить фантастическую игру Nokia N-Gage Game с Club Nokia, Go 2 www.cnupdates.com/newsletter. Отписаться от оповещений ответьте с слова"
1,"4 -месячная половина цена апельсиновая линия аренда и новейшие телефоны камеры 4 бесплатно. Был ли ваш телефон 11 метров+? Позвоните MobilesDirect бесплатно по телефону 08000938767, чтобы обновить сейчас! or2stoptxt t & cs"
0,"Высота уверенности: все профессора аэронавтики были Calld & amp; Они просили 2 сидеть в самолете. А так они сидели, они сказали, что самолет, сделанный их учениками. Dey All вышел из D -самолета .. Bt Только 1 не двигался ... он сказал: «Если это сделано моими учениками, это даже не начнет ........ Доверие Датца .."
0,"Просто кажется странным временем, что в ту ночь, когда все, что ты и Г."
1,08714712388 с 10 до 7 вечера стоимость 10 п.
0,"Сохраните себя стрессом. Если у человека есть аккаунт в общежитии, просто отправьте данные своей учетной записи, и деньги будут отправлены вам."
0,Он также знает только о меню обеда. Полем Я знаю
0,"Когда у меня есть вещи, чтобы продать, я скажу тебе"
1,#ОШИБКА!
0,Книга Какой урок? Тогда вы меня MSG ... Я позвоню после работы или STH ... Я собираюсь получить спецификации. Мое членство - PX3748
1,"Вы выиграли гарантированные 1000 фунтов стерлингов или приз в 2000 фунтов стерлингов. Чтобы получить приз, позвоните нашему представителю по обслуживанию клиентов по телефону 08714712394 с 10:00 до 19:00"
0,"Мача не расстраивается. Я могу предположить ваше мышление. Возвращай меня однажды вечером со мной, и у меня есть замечательные планы для нас обоих. Давай начнется жизнь снова. В любое время меня в любое время"
0,"О, это? Пришлите мне адрес"
0,S'fine. В любое время. Всего наилучшего.
0,Это Wondar Full Flim.
0,"Да, даже на этих печенье есть желе"
0,"Мир работает, и я все еще. Возможно, все чувствуют то же самое, так что будь то."
0,Понятно! Это выглядит восхитительно ... папа хочет съесть тебя всю ночь напролет!
0,"Cos cas lar Я не так у меня, ба -да, хорошо ... 13:00 ... ты никогда не спрашиваешь, куда мы пойдем, ах ... я сказал, что ты спросишь на пт, но он сказал, что вы спросите сегодня ..."
0,"Хорошо, ом, должен изменить мой заказ на пол8 -й"
0,"Точно. В любом случае, как далеко. Является ли она, чтобы учиться или просто посетить"
0,"Не знаю, что ты спрашиваешь."
1,Электронная почта Alertfrom: Jeri Stewartsize: 2kbsubject: недорогой рецепция DRVGSTO Слушайте по электронной почте звонок 123
0,"Нет, он этого не сделал. Весна наступает рано, ура!"
0,"Лол, ты не будешь чувствовать себя плохо, когда я использую ее деньги, чтобы отвезти тебя на стейкский ужин = D"
0,"Даже у тебя не возникнут проблемы, убедительно ... просто тела Ему один или два раза, и только Тель, пренебрегая его сообщениями, не c и не читайте ... просто не отвечайте"
0,Уйти в Катар Тонит в поисках возможности. Все пошли быстро. Пла
0,Тогда почему никто не разговаривает со мной
0,"Спасибо, что посмотрели на меня. Я очень ценю."
1,Привет. Предложение лояльности клиентов: новый Nokia6650 Mobile всего от 10 фунтов стерлингов на txtauction! TXT Word: Начните нет: 81151 и получите свое сейчас! 4t & ctxt tc 150p/mtmsg
0,Хотел бы я быть с тобой сейчас!
0,"Ха -ха, ты обнимаешь ... ты хорошо меня знаешь. Ощущение того, что его любит кому -то, это GD LOR. Вы быстрее найдите один, тогда все девушки в нашей группе, прикрепленных Liao."
0,"Да, я буду там. Рад, что ты сделал это."
0,Делай хорошо :) Все будет немного времени. Вещи хороших времен впереди:
0,"Только что встал. Должен выйти из комнаты очень скоро. … Я не положил часы назад до 8 лет, я кричал всем, чтобы встать, а затем понял, что это 7. Вахай. Еще час в постели."
0,Хорошо. Там может быть бесплатный спортзал.
0,Мужчины любят более короткие дамы. Взгляните в его глаза.
0,"Не знаю, он сказал, что Лидо. В то же время 930."
0,"Я обещаю хорошо заботиться о тебе, принцесса. Я должен бежать сейчас. Пожалуйста, отправьте фото, когда у вас будет шанс. Поговорим позже!"
1,"Вы подписаны на лучший сервис мобильного контента в Великобритании за 3 фунта стерлингов за 10 дней, пока не отправите остановку на 82324. Hellpline 08706091795"
0,"Есть ли причина, по которой мы не говорили в этом году? В любом случае, отличной недели и всего наилучшего в экзамене"
0,К понедельнику на следующей неделе. Дай мне полную суть
1,"Вы понимаете, что через 40 лет у нас будут тысячи старушек, бегающих с татуировками?"
1,У вас есть важное объявление о обслуживании клиентов от Premier.
0,Не дай мне подушку
0,Когда ты попал в библиотеку
0,"Очень извините-я не узнаю этот номер и теперь смущен :) Кто вы, пожалуйста?!"
0,Так почему же ты не Холла?
0,"Не могу придумать никого, у кого * запасная комната *"
0,"Вера делает все возможным, надежда заставляет вещи работать, любовь делает вещи красивыми, пусть у вас будут все три этого Рождества! С Рождеством!"
0,Ты должен был назначить встречу
0,"Позвони мне, когда ты/Карлос здесь/"
1,"Романтический Париж. 2 ночи, 2 рейса с 79 фунтов стерлингов сейчас 4 в следующем году. Позвоните по номеру 08704439680TS & CS."
0,"Мы у бабушек. О, дорогой, ты все еще болен? Сегодня утром я чувствовал дерьмо, но думаю, что я просто похмелье! Еще одна ночь тогда. Мы уходим на SAT."
1,"Срочная гарантированная награда в 500 фунтов стерлингов все еще невостребована! Звоните 09066368327 Теперь закрытие DATE04/09/02 претензий Code M39M51 £ 1,50 PMMOREFROMBILE2BREMOV-MOBYPOBOX734LS27YF"
0,"Ничего, кроме того, кроме как мы, вы бы спросили, потому что у тебя бу -гуа ... но мы пошли на горе Фабер ..."
0,"Желаю вам и вашей семье весело ""X"" MAS и с новым годом заранее .."
1,"YU присудил городскому перерыву и смог выиграть летние покупки в 200 фунтов стерлингов в каждом неделе. TXT Store до 88039. Скилгме. TSC087147403231WINAWK! Возраст16 £ 1,50PERWKSUBUB"
0,"Я и ухожу, что -нибудь по -прежнему, если они не встретят 4 ужина ... ха -ха, мне интересно, кто уйдет время ..."
0,"Извините, я позвоню позже"
0,"Я не могу выбрать телефон прямо сейчас. Пожалуйста, отправьте сообщение"
0,"Лол, я знаю! Они такие драматичные. Школы уже закрыты на завтра. Видимо, мы не можем водить в дюйм снега."
0,Никуда не добраться до этой чертовой охоты на работу здесь!
0,"Ржу не могу! Ты пьяный! Просто делаю волосы в момент. Да, все еще 4 сегодня вечером. Wats План?"
0,"IDC, иди сюда, вы не выходите из этого дерьма дважды подряд"
0,Я буду там с в & lt;#& gt;  минуты Получил любое место
0,Просто спит .. и серфинг
0,"Спасибо, что взяли мусор."
0,"Почему бы тебе не сказать своему другу, ты не уверен, что хочешь жить с ним, потому что он слишком много курит, а затем часами умоляй его курить"
0,"Привет, это Кейт, было приятно увидеть тебя сегодня вечером, и я перезвоню тебе завтра. Я должен петь, и парень дал мне свою карту! XXX"
0,"С Новым годом, мой дорогой брат. Я действительно скучаю по тебе. Только что получил ваш номер и решил отправить вам этот текст, желая вам только счастья. Абиола"
0,Это значит получить дверь
0,Ваше мнение обо мне? 1. Сверх 2. Джада 3. Кусрути 4. милый 5. Тихо 6. СПЛ.
0,"Хммм ... я думал, что мы сказали 2 часа раба, а не 3 ... ты опоздал ... как мне наказать тебя?"
0,Пиво?
1,У вас есть важное объявление о обслуживании клиентов от Premier. Позвоните Freephone 0800 542 0578 сейчас!
0,Не думаю. Он выключается как случайно в течение 5 минут после открытия
0,"Она должна была быть, но не могла этого сделать, хотя она все еще в городе"
0,Это делает это самостоятельно. Большую часть времени это исправляет мое правописание. Но иногда это получает совершенно разное слово. Перейти к фигуре
1,"Вы когда -нибудь думали о том, чтобы жить хорошей жизнью с идеальным партнером? Просто название TXT Back и возраст, чтобы присоединиться к мобильному сообществу. (100p/sms)"
1,"5 Бесплатные верхние полифонические тона позвоните по 087018728737, национальный ставка. Получите Toppoly Tune, отправляемую каждую неделю, просто текстовую подполию на 81618, 3 фунта стерлингов за полюс. Unsub 08718727870."
0,"Gud mrng, дорогой, хороший день"
0,"Это надеется, что вам понравилась ваша игра вчера. Извините, что я не был на связи, но, пожалуйста, знайте, что вы с любовью, чтобы выключиться. Удачной недели. Абиола"
0,Все E Best 4 UR RIVL TMR :-)
0,Y? Где ты в Догбрите? Это просто звучит как январь С.
0,"Боже, я хочу кричать. Я взвесил себя и потерял больше веса! Уоха!"
0,Обычно нет одного. Это бесчисленное существительное - U в словаре. Исследования?
0,Это действительно заставляет меня просто болтаться.
1,"Клиент Orange, теперь вы можете потребовать бесплатное обновление телефона камеры для вашей лояльности. Позвоните сейчас по телефону 0207 153 9996. Предложение заканчивается 14 -й март. T & C применяются. Отказ от доступности"
0,"Petey Boy там, где вы, и все ваши друзья в Thekingshead Come, если вы сможете."
0,"Хорошо, я msg u b4, я покидаю свой дом."
0,"Дай мне некоторые из них,#& gt;  Протокол минут назад"
1,"Последний шанс! ТРЕБОВАНИЕ ВАУ ВАРОСНЫЕ ВАУЧЕРЫ СИДА БОЛЬШЕ! Текстовый магазин до 85023 сейчас! Савамоб, предлагает мобильный! T CS SAVAMOB POBOX84, M263UZ. 3,00 фунтов стерлингов. 16"
0,"Appt at & lt; time & gt; являюсь. Не моя вина, ты не слушаешь. Я говорил тебе дважды"
1,Бесплатно на 1 -й недели! №1 Nokia Tone 4 UR Mobile каждую неделю только txt nokia до 8077 Получите TXTING и расскажите своим товарищам. www.getzed.co.uk Pobox 36504 W45WQ 16+ Norm150p/Tone
1,Вы выиграли гарантированную премию в размере 200 фунтов стерлингов или даже 1000 фунтов стерлингов Cashto Call Free Free по телефону 08000407165 (18+) 2 Stop GetStop на 88222 PHP. RG21 4JX
0,K Я буду там до 4.
0,"Я замолчал 3d, это очень обрести"
0,"конечно, но убедитесь, что он знает, что мы еще не курили"
0,"Буоо, ты всегда работаешь. Просто уйти."
0,"Я беру наполовину отпуск, потому что я не в порядке"
0,"Тьфу, я не хочу вставать с постели. Это так тепло."
0,S :) s.nervous & lt;#& gt; :)
0,"Так что есть кольцо, которое идет с костюмами парней. Это там, чтобы они могли подарить свои будущие йовифы. Подсказка"
1,"Поздравляем, что вы присудили либо 500 фунтов стерлингов, подарочные ваучеры, так и бесплатный вход 2 Наша еженедельная музыка £ 100 еженедельно TXT TXT 87066 TNCS www.ldew.com1win150ppmx3age16"
0,"Я одолжил твою сумку, хорошо."
1,"U был перебит Simonwatson5120 на DVD Shinco Plyr. 2 предложения снова, посетите SMS. AC/SMSREAWARDS 2 END уведомления о ставках, ответь"
0,Где мой мальчик? Я скучаю по тебе ... что случилось?
0,"У него много используемых малыш, но модель не помогает. Ты должен принести это, и он сопоставит это"
0,Также вы приносите Галилео или Добби
0,Тогда почему вы не отвечаете
0,"БУ, детка! Ты наслаждаешься своим джобом? Казалось, что ты, черт возьми, нахожусь на хорошем!"
0,"Добрый день Звезд! Как мой мальчик? Он уже жаждет меня? Боль, чтобы трахнуть меня? *Sips Cappuccino*Я скучаю по тебе, детка*дразнящий поцелуй*"
0,На дороге так не могу txt txt
1,"SMSServices. Для ваших текстовых титров, пожалуйста, www.comuk.net login = 3qxj9 отказаться от остановки, без дополнительной платы. Помощь 08702840625.comuk. 220-CM2 9ae"
1,25p 4 Песня «Дети Альфи Мун» на твоей толбе. Расскажите Ur M8s. TXT THONE благотворительность до 8007 для Nokias или Poly Poly Fortion for Polys: ZED 08701417012 Прибыль 2 благотворительная организация.
0,Хорошего вечера! Поговорим позже
0,Хм .. кусочки лол ... * вздыхает * ...
0,Хахаха .. Используйте свой мозг дорогой
0,Привет. У тебя есть почта?
0,"Извините, свет стал зеленым, я имел в виду еще один друг, который хотел & lt;#& gt;  стоит, но он может быть не рядом"
0,"Спасибо за вчерашнее сэр. Вы были замечательными. Надеюсь, вам понравилось погребение. Моджибиола"
1,"У тебя есть секретный поклонник. Раскрыть, кто думает, что ты такой особенный. Позвоните по номеру 09065174042. Отказаться от ответа, выявить остановку. 1,50 за MSG Recd. CUST CARE 07821230901"
0,"Привет, приятель, его rv, у тебя было хорошее ол"
1,"Уважаемый держатель ваучеров, чтобы претендовать на предложение этой недели, на вашем компьютере, пожалуйста, перейдите по адресу http://www.e-tlp.co.uk/expressoffer ts & cs. Чтобы остановить тексты, TXT остановите 80062"
0,"Большое спасибо. Когда мы по скайпам с К.З. и Сурой, мы не получили удовольствия от вашей компании. Надеюсь, у тебя все хорошо. Мы дали вам ультиматум, о! Мы считаем Абуро. Наслаждаться! Это сообщение, которое я отправил несколько дней назад"
0,"Конечно, результат предложит :)"
0,"Доброе утро, моя дорогая ........... Успешный день."
1,"Вы хотите 750 в любое время, когда любая сеть Mins 150 Text и новый видео -телефон всего за пять фунтов в неделю звоните 08002888812 или ответьте на доставку завтра"
0,"Сэр, я опаздывал платить арендную плату в течение последних нескольких месяцев и должен был заплатить $ & lt;#& gt;  заряжать. Я чувствовал, что мне было бы невнимательнее, что вы даете что -то, что вы даете, по большей цене себе, и поэтому я не говорил. Однако я в Не могли бы вы помочь. Спасибо"
1,"Мы попытались связаться с вами в нашем предложении нового видео -телефона 750 в любое время, когда любая сеть получена с половиной цены."
1,"Последний шанс 2 утверждать, что у тебя ваучеры на сумму 150 фунтов стерлингов. 16 Снимите TXT X или остановите"
0,"Я люблю тебя так много, ты не поймешь, как особенный ты 2 мне звонит 2 -й, luv u xxx"
0,"Пожалуйста, пришлите мне полную почту о том, кого я плачу, когда и сколько."
0,Мать нашего Прашантеттана скончалась прошлой ночью. Молитесь за нее и семью.
1,Срочный! Позвоните по номеру 0906350750 с вашего стационарного линии. Ваш бесплатный 4* Ibiza Holiday или 10 000 наличных денег Sae T & CS PO Box 434 SK3 8WP 150 м.д. 18+
0,К.К :) Когда ты идешь?
0,"Тем временем в пакете дерьма: Ксавье решил дать нам & lt;#& gt;  Секунды предупреждения о том, что Саманта приближается и играет на гитаре Джея, чтобы произвести на нее или какое -то дерьмо. Также я не думаю, что Дуг понимает, что я здесь больше не живу"
0,"У моего желудка было так много травм, клянусь, я просто не могу есть. Мне лучше похудеть."
0,Я нахожусь в офисе :) В чем дело .. я меня сейчас звоню на перерыве :).
0,"Да, для нас двоих едва достаточно места, у X слишком много гребаных туфлей. Извините, чувак, увидимся позже"
1,"Сегодняшнее предложение! Утверждайте, что у вас ваучеры на сумму 150 фунтов стерлингов! Текст да на 85023 сейчас! Savamob, участник предлагает мобильные устройства! T CS 08717898035. £ 3,00 Sub. 16 Отказаться от ответа x"
0,Ты уже достигнешь сада? Ты в первую очередь купить билеты?
0,"Я настоящий, детка! Я хочу выявить твою внутреннюю тигру ..."
0,"Нет да, если вы запускаете, это активирует полную версию DA."
0,"Ах, бедный ребенок! Надеюсь, что Bettersn luv! Проблема передозировка работы Эй, иди, осторожно, spk 2 u sn много любви xxx."
0,"Остановите историю. Я сказал ему, что вернул это, и он говорит, что я не должен заказать это."
1,"Говорить сексуально !! Заведите новых друзей или влюбитесь в мировых наиболее осторожных служб знакомств. Просто напишите VIP на 83110 и посмотрите, с кем вы можете встретиться."
0,Собираетесь вывести твою малышку?
0,"Хай Ана Томарроу приезжаю утром.  & lt; Decimal & gt;  Я буду там в Сэти, тогда мы пойдем в офис RTO. Ответь мне после того, как пришел домой."
0,"Ложи, тогда все в порядке?"
0,"Он только что сказал, кого кого -то зовут Тампа"
0,В работе сейчас. Уйдет через несколько минут.
0,Твой брат гений
0,"Извините, я думаю, когда я могу получить свои связи, может быть, час или два? Я напишу тебе"
0,"Вы узнали, в какое время автобус в то, что мне нужно разобраться в некоторых вещах."
0,"Чувак, я видел много корветов в последнее время"
1,"Поздравляем, что ты присудил либо за год, поставки компакт -дисков из Virgin Records, либо загадочный подарки, гарантированный звонок 09061104283 TS & CS www.smsco.net £ 1,50 вечера примерно в 3MINS"
0,"То же самое здесь, но я считаю, что стены, бункеры и дерьмо важны только потому, что я никогда не играю на мирном, но я думаю, что ваше место достаточно высокое, что это не имеет значения"
1,ЧАСТНЫЙ! Ваша операция учетной записи 2003 года для 07808 XXXXXX показывает 800 некачественных S. I. M. Points. Звоните 08719899217 Код идентификатора: 41685 истекает 07/11/04
1,Привет. Нам нужны шикарные птицы и парни для пользовательских испытательных продувок для Champneys. Могу я тебя опустить? Мне нужен ваш адрес и DOB как можно скорее. Та
1,"Что ты хочешь на Рождество? Как насчет 100 бесплатных текстовых сообщений и нового видео -телефона с арендой линейки на полцены? Позвоните бесплатно сейчас по телефону 0800 0721072, чтобы узнать больше!"
0,"Что ж, официально в философской дыре, так что, если ты хочешь назвать я дома, готов к спасению!"
0,"Это идет хорошо ... нет проблем ... но все еще нужен небольшой опыт, чтобы понять американский голос клиента ..."
0,"Я напишу тебе, когда бросим Х"
0,"Тьфу, это был долгий день. Я изможден. Просто хочу обниматься и вздремнуть"
0,Поговорите с самим собой по крайней мере один раз в день ... !!! В противном случае вы будете скучать по своему лучшему другу в этом мире ... !!! -Shakespeare- Shesil & lt;#& gt;
1,"Магазин до того, как ты не бросишь, это ты, 10K, 5K, 500 фунтов стерлингов наличными или ваучер на 100 фунтов стерлингов, позвоните сейчас, 09064011000. NTT PO Box CR01327BT Стоимость фиксированной линии 150ppm"
0,Вы в Касторе? Тебе нужно что -то увидеть
1,"Sunshine Quiz Wkly Q! Выиграйте лучшего DVD -игрока Sony, если вы знаете, какую страну Ливерпуль сыграл в середине недели? TXT ANSR до 82277. £ 1,50 SP: Tyrone"
1,"У вас есть секретный поклонник, который ищет 2, вступая в контакт с U-Find Out, кого они показывают, кто думает, что у вас такой специальный вызов на 09058094565"
1,"У вас есть секретный поклонник, который ищет 2, вступая в контакт с U-Find Out, кого они показывают, кто думает, что у вас такой специальный вызов на 09065171142-stopsms-08"
1,"Напоминание: вы не скачали контент, за который вы уже заплатили. Goto http: // doit. MyMoby. ТВ/ чтобы собрать свой контент."
0,"Видите ли, я знал, что дал вам перерыв несколько раз, что Вуул привел, что ты всегда желаешь пропустить комендантский час. Я собирался привлечь тебя до одного, но полночь фильм не выйдет до 2. Тебе нужно вернуться домой. Вам нужно заснуть, и, во всяком случае, вам нужно обучать обучение ушей."
0,Я люблю давать массаж. Я использую много детского масла ... какова ваша любимая позиция?
0,"Чувак, мы должны снова пойти"
0,"Yoyyooo Вы знаете, как изменить разрешения на диск в Mac. Мой USB -флэш -накопитель"
0,Гиббс непроданный. Майк Хасси
0,"Я люблю говорить о Па, но не могу. Я не знаю y."
0,"Y Dun Cut Слишком короткий leh. Ты как ты, как Ах? Она потерпела неудачу. Она довольно грустно."
0,Вы невероятный педик
0,Жена. Как она знала время убийства точно
0,Почему вы спрашиваете принцессу?
0,Я отличная принцесса! Что ты думаешь обо мне? :)
0,Нарезывать. Резак. Ctter. Cttergg. Cttargg. Ctargg. Ctagg. т.е. ты
0,"Все в порядке, я не занят, но мне действительно скучно, поэтому я тебя. Я Oso Dunno Wat Color, она выберет 4 я один."
0,"Не будет у занятий рано завтра, и, следовательно, не должен пытаться курить в & lt;#& gt;"
0,"Превосходная мысль: «Будь благодарным, что у тебя нет всего, что ты хочешь. Это означает, что у тебя все еще есть возможность быть счастливее завтра, чем сегодня.» :-)"
0,"Надеюсь, у вас хорошая неделя. Просто проверяя"
0,"Я привык к этому. Я просто надеюсь, что мои агенты не бросят меня, так как я забронировал только несколько вещей в этом году. Весь этот я в Бостоне, они в Нью -Йорке были экспериментом."
0,"Четверг вечером? Да, конечно, мы тогда разберемся"
1,"Ваш бесплатный рингтон ждет, чтобы его собрали. Просто напишите пароль «микс» на 85069, чтобы проверить. Получить Ашер и Бритни. FML, PO Box 5249, MK17 92H. 450ppw 16"
0,"Вероятно, деньги заботятся. Дело в долгу, и у меня есть несколько выдающихся счетов для работы, которые я проделал два и три месяца назад."
0,Как можно научить вас. И где.
0,"Интересно, замерла ли ваш телефон? Я должен был тебе сказать, я люблю тебя, детка"
0,"Прекрасный запах на этом автобусе, и это не табак ..."
0,"Мы все здесь беспокоимся, Дерек и Тейлор уже приняли худшее"
0,"Эй, как дела, Чарльз, извини за поздний ответ."
1,"Все самое последнее из стереофоники, Марли, Диззи Ракала, Либертинов и Строков! Выиграть игры Nookii с флиртом !! Щелкните Themob WAP закладки или текстовый WAP до 82468"
0,И. Кроме того
0,Белая помадка Oreos находится в магазинах
1,"Январь мужская распродажа! Горячий гей чат теперь дешевле, позвоните по номеру 08709222922. Национальная ставка от 1,5 пенса/мин дешево до 7,8 п./Мин Пик! Чтобы остановить тексты звонить 08712460324 (10p/min)"
0,"Моя любовь ! Почему вам понадобилось так много времени, чтобы уйти за Захера? Я получил твои слова на YM и был рад их увидеть, но было грустно, что вы ушли. Я скучаю по тебе"
0,"Мне жаль, что тебе больно."
0,"Не мочь. Меня тошнит. Я так зол. Я не ел сладости всю неделю, потому что сегодня я планировал вытащить. Я диета всю неделю. А теперь я не голоден:/"
0,"Хорошо, но не слишком рано. У меня все еще есть встреча в проекте сейчас."
0,"Позвони мне, да, жду твоего звонка."
0,"Я мог бы спросить Карлоса, сможем ли мы получить больше, если кто -нибудь еще может втиснуться"
0,На самом деле собирался отправить вам напоминание сегодня. Удачных выходных
0,"Когда люди видят мои MSG, они думают, что я зависим от MSGING ... они не правы, они не знают, что я зависим от моих милых друзей .. !! Bslvyl"
0,"Эй, ты дал им свою фотографию, когда зарегистрировался для вождения, а? TMR хотите встретиться в YCK?"
0,"Не разговаривай с ним, это все в порядке, это мое слово."
0,Когда ты будешь увидеть это тогда
0,"На маму в школу. Можете ли вы, пожалуйста, прислать мне номер Эшли"
0,Все будет хорошо. У меня сейчас Аваларр. Будет Холлалтер
0,Она пошла сегодня посетить еще два раунда ... но все еще не достигла дома ..
0,На самом деле я удалил свой старый веб -сайт .. теперь я веду блог на MagicalSongs.blogspot.com
0,"K, подождите Chikku..il отправить Aftr & lt;#& gt; мин"
0,"Но я на диете. И вчера я съел 1 слишком много кусочков пиццы. Тьфу, я всегда на диете."
0,K :) Я дам свои данные KVB ACC :)
0,"О, все должны прийти, а?"
1,деньги!!! ты счастливчик! 2 Замените свой призовой текст денег 2 88600 свыше 1 миллиона фунтов стерлингов! PPT150x3+нормальная скорость текста Box403 w1t1jy
0,"Мне очень жаль, что я не смогу 2 сделать в эту пятницу. Хоп, ты сможешь найти альтернативу."
0,"Поздравляем руку Mo Owo re WA. Наслаждайтесь этим, и я желаю вам много счастливых моментов, куда бы вы ни были"
0,Так у тебя еще есть плечи Самуса
0,"В какое время вы думаете, у вас это будет? Нужно знать, когда я должен быть рядом с кампусом"
1,"Уважаемый Мэтью, пожалуйста, позвоните по номеру 09063440451 с стационарной линии, ваш бесплатный 4*Lux Tenerife Holiday или 1000 фунтов стерлингов. PPM150 SAE T & CS Box334 SK38XH."
0,Тогда Dun Wear Jeans Lor ...
0,"С тех пор, какая сторона, любая лихорадка, любая рвота."
0,K :) K. - это вы в колледже?
1,Срочный! Позвоните 09061749602 с стационарной линии. Ваш бесплатный 4* Tenerife Holiday или 10 000 фунтов стерлингов.
0,"Лучше. Заработал пятницу и вчера набил себя свинью. Теперь я чувствую Блех. Но, по крайней мере, это не коржете боль."
0,"Нет, мы продаем все это, так что у нас будет тонна, если монеты. Затем продайте наши монеты кому -то через PayPal. Вуаля! Деньги возвращаются в карманы жизни :)"
0,Они делают это со многими местами. Только больницы и медицинские места безопасны.
1,"Как насчет связи с людьми, ожидающими компании? Просто обратно свое имя и возраст, чтобы выбрать! Наслаждайтесь сообществом (150p/sms)"
0,"А также я недавно сбил его с собой пару раз, так что я не выписываю его из синего в поисках травки"
0,"Я отправил свои результаты в Софас, и мне пришлось сделать второстепенное заявление на несколько школ. Я думаю, что если вы думаете о применении, проведу также исследование затрат. Свяжитесь с шуткой, Ogunrinde, ее школа - одна из меня менее дорогие"
0,"Я не могу дождаться, чтобы увидеть тебя! Как были фотографии были полезны? :)"
1,Ваша денежная баланс в настоящее время составляет 500 фунтов-чтобы максимизировать UR Dase-In Sepend Prese до 86688 только 150p/msg. CC: 08718720201 PO Box 114/14 TCR/W1
0,"Эй, я уже забронировал КБ на SAT ... Какие еще уроки мы собираемся на ах? Держите свой SAT Night Free, нам нужно встретиться и подтвердить наш проживание"
0,CHK в вашем Belovd MS Dict
0,"Это какое время ты хочешь, чтобы я приехал?"
0,"Потрясающе, я знаю, когда ты рядом"
0,SHB B OK LOR ... спасибо ...
0,"Красивая истина против гравитации .. Тщательно прочитайте: «Наше сердце чувствует себя легким, когда кто -то в ней ... но это очень тяжело, когда кто -то уходит ...» Спокойной ночи"
0,Также не забудьте получить миску Добби из вашей машины
1,"Грязные истории и девушки, ожидающие твоего"
0,"Извините, я теперь, тогда C UR MSG ... Yar Lor So Phore Thing ... но только 4 однажды ночью ... TMR, у вас будет совершенно новая комната 2 в ..."
0,"Любовь - это не решение, это чувство. Если бы мы могли решить, кого любить, тогда жизнь была бы намного проще, но тогда менее волшебно"
0,"Уэлп, очевидно, он вышел на пенсию"
0,"Мой код сортировки есть, а ACC нет. Банк NatWest. Можете ли вы ответить, чтобы подтвердить, что я отправил это нужному человеку!"
0,Где @
0,"Ты уверен, что ты не можешь удержать больное время?"
1,"СРОЧНЫЙ! Мы пытаемся связаться с U. Сегодняшним рисунком, которые вы выиграли гарантированную гарантированную призовую сумму в размере 800 фунтов стерлингов. Позвоните по номеру 09050001808 с земли. Претензия M95. Действительно только12 часов"
0,"Смотреть мультфильм, слушать музыку & amp; в Еве пришлось пойти в храм & amp; Церковь .. как насчет тебя?"
0,"Йо Чед, какой урок гимнастики ты хочешь взять? На сайте говорится, что класс христиан полон .."
0,Ты так много бузи
0,"Или еще лучше вы можете поймать ее и позволить ей спросить, может ли она продать & lt;#& gt;  для меня."
0,Я не уверен насчет ночного меню. Полем Полем Я знаю только о полуденье меню
0,"Что ты хочешь, когда я вернусь?"
0,Вы готовы пойти на класс способности.
0,"Это не будет до 2,15, как попробовать 2 сортировки дома, это нормально?"
0,"Yar lor, он wan 2 go c скачки лошадей сегодня, мах, так что есть раньше Я ел куриный рис. Ты?"
0,"Ха -ха, круто, теперь тогда тогда"
0,"Да, я так, пока не закроет магазин."
0,Какой у вас номер счета?
0,А ты отправишь неправильно
0,"Эй, нет, я рекламировал, что дерьмо было Борин без тебя 2 болото со мной, ты скучный буйтч! Спасибо, но ты подожди, пока не время ил."
0,"Хорошо, я поговорю с ним"
0,"Не колебайся. Вы знаете, что это второй раз, когда у нее была такая слабость. Так что храните ноутбук о том, что она съела, и сделала накануне или, если что -то изменилось накануне, чтобы мы могли быть уверены, что это ничего"
0,"Эй, ты можешь заплатить. С зарплатой де. Только & lt;#& gt; Полем"
0,Еще один месяц. Мне нужны шоколадные сорняки и алкоголь.
0,"Если он начнет искать, он получит работу через несколько дней. У него будет большой потенциал и талант."
0,"Считается, что нужно быть в городе на восемьдесят, чтобы пройти от * Карпарки."
1,"Поздравляю! 2 Мобильные 3G видеофоны R Yours. Позвоните 09063458130! VideoChat Wyd Your Mates, играйте в игры Java, Dload Polyph Music, Noline Rentl."
0,Посмотри на чертовски время. Какого хрена ты думаешь
0,"Ты угадай, что я только что уронил"
0,"Карлос говорит, что он будет в mu in & lt;#& gt;  минуты"
0,Я сейчас в офисе. Я назову вас & lt;#& gt;  мин :)
0,"Geeee ... Я уже скучаю по тебе, понимаешь? Все, о чем я могу думать. Черт, я не могу ждать до следующего года, когда мы будем вместе ... *любящий поцелуй *"
0,"Юн Ах. UBI One скажет, если ü wan позвонит к завтрашнему дню. Call 67441233 Ищите Irene. Получил только автобус 8,22,65,61,66,382. Ubi Cres, Ubi Tech Park.6PH для 1 -го 5wkg Days.èn"
0,Фу. Должен вернуться в SD из Лос -Анджелеса. Моя задница болит.
0,26 июля
0,"Привет, у меня самое расслабляющее время! Мы должны вставать в 7 утра каждый день! Была ли вечеринка хорошей в ту ночь? Я вернусь домой завтра в 5ish."
0,"Вплоть до ... ü wan come, тогда приходите, но я дин c любую юбку с полосками ..."
0,Рождественская история - это мир. Желаю тебе счастливого Рождества ...
0,"Я не могу, у меня нет ее номера!"
0,Снова изменить ... это один рядом с эскалатором ...
0,"Йтонде, я в классе, вы не можете запустить воду, чтобы все в порядке. Пожалуйста."
0,"Здесь не было много. Очень тихо. Бет в ее тетях, а Чарли много работает. Только я и Хелен в Мо. Как твои дела?"
0,"Затем ü Подождите 4 на автобусной остановке в конце вашей лекции Lar. Если я раздачу C ü, я пойду за машиной, а затем вернитесь и выберите ü."
0,"Айт подойдет, еще раз спасибо за то, что"
0,"Нет .. но слышал, как Абт Тат .."
1,"Пожалуйста, позвоните на нашего представителя по обслуживанию клиентов на Freephone 0808 145 4742 с 9:00 до 11 вечера, так как вы выиграли гарантированные 1000 фунтов стерлингов или 5000 фунтов стерлингов!"
0,Да .. он действительно великолепен .. Бхаджи сказал Каллису лучшему игроку в крикет после Сачина в мире :). Очень трудно выбраться.
0,& lt;#& gt;  Я думаю? Должен сказать на программе
0,Умма. Она что -нибудь сказала
0,"Дайте мне секунду, чтобы подумать об этом"
1,Panasonic & Bluetoothhdset бесплатно. Nokia бесплатно. Motorola Free & Doublemins & DoubleTxt на Orange Contract. Вызовите MobileUpd8 по телефону 08000839402 или позвоните в 2Optout
0,"Я не совсем знаю, что делать. Я до сих пор никого не могу получить. Я подбираю тебя с 7:30 вечера, и мы можем увидеть, в пабе они?"
0,"Poyyarikatur, Kolathupalayam, Unjalur Post, Erode dis, & lt;#& gt; Полем"
0,"Дорогой герой, я уезжаю в Катар Тонит, чтобы получить возможность. Plspls поддерживает связь с & lt; электронная почта & gt; , Керала"
0,"Лол, я бы, но моя мама была бы подойдет и расскажет всей семье, насколько я сумасшедший и ужасен"
0,"Я только что вернулся домой, детка, ты все еще не спишь?"
0,"Я не знаю, они закрывают Ореди, не ... ü v ma fan ..."
0,Просто купи пиццу. Любители мяса или высшие. Вы можете выбрать.
0,Я сказал .. она спрашивала Ватс?
0,"Уважаемый, сожалею, что я выбираю Call.Drove Down FRM CTLA теперь в Cochin Home.left Mobile в машине ... enter Style Ishtamayoo? Happy Bakrid!"
1,Бесплатно на 1 -й недели! №1 Nokia Tone 4 Ur Mob каждую неделю только Txt nokia до 8007 Получите Txting и расскажите Ur Mates www.getzed.co.uk pobox 36504 W45WQ Norm150p/Tone 16+
0,Должен ли я отправить это EXE на ваш почтовый идентификатор.
0,"Нет, смотрю телевизор дома ... не выходить на улицу. V скучно ..."
0,ДОН ЗНАЕТ .. ПОЖАЛУЙСТА Я проверю это.
0,"Добрый день в этот славный день юбилей, мой сладкий j !! Я надеюсь, что это найдет вас счастливыми и довольными, моя добыча. Я думаю о тебе и посылаю дразнящий поцелуй со всего моря, уговорив изображения любимых сувениров ... ты кугар"
1,"Угадай, что! Кто -то, кого вы знаете, тайно фансирует вас! Хотите узнать, кто это? Позвоните нам по телефону 09065394514 от стационарного Datebox1282ESSEXCM61XN 150p/min 18 18"
0,Мы все еще на сегодня вечером?
0,"Могу я позвонить вам позже, пожалуйста"
0,Разве это не было узором недавно дерьмовые выходные?
0,"У меня болит горло. Это царапины, когда я говорю"
0,Да да. Любой PLM в UR Office
0,Вы не рядом или просто все еще спите? : V.
0,"Лол, ты забыл это, а? Да, я принесу это, детка"
0,"Это хорошо, мы найдем способ"
0,Не могу использовать иностранные марки в этой стране. Хорошая лекция.
0,"Да купай, Ляо ..."
0,"С Новым годом, мой №1 человек"
0,"О, мистер Шеффилд! Ты хочешь сыграть в эту игру, хорошо. Ты босс, а я няня. Вы даете мне повышение, и я дам вам один !!"
0,"Зоя, это просто ударила меня 2 Я чертовски дерьмо"
0,"Привет, детка, ты вернулся к маме? Вы сейчас настраиваете компьютер? Заполнение живота? Как дела, Loverboy? Я уже скучаю по тебе ... *вздыхает *"
0,"Нет, моих одеял достаточно, спасибо"
0,"Непослушная маленькая мысль: «Лучше флиртовать, флирт и флирт, а не любить кого-то, и причинять боль, больно и больно ... :-) Gud NYT"
0,"Эдисон справедливо сказал: «Дурак может задать больше вопросов, чем может ответить мудрый человек». Теперь вы знаете, почему все мы безмолвно не речи во время Viva .. GM, GN, GE, GNT :-)"
0,"Они просто говорят, вот и все. Они не будут ни одного другого."
0,"Сегодня я иду в колледж, поэтому не могу ослабить класс."
0,Я в классе. Будет Холла позже
0,"Легко, а? Сен был выбран, значит, это хорошо .."
0,"Ммм, это лучше, теперь я получил жаркое надо мной! мне лучше, если бы у меня было несколько напитков, 2! Хороший индеец?"
1,"Мы знаем кого -то, кого вы знаете, что вам нравится. Позвоните 09058097218, чтобы узнать, кто. Pobox 6, LS15HB 150p"
0,"Приходите, это."
0,"Сделай 1 вещь! Изменить это предложение на: «Потому что я хочу, чтобы 2 концентрировались в моей образовательной карьере, я уезжаю здесь ..»"
1,"1000 лет флиртует сейчас! TXT Girl или Bloke & UR name & Age, например, девочка Zoe от 18 до 8007, чтобы присоединиться и поболтать!"
0,"Я прошел час 2 C u! Разве я не показываю, что мне все равно, ты не поверишь, что я серьезно?"
1,18 дней до начала Euro2004! Вам будет информироваться обо всех последних новостях и результатах ежедневно. Отправьте подпись отправить Euro Stop до 83222.
0,Вы доступны для Speiree 3 июня?
0,"Ты не участвуешь в месте, где продает 4D, закрывает 4D?"
0,"У меня есть еще одна работа! Тот, что в больнице делает анализ данных или что -то в этом роде, начинается в понедельник! Не уверен, когда мой тезис закончится"
0,Джей становится действительно нетерпеливым и воинственным
0,"Hiya Comin 2 Бристоль 1 Сент -неделя в апреле. Лес вышел + Руди в новую Еву, но я храпел. Они были пьяны! Ты еще не бей в колледже? Моя работа отправляет чернила 2 ванны."
0,"Я на работе. Пожалуйста, позвоните"
0,Тогда ты водишь Лор.
0,"ARD 515, как DAT. У?"
0,"Скажи мне, что они женщины: v Как ты бросаешь? Мы решаем, что все получить сейчас"
1,Eastenders TV Quiz. С каким цветом дот сравнивается себя? D = фиалка E = tulip f = lily txt d e или f до 84025 Теперь 4 шанс 2 выиграть 100 фунтов стерлингов Wkent/150p16+
0,Я работаю технической поддержкой :) Voice Process.networking Field.
0,"Я могу приехать в Кералу на 2 дня. Так что вы можете быть готовы уйти, как только я завершу. Запланируйте любое путешествие во время моего визита. Нужно закончить срочные работы."
0,"Хорошо. Не уверен, в какое время не уверен, может ли добраться до библиотеки до занятий. Попробую. Увидимся в какой -то момент! Иметь хорошую Еву."
1,"У нас есть новые местные даты в вашем районе - много новых людей, зарегистрированных в вашем районе. Ответить дату, чтобы начать сейчас! 18 только www.flirtparty.us reply150"
0,"Это нормально, тогда я побуждаю тебя позже"
0,"Нет, моя мама пошла 2 стоматолога."
0,Однажды бесплатно назовите меня сэр. Я жду тебя.
0,"Встреча с тобой - моя работа. Полем Полем Получите меня, когда я сделаю свою работу завтра"
1,"Кто -то, кого вы знаете, попросил нашу службу знакомств 2 связаться с вами! Не могу догадаться, кто? Позвоните 09058091854 Теперь все будут раскрыты. PO Box385 M6 6WU"
0,JUS завершить купание ...
0,"Хорошо, я позабочусь, чтобы машина вернулась сегодня вечером"
1,"СРОЧНЫЙ! Мы пытаемся связаться с U. Сегодняшним рисунком, которые вы выиграли гарантированную гарантированную призовую сумму в размере 800 фунтов стерлингов. Позвоните 09050003091 от земли. Претензия C52. Действительно только12 часов"
1,"Дорогой, вас пригласили в Xchat. Это наша последняя попытка связаться с вами! TXT Chat к 86688"
0,"Lul Im получает какие -то сочные сплетни в больнице. Две медсестры говорят о том, насколько толстыми они становятся. И можно думать, что она страдает ожирением. Ойея."
0,Aight я попаду на FB через пару минут
0,Оу. Ami Parchi na re. Kicchu Kaaj Korte Iccha Korche Na. Телефон TA TUL NA. Плз Плз
0,Где можно скачать чистые фильмы. DVD копии.
0,"Да, от красивой скульптуры"
0,Передать ему отношение к нему
0,Я тоже смотрю только в фильм Сурья. Полем . После 18:00 Vijay Movie Pokkiri
0,"Вы говорите, что случилось, не ведите меня так. Хорошо, не нужно говорить"
0,Можете ли вы получить картинки на свой телефон?
0,Отправить кому-то еще :-)
0,"Ват делает некоторых людей дороже - это не просто счастье, которое ты чувствуешь, когда встречаешь их, но ты чувствуешь, что ты чувствуешь, когда скучаешь по Дем !!!"
0,"Для меня любовь должна начинаться с притяжения. Я должен чувствовать, что мне нужно каждый раз, когда я вокруг меня. Она должна быть первым, что входит в мои мысли. Я начинаю день и заканчиваю его с ней. Она должна быть там каждый раз, когда я мечтаю. Я буду тогда, когда у каждого дыхания ее имя. Влюблен, когда я буду делать самые безумные вещи для нее. Люд будет, когда мне не нужно никому -то заплатить, что моя девушка - самая красивая женщина на всей планете. Я всегда буду петь похвалы за нее. Любий будет, когда я начну придумать куриное карри и в конечном итоге сделает Самбар. Жизнь будет самым красивым тогда."
0,"Fr'ndship похож на иглу часов. Хотя v r в том же часах, V r nt able 2 встретился. Evn, если v встретится, ITZ только 4 секунды. Bt v Alwys остается конфиденциальным. Gud 9t ;-)"
0,"Я не думаю, что у него есть лопаточные руки!"
0,Вы никогда не сможете ничего сделать
1,"Вы награждены цифровой камерой Sipix! Позвоните 0906122061 с стационарной линии. Доставка в течение 28 дней. T CS Box177. M221BP. 2 -летняя гарантия. 150 млрд. 16 P P £ 3,99"
0,"Goodmorning Today Я опоздаю на то, что десятичный; мин"
1,Выиграй срочно! Ваш мобильный номер был награжден гарантированным призовым звонком в размере 2000 фунтов стерлингов 09061790121 с земли. требование 3030 Действительно 12 часов только 150 частей на час
0,"Пожалуйста, дави мне любую ошибку с моей стороны, извините, да. Пожалуйста, доктор."
0,Где мы встречаемся?
0,"Ну, погода в Кали отлично. Но его сложности великолепны. Вам нужна машина, чтобы свободно переехать, его налоги возмутительны. Но в целом это отличное место. Грустная часть - мне не хватать дома."
0,Теперь только я добрался до дома. Полем Полем Я сейчас очень устал. Полем Я приду томорро
0,Райдер непродан. Теперь Гиббс.
1,Уважаемый абонент ur Draw 4 £ 100 подарочный ваучер B будет введен при получении правильного ANS. Когда был день рождения Элвиса Преслис? TXT Ответ на 80062
0,Не волнуйся. Я куплю тестовые полосы овуляции и отправлю их вам. Вы не получите их до марта. Можете ли вы прислать мне свой почтовый адрес. U будет в порядке. Akay.
0,Нет подарков !! Ты пытаешься заставить меня отбросить себя со скалы или что -то в этом роде?
0,Был интересно. У тебя был хороший день рождения? Когда ты будешь в норме? Я начал Uni сегодня.
0,"Вы заняты или я могу в какой -то момент и выяснить, что мы делаем завтра"
0,"Да, продолжай тогда, скучно и в депрессии Ситтин ждите, пока телефон звонит ... надеюсь, что ветер упадет, страшно"
0,"Черная рубашка и голубые джинсы ... я, я c ü ..."
0,"Айя, извините, лор ... я смотрю телевизионные часы, пока не забыл 2 Проверьте свой телефон."
1,"Сообщение важной информации для пользователя O2. Сегодня твой счастливый день! 2 Узнайте, зачем войти на http://www.urawinner.com, вас ждет фантастический сюрприз"
0,в курицу ночь. Собираясь с качанием
0,"Добрый день, любовь моя. Как проходит ваш день? Что ты задумал ? Я проснулся рано и жду онлайн -тебя ... Хммм ... итальянский мальчик онлайн, я вижу. *УСЕЛКИ*"
0,"От кого -то не курить, когда каждый раз, когда я курил за последние две недели, из -за того, что вы звоните или пишете мне, что вы хотите курить"
0,"Нет, вы просто получите головную боль, пытаясь понять это. Ты можешь доверять мне, чтобы сделать математику. Я обещаю. O :-)"
0,S S .. Первое время .. Dhoni Rocks ...
0,"ОК, я расскажу компании"
0,"Потрясающе, думаете, что мы сможем получить 8 -е место в USF сегодня вечером?"
0,"Так что это означает, что вы все еще думаете о Teju"
0,"Нет, я в порядке для фильма, это нормально, если я уйду за чар?"
0,Нет нет :) Это Kallis Home Ground.amla Home Town - Дурбан :)
0,"Итак, давайте сделаем это в субботу или в понедельник в соответствии с удобством."
0,Эй ... во сколько ты водишь в пт? Мы идем на оценку на пт?
1,"449050000301 Вы выиграли цену в 2000 фунтов стерлингов! Чтобы утверждать, позвоните по номеру 09050000301."
0,"Я иду 4 обед, теперь моя семья, а затем и я иду в Orchard Lor."
1,"Надоело скорость знакомства? Попробуйте Speedchat, TXT Speedchat до 80155, если вам не нравится EM TXT Swap и получите новую болтовню! CHAT80155 POBOX36504W45WQ 150P/MSG RCD 16"
0,Отменить Чейамо? И вернуть деньги?
1,"Вы хотите 750 в любое время, когда любая сеть мин 150 текста и новый видеолефон всего за пять фунтов в неделю позвоните по телефону 08000776320 или ответьте на доставку завтра"
0,ОК.
0,"Доброе утро, принцесса! Как вы?"
0,"Айяр извините, lor забыл 2, скажи тебе ..."
1,"За участие в нашем мобильном опросе вчера! Теперь вы можете использовать 500 текстов 2, как вы хотите. 2 Get TXTS просто отправьте TXT на 80160 T & C www.txt43.com 1.50p"
0,"Не сегодня вечером, приятель. Догоняет немного сна. Кстати, это мой новый номер."
0,"Высота ""О, дерьмо .... !!"" Ситуация: Парень бросает букву LUV на девушку, но падает на голову ее братьев, кто гей, .;-):-D"
1,"UR HMV-викторина Денежная баланс в настоящее время составляет 500 фунтов стерлингов-чтобы максимизировать UR Cash-In, теперь отправьте HMV1 на 86688 только 150p/msg"
0,"Так что проверьте свои ошибки, и если у вас были трудности, сделайте коррекцию."
0,"Как боль? Надеюсь, ты хорошо .."
0,"Извините, я позвоню позже"
0,"Доброе утро, принцесса! Как вы?"
0,"Когда я вошел в свою каюту, мой PA сказал: «Счастливого босса по дню !!». Я чувствовал себя особенным. Она спросила мне 4 обед. После обеда она пригласила меня в свою квартиру. Мы пошли туда."
0,Ты уже просыпаешься? Спасибо 4 e tau sar piah Это довольно приятно.
0,K мне нужен логин или что -нибудь еще
1,"Не забывайте, что вы можете разместить столько бесплатных запросов с 1stchoice.co.uk, сколько хотите. Для получения дополнительной информации звоните 08707808226."
0,Лол ... не было просто занято
0,Что ты носишь?
0,"Сообщение: отсутствует какой -то текст *отправитель: Имя отсутствует * *Число отсутствует *Отправлено: дата отсутствует *Отсутствует вас много, что все отсутствует, отправлено через fillonsms.com"
0,Ох :) Как обычный фильм о Виджее или он отличается?
1,"Я не знаю тебя, и ты меня не знаешь. Отправьте чат в 86688 сейчас и давайте найдем друг друга! Только 150p/msg rcvd. HG/SUITE342/2LANDS/ROW/W1J6HL LDN. 18 лет или старше."
0,"У тебя был хороший день? Мой был действительно занят, ты задумал, что завтра вечером?"
0,И есть ли способ отправить ей вещи Шейда. И она тоже была замечательной.
0,"Действительно ... я заканчивался твоей бумагой давно ... но что ты скопировал, что теперь использовался? Ты счастлив, Лар ... Я все еще учился 2 :-("
1,"Спасибо, победитель уведомлен SMS. Удачи! Нет будущего маркетингового ответа."
0,Детка? Я потерял тебя ... :-(
0,"Хорошо ... помогите мне спросить, работает ли она TMR, нет?"
0,Я не еду ... дождь! Тогда меня поймают на станции E MRT LOR.
0,Не капля в танке
0,"(Это сказано, вы можете написать ему еще раз?)"
0,"Извините, я позвоню позже"
0,"Хорошо, я тоже иду с изменением ..."
1,"1000 девочек много местных 2, которые будут девственницей 2, это готово 2 4fil ur Каждая сексуальная потребность. Можете ли вы их 4fil их? текст милый до 69911 (£ 1,50 с. M)"
0,Вы нашли няню для Кейтлин? Я был болен и спал весь день вчера.
0,"Прости, чувак, случайно оставил свой телефон на молчании прошлой ночью и не проверил его, пока я не встал"
0,"Эй .. что -то пришло в прошлую минуту .. думаю, я подпишусь на TMR .. Хи"
0,"Он взрослый и учится на этом опыте. Там нет реальной опасности. Я просто не люблю пики, использующие лекарства, в которых они не нужны. Но никаких комментариев"
0,Привет! Есть вегетарианская пицца ...:/
0,Юнь покупает ... но школа получила предложение только 2000 плюс ...
0,"Вы уверены, что ваши соседи не взяли это"
0,К. Я отправлю его снова
1,"Бесплатная запись в 2 Wkly Comp, чтобы выиграть финал Cup Cup Tkts 21 мая 2005 года. Текст FA на 87121 для получения вопроса о входе (STD TXT)."
0,"Новая теория: аргумент выигрывает ситуацию D, но теряет человека. Так что не спори с твоими друзьями просто ... Полем Полем пнуть их & amp; Скажи, я всегда прав.!"
0,Хорошо. Я не компьютерный. Время сделать трюфели Oreo
0,"Ха -ха, я вижу это сейчас, будь там в секунде"
0,"У меня нет ее номера, сэр"
0,"LOL, теперь я после этого воздушного воздушного шара!"
0,Хорошо . Полем Теперь я в автобусе. Полем Если я скоро приду я приду завтра завтра
0,"MSGS не проходит время. Они молча говорят, что я сейчас думаю о тебе, а также заставляет тебя думать обо мне как минимум 4 момента. Gd nt.swt drms @shesil"
0,"Да, мы, вероятно, сможем качаться, как только мой сосед по комнате заканчивается со своей девушкой"
1,"Получил то, что требуется 2, принимайте участие в ралли WRC в Оз? Вы можете с Lucozade Energy! Текст Rally LE до 61200 (25p), см. Packs или lucozade.co.uk/wrc & itculd быть u!"
0,С Новым годом мелодия!
0,Ü Dun нужно выбрать ur Gf?
0,Ура! Вам лучше не сказать это 5 другим девушкам.
0,"Ужасно, ты ешьшь маки, пока не забыл, что я уже обряд ... ты так долго не отвечаешь. Я так, чтобы это больше, чем B4, так что B подготовился. Теперь я буду есть?"
0,"Он сказал, как я фантастический случай, или что -то, что нужно, нужен больший жизненный подъем, так как потерял Will 2 Live, как вы думаете, я буду первым человеком 2 от N V Q?"
0,"Просто nw, я пришел в HME DA .."
0,"Я на улице острова, направляюсь к Хард -Рок, и вы столкнетесь со мной"
0,К дневному занятию нет занятий.
0,Я в Ченнаи Велахри :)
0,Вы уже пробиваете свое дерьмо?
0,"K Дай мне секунду, сломавшегося;#& gt;  в CSTORE"
0,"Я так плохо, чтобы избежать этого?"
0,"Эй, ты рядом? Только что вернул мою машину"
0,"Раздражает, не так ли."
0,"Goodmorning, сегодня я опоздал на & lt;#& gt; мин"
0,"Там нет смысла общаться с мистером не правым, если он не макин, ты счастлив"
0,Все оживится. Дальнее исправить любую красивую фигуру сама.
0,"В этом случае я думаю, увидимся в Campus Lodge"
0,Мы закончили ...
0,"Приходи ко мне домой в последний раз, когда я ничего не делаю. Поверьте мне."
0,"Я был всю ночь, слишком беспокоясь об этом приложении. Жаль, что мы пропустили ночь для девочек с викторинами попкорна, и ты делаешь мои волосы."
1,"СЕКС UP UR MOBILE с бесплатной сексуальной фотографией Джордана! Просто текст, детка, на 88600. Тогда каждый недель получает сексуальную знаменитость! PocketBabe.co.uk еще 4 фото. 16 £ 3/WK 087016248"
0,ОК ... C YA ...
1,"У вас есть 1 новая голосовая почта. Пожалуйста, позвоните по номеру 08719181503"
0,"То, что он сказал, не является вопросом. Мой разум говорит, что есть что -то другое дело."
0,Он также знает только о меню обеда. Полем Я знаю
0,"Аль, он делает, стонет на меня, если не ошибается, это моя вина и все аргументы, моя вина и сыт по горло ему, это беспокоит? Hav 2go, Thatx.xx"
0,NEFT Transaction с контрольным номером & lt;#& gt;  для рупий & lt; Decimal & gt;  был зачислен на учетную запись бенефициара на & lt;#& gt;  at & lt; время & gt; : & lt;#& gt;
0,В противном случае была работа на неполный рабочий день.
0,"Я знаю, что она позвонила мне"
0,"Я тоже да, я чувствую вчера вечером, подожди, пока 2 дня ночи, дорогой."
0,Спасибо за понимание. Я пытался сказать Суре это.
1,Выиграйте годовой запас CDS 4 Магазин UR Choice стоимостью 500 фунтов стерлингов и введите нашу еженедельную музыку на 100 фунтов стерлингов на 87066 TS & CS www.ldew.com.subs16+1win150ppmx3
0,"Вся машина оценила последние два! Папа и у меня есть полуурегулирование карты, но помимо того, что все идет нормально. П."
1,"Как подписчик SIM -карты, вы выбраны для получения бонуса! Получите его до двери, txt Слово OK OK TO: 88600, чтобы претендовать. 150p/msg, exp. 30 а."
0,"Мне нужно, чтобы ты был в моих сильных руках ..."
0,"Также Маааан, ты упускаешь"
0,Его Bday Real - в апреле.
0,"Думаю, ты не будешь здесь до 9?"
0,"Хорошо, тогда я приеду к твоему дому через полчаса"
0,"Эй, игра почти закончилась? Хочу скоро поехать в Walmart"
0,"Да, наверное, но не уверен. Илол дайте вам знать, но лично я не беспокоюсь, то снова, если ты пойду, тогда я тоже клещю !!"
0,"Я напишу сейчас! Все жутко, как он не подумает, что мы забыли"
0,"Это было бы хорошо ... Я позвоню тебе, томо, обед, я должен что -то организовать?"
1,"У вас есть 1 новая голосовая почта. Пожалуйста, позвоните по номеру 08719181513."
0,"Блин, ты можешь сделать это сегодня вечером или хочешь просто подождать, пока завтра"
0,K..K.. Я тоже в порядке :) Когда вы закончите курс?
0,"Истинный. Это сносно. И если вы получите высокий балл и подаете заявку на докторскую степень, вы получите 5 лет зарплаты. Так что это делает жизнь проще."
1,№ 1 Nokia Tone 4 UR Mob каждую неделю! Просто txt nok до 87021. 1 -й тон. Так что возьмите TXTIN сейчас и расскажите своим друзьям. 150p/тон. 16 Ответ HL 4INFO
0,Пракеш знает.
0,Научите меня приложения да. Когда ты приходишь в колледж.
0,Rofl Betta Invest в некоторые продукты против старения
1,"Вы победитель, вы были специально выбраны 2, получили 1000 фунтов стерлингов наличными или 4* праздничным (Flights Inc). Поговорите с претензией в прямом эфире 2 0871277810810"
0,"Сэр, вы получите аккаунт, не будет еще 1 час. Извините за задержку."
1,"Ответьте своим именем и адресом, и вы получите по публикации совершенно бесплатное размещение в различных глобальных местах www.phb1.com ph: 08700435505150p"
0,"Итак, ü будет отправлять DA Project TMR Rite?"
1,Бесплатный вход в нашу еженедельный комплекс за 250 фунтов стерлингов. 18 T & C www.textcomp.com Cust Care 08712405020.
0,Jus ans me lar. Ты будешь позже.
0,"Я хочу отправить что -то, что может продавать быстро.  & lt;#& gt; k не легкие деньги."
0,Есть * мало дел. может быть в * пабе позже.
0,"1, Позвоните мне, позвоните мне."
0,LOL OK. Я тоже схвачу ее кошелек.
0,"Привет-/@drivby-: 0quit edrunk Извините, если Iff pthis не делает Senrd-dnot no Как ^ Dancce 2 Drum n Basq! Iave Fun 2hite x ros xxxxxxx"
0,Ваше мнение обо мне? 1. Сверх 2. Джада 3. Кусрути 4. милый 5. Тихо 6. СПЛ.
0,Сколько мы получаем?
0,Твоя бумага в утро или кормовой ТМР?
0,"Уважаемый из Westonzoyland, все тоже планируют этот конец!"
0,"Надеюсь, у вас отличный новый семестр. Желаю вам всего наилучшего. Вы созданы для величия."
0,"О, да, я могу говорить на TXT 2 U НЕТ! Хм. Вы получили электронную почту?"
0,"Я хочу показать вам мир, принцесса :) как насчет Европы?"
0,"Никто не может решить, где поесть, а папа хочет китайца"
0,Не стреляй меня. Я в зале ожидания документов. :/
0,Сейчас? Скоро я пойду на 4 ужина ..
0,"Здравствуйте, какой сайт для загрузки песен его срочно пожалуйста"
0,"Я знаю, что ты имеешь в виду, это король, не Хавин Кредит! Я сейчас иду. Ночь, сладкая! Только 1 больше сна!"
0,"Ужасная девушка. Я в Ш. С., делая кое -что. Почему у тебя есть MC?"
0,"Привет! Я не захожу 2nite-tell every1 Мне жаль 4, я надеюсь, что у тебя есть добро!"
0,"Я звоню вам позже, у меня нет сети. Если urgnt, смс я."
0,"Мммммаа, много счастливых возвращений в день, мое дорогое сладкое сердце .. с днем ​​рождения, дорогой"
1,"Пожалуйста, позвоните по телефону 08712402779, так как вас ждет срочное сообщение"
0,"Да, как если бы это произошло с моими друзьями, иммы переворачивают мое дерьмо за полчаса"
0,"Мама скажет, что мы хотим пойти, тогда поехать ... Тогда она может избежать Биана Смотреть выставку DA Glass ..."
0,Какой твой план для Понгала?
0,"Просто подождите до конца марта, когда Эль Нино получит себя. Ой."
0,"Еще не Чикку .. Выйдя в комнату северо -запад, я в автобусе .."
0,Я тоже делаю только в CBE. Но должен заплатить.
0,"Дорогая, я скучаю по тебе."
0,"Мы отправили JD для исполнительного директора по обслуживанию клиентов CUM на идентификатор вашего почты, для получения подробной информации свяжитесь с нами"
0,"Эй, я в своих родителях. Хорошие новости: мы подобрали вниз по сцене"
0,"Большое спасибо. Когда мы по скайпам с К.З. и Сурой, мы не получили удовольствия от вашей компании. Надеюсь, у тебя все хорошо. Мы дали вам ультиматум, о! Мы считаем Абуро. Наслаждаться!"
1,"Голодные геи, парни чувствуют голодные, а сейчас - 4. Позвоните по номеру 08718730555 всего 10 пенсов/мин. Чтобы остановить тексты звонить 08712460324 (10p/min)"
0,"Хорошо. Нет Вахала. Просто помните, что нуждающийся друг ..."
0,Я увижу за полчаса
0,"Я нахожусь в InperialMusic Alding2 Самый странный трек за всю историю листовых уколов, таких как приставаемые насекомые, и кто-то сантехнизируется, ремиксированные злыми людьми на кислоте!"
0,"Эй, извини, я не знал тебя, будь то, что я только что был в постельном клещах, Go 2 ThePub L8TR, если Uwana Mt Up? Загружает Luv Jenxxx."
0,СЕРЬЕЗНО. Скажи ей эти точные слова прямо сейчас.
1,"Можете ли вы получить 2 телефон сейчас? Я хочу поболтать 2 настройки, позвоните мне сейчас по телефону 09096102316 US можно кончить здесь 2moro luv Jane xx вызывает 1/minmoremobsempobox45po139wa"
0,"Ти Хи. Выйти на лекции, веселый пока, пока."
0,"Извините, Чикку, у моей камеры возникли проблемы с тем, что я смог ответить вам или MSG U .."
0,"Если вы все еще не собрали тесто, пожалуйста, дайте мне знать, чтобы я мог пойти в то место, где я отправил его, чтобы получить контрольный номер"
0,Хорошо...
1,сетевой оператор. Сервис бесплатный. Для посещения T & C 80488.biz
0,"Дайте мне знать, как связаться с вами. Я поселился в комнате. Давайте узнаем, что с тобой все в порядке."
0,"Ты, ты, 2 ты, чудако?"
0,"Можно сделать, лор ..."
0,Не помещайте свой телефон в молчаливый режим ОК
0,"Могу ли я встретиться с ü в 5 .. как 4, где зависит от того, где ü wan 2 в Лор .."
0,"Жду 4 Мое телешоу 2 Start Lor ... U Leh все еще занят, делая свой отчет?"
0,"О, хо. Это первый раз, когда вы используете эти слова"
0,"Я единственный, кто не преследует профили?"
0,"Когда-либо зеленая цитата, когда-либо говорила Джерри в мультфильме «Человек, который всегда раздражает тебя,-это тот, кто любит тебя много, но не может выразить это ...! .. !! :-) :-) Гуд Нью-Йорк"
0,"Да, я так думал. Спасибо."
0,"Но если она пьет, я в порядке."
0,"Просто интересно, остальные просто взлетели"
0,"Ночь закончилась еще на один день, утро пришло особым образом. Желаю вам улыбнуться, как солнечные лучи, и оставит свои заботы в голубом заливе. GUD MRNG"
0,"Что ты делаешь, моя собака? Должен ли я всегда ждать до конца вашего дня, чтобы получить от вас слово? У тебя уже не хватило времени на своей камере?"
0,С Новым годом тебя тоже!
0,"Эй ... отличная сделка ... Фермерский тур с 9:00 до 17:00 $ 95/Pax, депозит $ 50 до 16 мая"
0,"Ешьте японс, сделанную на корм, у тебя лекции, что ... ü получил лекцию в 12 обряда ..."
0,"Эй, детка! Я видел, как ты вышел в Интернет на секунду, а потом ты исчез, что случилось?"
0,"Да, моя дата рождения в сертификате - в апреле, но настоящая дата сегодня. Но не публикуйте его. Я дам вам особое удовольствие, если вы сохраните секрет. В любом случае спасибо за пожелания"
0,С Днем Рождения ... Пусть все твои мечты сбудутся ...
0,"Айя, ты уже сделал в порядке. E NYDC в Wheellock?"
0,"Скажи ей, я сказал, ешь дерьмо."
0,"Конечно! Я еду, но скоро доберусь до места назначения."
0,"K Так я, сколько за 8 -е? Пятьдесят?"
0,Ваш ежедневный текст от меня - на этот раз одолжение
0,"Приятно слышать, что вы хорошо оседаете. Так что же происходит с Ола?"
0,"Эти члены. Если это заставит вас чувствовать себя лучше, iPad - это бесполезные предметы новинки мусора, и вы должны чувствовать себя плохо из -за того, что вы хотите."
0,Я достигаю Ляо. Он сказал футболку.
0,"Фрэн я решил, что я иду, я полностью сломал, я встал, что насчет 3 C U 2mrw Love Janx P.S Это мои папы, фаль"
0,"Я не могу выбрать телефон прямо сейчас. Пожалуйста, отправьте сообщение"
0,Ты право! Я назначу встречу прямо сейчас.
0,"Обозначение является разработчиком программного обеспечения, и, возможно, она получит Ченнаи :)"
1,Наслаждайтесь Gold Club Jamster VideoSound с вашими титрами для 2 новых видеозаундов+2 Logos+MusicNews! Получите больше удовольствия от Jamster.co.uk! 16+только помощь? Позвоните: 09701213186
1,"Получить 3 Lions England Tone, ответьте Lionm 4 Mono или Lionp 4 Poly. Еще 4 Go 2 www.ringtones.co.uk, оригинальный n Best. Применяются тарифы операторов сети 3GBP"
0,"Я jokin oni lar .. ü занят, тогда я буду беспокоить."
0,"Хорошо, будь осторожен! Не пишите и не ездите!"
0,"I.ll всегда будет там, даже если это просто в духе. I.ll скоро получите BB. Просто пытаюсь быть уверенным, что мне это нужно."
0,"Ты слишком близко к сердцу. Если ты уйдешь, я буду разбит. Пожалуйста, оставайся со мной."
0,"Я люблю тебя 2, детка! Ты уверен, что все стало. Он идиот? TXT BAK Girlie"
0,Как ABT делает некоторые фотографии больше?
0,"Получил, но получил 2 цвета Лор. Один цвет довольно светлый, а другой - темнее. На самом деле я закончил, она сейчас укладывает мои волосы."
0,"Когда ты грустно, когда ты, ты серый, вспомни мне, что я здесь 2, 2 watevr, ты хочешь сказать, что немного ходишь мне, & amp; Обещаю, я верну свою улыбку. :-)"
0,"Почему ничего. ОК, все равно дай мне удовольствие"
1,"Выиграйте новейший «Гарри Поттер и Орден Феникса (книга 5) Ответьте Гарри, ответьте на 5 вопросов - шанс стать первым среди читателей!"
0,Хорошо...
0,Правильный. Так как же работа сегодня
0,"Только что послал снова. Ты кричишь и стонешь в постели, принцесса?"
0,"Я уже давно просыпаюсь ... не знаю, что еще?"
0,"О, просто с тобой ... ты .... ты?"
0,"Я не в порядке, он сказал, он сказал плюс минус 10 .. ü оставил линию между параграфами?"
0,"Вы можете позвонить мне, пожалуйста. Ваш номер отображается из зоны Coveragd. У меня есть звонок в Васае & amp; нужно достичь до 4'o часы, так что позвони мне, пожалуйста"
0,"Да, Джей, чертовски отсталый"
0,"Извините, был в ванной, SUP"
1,Ваш баланс сейчас 500 фунтов стерлингов. Ур следующий вопрос: кто пел «Девушка -верхнюю девушку» в 80 -х годах? 2 Ответ TXT UR Ответ на 83600. Удачи!
0,Мой экзамен на 4 февраля. Желаю вам отличного дня.
0,"Я не знаю, что делать, чтобы выйти из этого, поэтому я задаю только подобные вопросы, не пускайте меня."
0,"Aight No Rush, я спрошу Джея"
0,"Доброе утро, пожалуйста, назови меня сэр"
0,"Это нормально, ar. Ты тоже спишь рано ... Нейт ..."
0,"О ... ICIC ... K LOR, DEN Встречайте в другой день ..."
0,"Ой ! Полчаса в Сирии гораздо дольше, чем в Канаде, а? Вау, вы должны выполнить гораздо больше работы за день, чем мы со всем этим дополнительным временем! *УСЕЛКИ*"
0,"Иногда мы ставим стены на наши сердца, не только для того, чтобы быть в безопасности от пострадавшего ... но выяснить, кто достаточно заботится, чтобы сломать стены и amp; Подойдите ближе .. Goodnoon :)"
0,"Сладкий, мы можем или не можем пойти в 4U, чтобы встретиться"
0,Тогда она покупает сегодня? Ü Не нужно ли это ...
0,"Извините, я потратил десять лет, чтобы принять душ. Какой план?"
0,Каждый понедельник .. NXT WEEK VL будет завершать ..
0,"Можно хорошо, я там."
0,"Просто расслабься еще 6 часов. Если бы вы могли спать, боль не является хирургической чрезвычайной ситуацией, поэтому посмотрите, как она разворачивается. Хорошо"
0,"Да, я попробую что -нибудь надеть"
0,"Сумасшедший, он женат. Ü как GD, не смотрящий, ребята, а не я. Мои френаны, как говорят, он любил корейский леону, но я, как он, он. По -настоящему думать, что я больше всего думаю, я пойду."
0,Были где -то на Фредериксбурге
0,Que Pases on buen tiememo или что -то в этом роде
0,"Это нормально, если я останусь здесь на ночь? У Ксавье есть спальный мешок, и я устаю"
0,Ей не нужен никаких тестов.
0,"Ничего особенного, чиллин дома. Любой план Суперкубка?"
1,"Free2day Sexy George's Day Pic Jordan! TXT Pic to 89080 Не пропустите, затем каждый Wk A Saucy Celeb! Еще 4 фото C PocketBabe.co.uk 0870241182716 £ 3/Wk"
0,Bugis oso рядом с ват ...
0,"Йо, нет класса TMRW, верно?"
0,"Пусть ваше сердце будет твоим компасом, твоей картой твоей души, твоего гида, и ты никогда не потеряешься в мире .... Гнун - отправлено через way2sms.com"
0,"Спокойной ночи, спать Пожалуйста."
0,Baaaaaabe! Я скучаю по тебе! Где ты ? Я должен пойти и преподавать свой класс в 5 ...
0,Передать ему отношение к нему
0,"Вам убедить его, что это невозможно повредить его чувствам, оно главное"
0,"Добрый день, любовник! Как у тебя день? Удачи повезло? Я думаю о тебе, милая и посылаю свою любовь через море, чтобы ты улыбнулся и счастлив"
0,"Если я начну отправлять ежевику факела в Нигерию, вы найдете для меня покупателя? Как 4А месяц. И скажите папу не покупать BB ни у кого, о."
0,"& lt;#& gt; %pple вступают в брак со своими любовниками ... Becz у них есть Gud undrstndg Dat избегает проблем. Я отправил DIS 2 U, вы получите GUD News в пятницу от D -человеком, который вам нравится. И завтра будет лучший день в вашей жизни. Не сломайте эту цепочку. Если вы сломаетесь, вы будете страдать. Отправьте это в & lt;#& gt;  frnds в & lt;#& gt;  Минс, когда ты читал ..."
0,"Эй, чувак, угадай, кого только что арестовали на днях"
0,Shuhui Say Say Main 2 Suntec Steamboat? Ты где? Где ты сейчас?
0,Что делает танцевальная река?
0,"Йоунде, мне жаль, но мы с Моджи кажутся слишком занятыми, чтобы ходить по магазинам. Не могли бы вы просто найти какой -нибудь другой способ получить то, что вы хотели, чтобы мы получили. Пожалуйста, прости меня. Вы можете ответить бесплатно через Yahoo Messenger."
0,"Эй, я буду очень поздно ... ты хочешь первым на уроки? Я присоединюсь к вам. Я только достигаю TP MRT"
1,"Hot Live Fantasies Call Now 08707509020 только 20 пенсов за мин NTT Ltd, PO Box 1327 Croydon CR9 5WB 0870..K"
0,"Барбекю это сидела у моего от 6ISH. У тебя добро пожаловать 2, приходи"
0,"Я не знаю, то же самое, что часто не так, он часто, он паник начинает идти по богу, не достаточно хорошо ..."
0,Хорошо. У меня нет хорошей ночи!
0,Вы пробовали сделать еще одну задницу.
0,"Надеюсь, ты прекрасно себя чувствуешь. Пожалуйста, заполните меня. Абиола"
0,"Я, хотя мы выходим на улицу и повеселимся, так что бар в городе или что -то в этом роде - звучит нормально?"
0,"1) Перейдите, чтобы написать MSG 2) Поместите на словарь режима 3) покрыть экран рукой, 4) Нажмите & lt;#& gt; Полем 5) Аккуратно удалить руку ... это интересно .. :)"
1,"Медвежьи картинки Ник, и Том, Пит и ... Дик. На самом деле, все типы пробуют гей -чат с загрузкой фотографий по телефону 08718730666 (10p/min). 2 Стоп текст звоните 08712460324"
1,"500 новых мобильных телефонов с 2004 года, должны идти! TXT: Nokia to no: 89545 & Соберите свой сегодня! От 1 £ www.4-tc.biz 2optout 087187262701.50gbp/mtmsg18 txtauction"
0,Мы наконец готовы к сведению
0,Тетя Хуай Хуан никогда не забирает свой телефон
1,Double Mins & Double TXT и 1/2 ценовой линейной на новейших мобильных телефонах Orange Bluetooth. Позвоните MobileUpd8 для самых последних предложений. 08000839402 или call2optout/lf56
0,"YA TEL, WATS UR Проблема .."
1,№ 1 Nokia Tone 4 UR Mob каждую неделю! Просто txt nok до 87021. 1 -й тон. Так что возьмите TXTIN сейчас и расскажите своим друзьям. 150p/тон. 16 Ответ HL 4INFO
0,я не буду
0,"Мы проводим дни, ожидая, когда перед нами появится идеальный путь ... но мы забываем ... »Пути проходят, ходя ... не ожидая ..« Спокойной ночи!"
0,"Все в порядке, моя рука чувствует себя слабой, потому что я получил удар, чтобы мы могли пойти в другой раз"
0,"Пожалуйста, зарезервируйте билет в канун субботы из Ченнаи в Тирунелвали и снова из Тирунелвали в Ченнаи в канун воскресенья ... Я уже вижу в сети .. Нет билета ... Я хочу забронировать билет через снасти .."
0,"Штурмовидный MSG: Wen u поднимает D Phne, ты говоришь «Привет», ты знаешь, что это реальное значение привет ?? Полем Полем Полем Это D Имя девушки ..! Полем Полем Полем Да .. и ты, кто такая девушка ?? «Маргарет привет», она - D Girlfrnd F Grahmbell, которая вкладывала телефона .... Полем Полем Полем Мораль: Можно 4get D Имя человека, не его девочка ... G O O D N I G H T. Полем .@"
0,"Это нормально. Я зашел, чтобы спросить что -то о чем -то, и она сказала, что ты был. Ты рядом с Тонгт, когда приходит эта девушка?"
0,Все E Best 4 UR экзамен позже.
0,"Надеюсь, твоя голова не повредит 2! Я вспахиваю через кучу гладения! Оставаться с чернокожим сегодня вечером, приходите, если хотите."
0,"О, К. Я думаю, что большинство игроков WI и NZ непроданы."
0,"Ха -ха ... где так быстро похудеть, это было 4 года в месяц."
0,"Интересно, как у тебя появилось онлайн, любовь моя? Вы ходили в сетевое кафе? Вы перезаряжали свой телефон? Вы были в сети друзей? Я думаю о тебе, Бойтой"
0,"Ха -ха, шучу, папа нуждается в наркотиках"
0,"Thk Shld B может ... да, я не хочу идти 4 уроки ... ха -ха, могу пойти на один целый ряд ..."
0,"Ох, хорошо.."
0,R Мы все еще встречаем 4 ужина сегодня вечером?
0,Это круто! Я джентльмен и буду относиться к вам с достоинством и уважением.
0,Я могу начать с слышимо.
0,"Тогда мы ждем 4, я ... не нуждаюсь 2, чувствуется, что я чувствую себя плохо ..."
0,"Нет, ты проверил? Теперь я получил его подробное сообщение"
0,Вы зарегистрировали Sinco как Payee. Войдите в ICICIBANK.com и введите URN & LT;#& GT;  Чтобы подтвердить. Остерегайтесь мошенничества. Не делитесь и не раскрывайте урну никому.
0,"Нет, я решил, что только люди, которые заботятся о вещах, и заботятся о вещах, для проигравших"
0,Kaiez ... Наслаждайся твоей обучением ... дела ...
0,Вы зарегистрировали Sinco как Payee. Войдите в ICICIBANK.com и введите URN & LT;#& GT;  Чтобы подтвердить. Остерегайтесь мошенничества. Не делитесь и не раскрывайте урну никому.
0,"прохладный. Мы будем веселиться, практикуя детей!"
0,На самом деле готовясь покинуть дом.
0,K..k.. nony Special Today сегодня?
1,"Срочная, важная информация для пользователя O2. Сегодня твой счастливый день! 2 Узнайте, зачем войти на http://www.urawinner.com есть фантастический сюрприз, ожидающий вас"
0,Тогда мы должны сделать это после этого
0,"У меня десять баксов, Джей не связан"
0,Где тоже были голодны
0,"Пожалуйста, поговорите с этим клиентом, Маханом."
0,"Где -то там под бледно -лунным светом кто -то думает о тебе, где там сбываются мечты ... Гуднит & amp; сладкие сны"
0,"Когда ты любишь, черт возьми, разгневаешься, не относишься к этому серьезно .. потому что злится, это самый детский и правдивый способ проявить глубокую привязанность, заботиться и luv! .. kettoda manda ... хорошего дня да."
1,"Дорогой, вас пригласили в Xchat. Это наша последняя попытка связаться с вами! TXT Chat к 86688 150p/msgrcvdhg/suite342/2lands/row/w1j6hl ldn 18 лет"
0,"Так что, твое мнение, и насколько Абт характер?"
0,"Джей хихикает и говорит мне, что X полностью трахает аккорды, когда мы говорим"
0,Нет .. за несколько часов до.
0,Неудивительно ... потому что я не вижу серебряную машину ... но я видел черный ...
0,LMAO. Сделайте фотографию и отправьте его мне.
0,"Говорите только тогда, когда вы чувствуете, что ваши слова лучше тишины ... GUD MRNG :-)"
0,Нет. В настоящее время она в Шотландии.
0,Вы работаете на этой неделе?
1,"Поздравляем, что вы присудили либо 500 фунтов стерлингов, подарочные ваучеры, так и бесплатный вход 2 Наша еженедельная музыка £ 100 еженедельно TXT TXT 87066 TNCS www.ldew.com 1 win150ppmx3age16"
0,"Лол, отлично, теперь я проголодаюсь."
0,Да .. теперь только увидел ваше сообщение ..
0,Я буду в mu in like & lt;#& gt;  секунды
0,Хорошо...
0,"Вещь r хорошо, спасибо, что получил экзамены в марте. Я не сделал пересмотр? Фрэн все еще с мальчиком? Я должен interview 4 Exeter Bit Bit! X"
0,"Расскажите, что, если вы сделаете небольшую электронную таблицу и трек, чья идея была курить, чтобы определить, кто «слишком много курит» за весь февраль, я пойду"
1,"Продажа - Арсенал Дартборд. Хорошее состояние, но без удваиваний или трюков!"
0,"Не оглядывайтесь на здание, потому что у вас нет пальто, и я не хочу, чтобы вы заболели. Просто поторопитесь домой и наденьте пальто в спортзал !!!"
0,"Моя болезненная личная мысль: «Я всегда стараюсь все время счастливым. Но никто не узнает меня, когда я один»"
0,Спасибо за милый желание. Ты рок
0,"Вы, бесстрашный дуэт, вы! Прекрасно провести время и скоро увидимся."
0,Я попросил Сена приехать в Ченнаи и искать работу.
0,Папа вышел из Ореди ...
0,"Я только надеюсь, что это правда, что я скучаю по мне, потому что я действительно скучаю по нему! Вы еще ничего не сделали, чтобы почувствовать себя виноватым."
0,"Что так поздно, еще ранний мах. Или мы, Джуз, уходим 4 ужина, лор. Айя я не знаю ..."
0,"Оружие, как кардифф и универ?"
0,"На самом деле, когда вы уходите? Я думаю, Адди возвращается в школу вторник или в среду"
0,"Прохладный ветерок ... Яркое солнце ... Свежий цветок ... Птицы в твиттере ... все это ждет, чтобы пожелать тебе: «Хороший умор и amp; хорошего дня» :)"
0,Ya :) Пойдем в ресторан ..
0,"Все в порядке. Я просто спрашиваю, ты знал, что нет?"
1,БЕСПЛАТНАЯ 1 -я неделя вход 2 Textpod 4 A Sance 2 Win 40 ГБ iPod или 250 фунтов стерлингов Каждые WK. TXT POD до 84128 TS & CS www.textpod.net custcare 08712405020.
0,"Те, что уклоняются чиншилл"
0,Я работаю в браке
0,"Похоже, что у тебя есть шар, я уезжаю здесь с Боутом 2.30ISH, но если ты отчаянно нуждаешься в моей компании, я смог бы отправиться ранее, мы собирались встретиться в Руммере."
0,"Не дайте летающих обезьян, они думают, и я, конечно, не возражаю. Любой мой друг и все это!"
1,В качестве зарегистрированного подписчика Optin UR Draw 4 £ 100 подарочный ваучер будет введен при получении правильного ANS до 80062 Что №1 в чартах BBC
0,"Скажи, спасибо2."
0,"MSG мне, когда придет Раджини."
0,Да! Когда ü получают практические уроки? Я начинаю в июне ..
0,"Это хорошо, потому что мне нужны наркотики"
0,Глупый. Это невозможно
0,"Может ли все быстрее решить, потому что моя сестренка возвращается домой, Ляо .."
1,"Лето наконец -то здесь! Хотите поболтать или флиртовать с сексуальными синглами в районе YR? Чтобы получить совпадение, просто ответьте на лето. Бесплатно 2 присоединение. Optout txt Stop elf08714742804"
0,Ты сейчас спишь .. или ты собираешься взять? Ха -ха .. у меня есть шпионы.
1,"Клэр здесь, я, хавин Борин, время, и теперь я один, ты хочешь кончить более 2nite? Чат сейчас 09099725823 Hope 2 C U Luv Claire XX вызывает 1/minmoremobsempobox45po139wa"
0,"Борьба с миром легко, вы либо выиграете, либо проиграете BT Fightng с каким -то, кто близок к вам, дикольт, если вы проиграете - вы проиграете, если выиграете - вы все еще проигрываете."
1,"Купил один рингтон и теперь получает тексты стоимостью 3 фунта, предлагая больше тонов и т. Д."
0,"Yalru Lyfu Astne Chikku .. Bt innu mundhe lyf ali halla ke bilo (брак) Программа Edhae, так что lyf nt nt ovr chikku..ali vargu lyfu meow meow: -d"
0,Как бы. Первый входит в двенадцать! Ааа. Говори томо
1,09066362231 Срочно! Ваш мобильный № 07XXXXXXXXX выиграл премию по бонусу за 2000 фунтов стерлингов 02/06/03! Это вторая попытка связаться с вами! Позвоните 09066362231 как можно скорее!
0,"Хорошо, хорошо, тогда я позже найду ü ... c Lucky Я сказал, что ü уехал раньше ... позже PPL"
0,"Ват заставляет тебя, я упаду. Но на самом деле, я очень склонен 2 падает. К счастью, мой папа дома, я прошу его, и принеси мне уже."
1,"Вы 07801543489 гарантированы новейшим телефонами Nokia, MP3 -плеер 40 ГБ или приз в 500 фунтов стерлингов! TXT Word: Соберите нет: 83355! TC-LLC NY-USA 150P/MT MSGRCVD18+"
0,Ваша учетная запись была успешно заполнена по inr & lt; Decimal & gt; Полем Ваш баланс с учетной записью Keralacircle составляет Rs & lt; Decimal & gt; Полем Ваш идентификатор транзакции kr & lt;#& gt; Полем
0,Я не буду трогать вас без вашего разрешения.
1,"Привет, это Люси Хабби на собраниях в течение всего дня, пт, и я буду в одиночестве в отеле. PLS оставьте MSG 2DAY 09099726395 Люси X вызывает 1/minmobsmorelkpobox177hp51fl"
0,"7 чудеса в моем мире 7 -й ты 6 -й стиль, 5 -й твоя улыбка, 4 -я личность 3 -я природа, 2 -й ур смс и 1 -й ""твоя прекрасная дружба"" ... доброе утро, дорогой"
0,Возьмите небольшую дозу для лихорадки
0,"Ой. Вы, должно быть, сначала взяли свои настоящие покупки в Валентин."
0,"Только что отправил вам электронное письмо - по адресу с INCOMM, верно ли?"
0,"Сделай, ты будешь в Блейке всю ночь? Я мог бы выйти отсюда немного рано"
0,"Дружба - это не игра для игры, это не слово, чтобы сказать, она не начинается в марте и заканчивается в мае, это завтра, вчера, сегодня и E"
0,"Хороший. Подожди ... Стоит ли сейчас переписываться? Я не собираюсь платить твой билет, знаешь!"
0,"Я смотрю LOTR с моей сестрой. Так ты не знаешь меня, 4 ужина, а не?"
0,Почему ты держи меня так
0,"Я думаю, это гораздо больше, чем это, но узнайте. Проверьте карты Google на место из вашего общежития."
0,"Моя поездка была в порядке, но довольно утомительно, лор. Uni начинается сегодня, но это нормально 4, потому что я не принимаю никаких модулей, но JUS концентрируюсь на моем последнем YR -проекте."
0,Вы всегда говорили Welp?
0,"Я парень, Браус - обязательный"
0,Хорошо...
0,"Чистота дружбы между двумя не о улыбке после прочтения перенаправленного послания ... это о улыбке, просто увидев имя. GUD EVNG MUSTHU"
0,"Извините, я позвоню позже"
0,"(Я должен добавить, что мне все равно, и если ты не можешь, я могу хотя бы заставить этого чувака отважился, но твои деньги, если хочешь,)"
0,"Привет, любовник! Как эта новая работа? Вы сейчас там? Вы счастливы? Вы думаете обо мне? Я просыпаюсь, своего раба и посылаю тебе дразнящий поцелуй через море"
0,Я сказал ваш номер Гаутаму ..
0,"Скажите им, что нет необходимости расследовать обо мне нигде."
0,"Хорошо, я получаю, я получаю .."
0,"Не могу поверить, что я сказал вам так много вещей сегодня утром, когда все, что я действительно хотел сказать, было доброе утро, я люблю тебя! Хорошего утра. Увидимся в библиотеке позже."
1,"Ваша учетная запись была зачислена на 500 бесплатных текстовых сообщений. Чтобы активировать, просто TXT The Word: Credit to: 80488 T & CS www.80488.biz"
0,"В конце концов, она все еще может рвать, но все в порядке. Не все выйдет."
0,"Как ты с деньгами ... как тебе ... деньги ничего не ... как дела, Ша!"
0,"Это связано с погодой. Держите очень тепло. Это холодно, но ничего серьезного. Пожалуйста, много витамина С"
0,"Эй, девчонки .. кто -нибудь из тебя идет в эфирное центр TMR?"
0,"Я всегда на Yahoo Messenger. Просто отправьте мне сообщение, и я получите его, вам, возможно, придется отправить его в мобильный режим SHA, но I.ll получит его. И ответит."
0,Я надеваю это сейчас. Он должен быть готов к & lt; time & gt;
0,"Время и улыбка. Две важные вещи в нашей жизни. Иногда время заставляет нас забыть улыбку, а иногда чья -то улыбка заставляет нас забыть время Гуд полдень"
1,"SMS. AC JSCO: Энергия высока, но вы, возможно, не знаете, где ее 2CHANLER IT. 2 -й день лидерских навыков r сильные. Экстрасенс? Ответьте на вопрос. Конец? Ответить конец JSCO"
0,Основанные на хосте IDP для Linux Systems.
1,"Hot Live Fantasies Call Now 08707509020 только 20p за мин NTT Ltd, PO Box 1327 Croydon CR9 5WB 0870 - это национальный звонок"
0,Дон нет да :) Что вы планируете?
0,Я буду там на & lt;#& gt;  хорошо.
0,Боже мой. Я почти дома
0,Total Video Converter Скачать бесплатно Тип это в поисках Google :)
1,Спасибо за голосование. Теперь петь вместе со звездами с караоке на своем мобильном телефоне. Для бесплатной ссылки просто ответьте с Sing сейчас.
0,"Когда ты любишь, черт возьми, разгневаешься, не относишься к этому серьезно .. потому что злится, это самый детский и правдивый способ проявить глубокую привязанность, заботиться и luv! .. kettoda manda ... хорошего дня да."
0,"Звучит как то, что кто -то тестирует меня"
0,"Когда ты любишь кого -то, не заставляй их любить тебя так же сильно, как и ты. Но любите их так сильно, что они не хотят, чтобы их любили никто, кроме вас ... Gud Nit."
0,"Пит, это твой телефон? Это Дженни из колледжа и Линн. ЧТО ВЫ ВЫ СЕЙЧАС? :)"
0,"Ой, извините. Просто чтобы проверить, что вы не против поднять меня Томо в половину восьми со станции. Это будет нормально?"
0,"Эй, милая, мне было интересно, когда у тебя было момент, если ты можешь прийти ко мне? Я хочу отправить файл кому -то, но он не пройдет для них Yahoo, потому что их соединение отстой, помните, когда вы настроили эту страницу, чтобы я мог перейти и загрузил диск Format? Не могли бы вы сказать мне, как это сделать? Или вы знаете какой -то другой способ скачать большие файлы? Потому что они могут скачать вещи прямо из Интернета. Любая помощь была бы отличной, моя добыча ... *дразнящий поцелуй *"
0,Как Чемпион просто покидает Глазго!
0,K :) Всего наилучшего :) Поздравляю ...
0,"Интересно, получите ли вы этот текст?"
0,Мне нужно вернуться домой и дать вам хорошую любовь ...
1,"Наш новый сервис мобильной музыки сейчас живет. Бесплатный музыкальный игрок прибудет в ближайшее время. Просто установите на своем телефоне, чтобы просмотреть контент от лучших художников."
0,"Должен ли я спросить одну вещь, если вы меня не ошибаетесь."
0,"Проверьте WID CORECT SPELING, то есть сарказм"
1,СРОЧНЫЙ! Ваш мобильный no был удостоен премии по бонусному абоненту в размере 2000 фунтов стерлингов на 1/08/03! Это наша вторая попытка связаться с вами! Позвоните по номеру 0871-4719-523 Box95qu Bt Национальный став
0,"Вы сердитесь на меня. Что случилось, дорогая"
0,"Я уже подсказка на форуме на форуме уже, я сказал, что Рон Н. Даррен собирается 2 Скажите Шухуи."
0,"Да, спасибо, спасибо ..."
0,"Привет :) CTS Сотрудник, как дела?"
0,"Пожалуйста, узнайте от тети Nike."
0,"Вау ... я так сильно тебя люблю, понимаешь? Я едва могу стоять! Интересно, как уйдет твой день, и если ты в порядке, моя любовь ... Я думаю о тебе и скучаю по тебе"
0,Нет крика означает крик ..
0,"Эй, что случилось. Ты в порядке."
0,Должен ли я взять квитанцию ​​или что -то ранее
0,"Я думаю, Ченнаи хорошо урегулировал?"
0,"О, черт возьми! Я не имел в виду, прислать это вам! Ржу не могу!"
0,"К сожалению, я только что узнал, что мы должны забрать мою сестру из аэропорта в тот вечер, так что не думайте, что я вообще пойду. Мы должны попытаться выйти на один из"
0,Ужасный парень ... Я теперь v голоден ...
0,Помните в тот день ..
1,"Вы выиграли Nokia 7250i. Это то, что вы получаете, когда выигрываете наш бесплатный аукцион. Чтобы принять участие, отправьте Nokia в 86021 сейчас. Hg/Suite342/2lands row/w1jhl 16+"
0,"Что это чувствует? Мистер, ты не мой настоящий валентин, просто мой валентин, даже ты вряд ли играешь !!"
0,Все звучит хорошо. Пальцы. Затрудняет печатать
0,Полночь в ближайшее время
0,"Вы не уверены, что я не пытаюсь приготовить Ксавье дым, потому что я не хочу курить после того, как мне сказали, что я слишком много курю?"
0,"K Приезжайте в Нордстрем, когда закончите"
0,"Вы - это дружба, которую я не знаю, как и Exmpel: Jsut ese tihs msg .. evrey splleing of tihs msg - это wrnog .. bt sitll yuo может получить его wihtuot yon mitsake .. спокойной ночи и amp; Хорошего сна .. Слаже мечты .."
0,Теперь пресс -конференция да :)
1,"Привет от апельсина. В течение 1 месяца бесплатный доступ к играм, новостям и спорту, плюс 10 бесплатных текстов и 20 фотосессии, ответьте да. Условия применяются: www.orange.co.uk/ow"
0,После получения степени. В присоединении к финансам нет пользы.
0,"Добрый день, любовь моя! Какие -нибудь перспективы работы? Ты скучаешь по мне? Что вы делаете ? Ты ленивый и мрачный, хммм? Или счастлив и наполнен моей любовью?"
0,Шант больше тебя беспокою ... Цзя ...
0,"Бишан Лар ближе ... не нужно покупать так рано, потому что я купите сейчас, я должен припарковать свою машину ..."
0,"Я, я больше не знаю, о"
0,"Чувак Сукс для змеи. Он стал старым, а Райден получил бафф"
0,Он говорит привет и вернуть вашу задницу в Южную Тампу (желательно у кеггера)
0,В e msg jus сейчас. Ты сказал спасибо за подарок.
0,Ты тоже ...
0,"Хорошо, как ты, дорогая. Вы называли Чечи"
0,"Да, мы делаем сумки. Когда ты хочешь?"
0,"ОК, я нашел Dis Pierre Cardin One, который выглядит нормально, 20 его в продаже."
0,"Хороший сон - это ритм. Человек должен установить ритм, который тело будет изучать и использовать. Если вы хотите узнать больше :-)"
0,Что ты делаешь?
0,Сообщение от. Я в больнице Труро на доб. Ты можешь позвонить мне здесь. Как у меня есть телефон рядом со мной
0,"Одиночная строка с большим значением ::::: «Пропустите что -нибудь 4 UR« Лучшая жизнь », но не пропустите вашу лучшую жизнь ни для чего ... Gud NYT ..."
0,"У вас только что есть газовые деньги, вы и банда хотите пойти в приключение по величине?"
0,Не беспокойтесь ... Используйте кусочки льда в тканевой пакете. Также возьмите 2 таблетки.
0,Чувак только что увидел припаркованную машину с появлением люка на крыше. Сук
0,Будьте готовы надеть свой отличный суб -лицо :)
0,TMRW. Я заканчиваю 9 дверей
0,"The & lt;#& gt; G, который я видел несколько дней назад, парень хочет продать Wi -Fi только для & lt;#& gt;  и с 3G для & lt;#& gt; Полем Вот почему я его полюбил."
0,Я опоздал. Я буду там в
0,"Как бы то ни было, я довольно разозлился."
0,Сегодня принять день .. вы принимаете меня как? Брат сестра Lover Dear1 Best1 Slock1 lvblefrnd jstfrnd cutefrnd lifpartnr belovd swtheart bstfrnd no rpl
0,У меня не так много изображения в классе.
0,"Нет :-) У меня слухи, что вы собираетесь купить квартиру в Ченнаи :-)"
0,Рядом с калайнарским телевизионным офисом. Тенампет
1,Ваша денежная баланс в настоящее время составляет 500 фунтов-чтобы максимизировать UR Dase-In Sepend Prese до 86688 только 150p/msg. CC 08718720201 HG/SUITE342/2LANDS ROW/W1J6HL
1,SMS Auction - совершенно новый Nokia 7250 вырос на 4 аукционе сегодня! Аукцион бесплатный 2 Присоединяйтесь и примите участие! TXT Nokia до 86021 сейчас! Hg/Suite342/2lands Row/W1J6HL
0,"Моя сестренка ловит E шоу в E во второй половине дня, поэтому я не смотрю на нее. Итак, C U wan 2 Смотрите сегодня или TMR LOR."
0,"Звучит GD ... ха -ха ... может ... вау, ты ян джиу так быстро, Лиао ..."
0,"Нет. Я думаю, что быть любопытным. Я не знаю, я реагирую, если я взволнован?"
0,"Помните всех тех, кого я причинял боль в течение дни сатанинского самозванца во мне. Нужно заплатить цену, так что пусть будет. Возможно, судьба, продолжая меня, и, как вы сказали, молитесь, чтобы я получил ум, чтобы преодолеть то же самое."
0,Как сделать девушку счастливой? Совсем не сложно сделать девушек счастливыми. Ты должен быть только ... 1. Друг 2. Компаньон 3. Любовник 4. Шеф. Полем Полем  & lt;#& gt; Полем Хороший слушатель & lt;#& gt; Полем Организатор & lt;#& gt; Полем Хороший парень & lt;#& gt; Полем Очень чистый & lt;#& gt; Полем Симпатическое & lt;#& gt; Полем Спортивный & lt;#& gt; Полем Теплый . Полем Полем  & lt;#& gt; Полем Смелый & lt;#& gt; Полем Определяется & lt;#& gt; Полем True & lt;#& gt; Полем Надежный & lt;#& gt; Полем Разумный . Полем Полем  & lt;#& gt; Полем Психолог & lt;#& gt; Полем Всаждающий вредитель & lt;#& gt; Полем Психиатр & lt;#& gt; Полем Целитель. Полем  & lt;#& gt; Полем Стилист & lt;#& gt; Полем Водитель Полем Aaniye pudunga wenaam ..
0,"Почему это принцесса? Бьюсь об заклад, все бротю тебя преследуют!"
0,"Я забронирую Chez Jule на пол восемь, если с вами все в порядке?"
0,Hhahhahahahah Rofl Wtf Nig был Леонардо в вашей комнате или что -то в этом роде
0,"Да, сейчас в доме Дерека, увидимся в воскресенье"
0,"Это круто, дайте мне знать, прежде чем он начнется вокруг & lt;#& gt; , Я выйду и примерно весь день"
0,"Извините, я позвоню позже"
0,"Мне было интересно, будет ли для вас нормально позвонить дяде Джону и сообщить ему, что в Нигерии все не то же самое, что и здесь. Что & lt;#& gt;  Доллары отправлены 2 года, и вы знаете, что это напряжение, но я планирую погасить все цены, которые он дает. Каждый копейки, так что для меня ожидать от вас что -то от вас, не практично. Что -то подобное."
0,"После перевода нет других сборов, и вы можете снять все равно"
0,"Не ищи, любовь, пусть любовь найди тебя. Вот почему она называется влюбленностью, ты не заставляешь себя не приживать, ты просто падаешь, и ты знаешь, что есть СМЕоне, чтобы держать тебя ... bslvyl"
0,В 4. Пойдем к Биллу Миллеру
0,Я тебя люблю. Ты поджег мою душу. Это не просто искра. Но это пламя. Большое пламя сырого. Xoxo
0,"Немного кого -то наверняка сделано 4 u. И Бог решил идеальное время, чтобы заставить вас встретиться с человеком. Полем Полем Полем до логона. Полем Полем Полем Полем Наслаждайся твоим влюбленностью .. !!! ;-)"
0,Это мой наряд для медового месяца. :)
0,"Поможет ли это, если мы предложим вернуться снова завтра"
1,ЧАСТНЫЙ! Ваша заявление учетной записи 2003 года показывает 800 не вырученных S. I. M. Points. Звоните 08719899230 Код идентификатора: 41685 истекает 07/11/04
0,Никогда не вините ни дня в вашей жизни. Хорошие дни дают тебе счастье. Плохие дни дают вам опыт. Оба необходимы в жизни! Все боги благословения! доброе утро.:
0,"Пожалуйста, подтвердите время для сбора чека."
1,В качестве зарегистрированного подписчика yr Draw 4 a Gift Voucher за 100 фунтов стерлингов B будет введен при получении правильного ANS. Когда будут следующие Олимпиады. TXT ANS до 80062
1,СРОЧНЫЙ! Ваш номер мобильного телефона был награжден гарантированным призом в 2000 фунтов стерлингов. Позвоните 09061790121 от земли. Претензия 3030. Действительно 12 часов только 150 млрд.
0,Папа позаботится о тебе :)
0,"Да, наверное, мне все еще нужно проверить с Лео"
0,К. Затем какое -нибудь другое особенное?
0,"Карлос занимает свое сладкое время как обычно, так что дайте мне знать, когда вы и Пэтти закончат/хотите курить, и я скажу ему, чтобы он перевозил задницу"
0,ОК. Ничего проблемы :-)
0,"Вы слышали об этой работе? Я собираюсь снова поговорить о дикой природе сегодня вечером, если вы хотите 2 -го. Это то, что 2Worzels и Wizzle или что -то в этом роде?!"
0,"Бог поднял цветок и Diphiphitinadew, с любовью тронул его, который у вас, и он одаренная TomeandAde, этот друг 4U"
0,Когда вы пришли в общежитие.
0,"Хорошо, нет, вероятно ... тогда я приду после обеда ..."
0,"JUS, скажу вам, что я оставлю 4 Шанхая 21 -го числа, так что мы будем больше времени 2 встретить CYA ..."
0,"Ваше замораживание? Вы еще дома? Вы не забудете, чтобы поцеловать свою маму утром? Ты любишь меня ? Вы думаете обо мне? Ты уже скучаешь по мне?"
0,Вы все готовы к * Большому дню завтра?
0,"Я, наверное, буду рядом"
0,645
1,"RT-King Pro Video Club >> Нужна помощь? info@ringtoneking.co.uk или позвоните по телефону 08701237397 Вы должны быть более 16 клубных кредитов, которые можно обменять по адресу www.ringtoneking.co.uk! Наслаждаться!"
0,"Спасибо, чувак. Вы, ребята, 2nite?"
0,"Я, я смеюсь тебя. Тем временем, как моя дорогая, Анджи!"
0,"Мм, у меня была моя еда от"
0,"K, имеет смысл, кстати, Карлос затруднен, поэтому вы, ребята, собираетесь курить, пока я собираюсь забрать вторую партию и получить газ"
0,Вы скачали приложение Fring?
0,"Парень из 2 унций становится довольно тревожным, но один друг заинтересован в том, чтобы подобрать $ & lt;#& gt;  Стоит сегодня, если это возможно"
0,"Друзья, с которыми вы можете остаться в чате FB"
0,"Черт возьми, детка, я так скучаю по тебе !! Я бы хотел, чтобы ты был здесь, чтобы спать со мной ... моя кровать такая одинока ... Я сейчас иду, чтобы спать ... мечтать о тебе, моя любовь ..."
0,"Жизнь очень проста .. Любить тоже просто .. смеяться слишком просто .. Победа слишком проста ... но, быть «простой», очень сложно .. Gud Nte. :-"
1,"У вас есть секретный поклонник, который ищет 2, вступая в контакт с U-Find Out, кого они показывают, кто считает, что у вас такой специальный вызов на 09058094599"
0,"Ах, ну, что смущает вещи, не так ли?"
1,"500 бесплатных текстовых MSGS. Просто напишите OK на 80488, и мы заберем вашу учетную запись"
0,"Привет, дорогой, назови меня, это урнт. Я не знаю, в чем твоя проблема. Вы не хотите работать или если у вас есть какая -либо другая проблема, по крайней мере, скажите мне. Выйти за ответ на ваш ответ."
0,"Дорогой, как ты. Ты в порядке?"
1,"Вы были выбраны, чтобы остаться в 1 из 250 лучших британских отелей - даром! Праздник стоимостью 350 фунтов! Чтобы утверждать, позвоните в Лондон 02072069400. BX 526, SW73SS"
0,"Да, принцесса! Я хочу сделать тебя счастливым ..."
0,"Похоже, у вас много талантов! Хотели бы вы поужинать на следующей неделе?"
0,"Я собираюсь снять 2 -й день да. В 18:00. Извините, да."
0,"Мы еще не смотрим фильм. XY хочет 2 магазина, так что теперь я делаю покупки в ней."
0,"Привет, мое маленькое животное для вечеринки! Я просто подумал, что буду надувать тебя, так как ты был со своими друзьями ...*улыбается*... напоминая, что ты любил, и отправишь непослушную обожающую поцелуя"
0,Вчера это только со мной. Теперь иду домой.
1,"Eerie Nokia Tones 4U, Rply Tone Teal To 8007 EG Tone Dracula To 8007 Названия: Ghost, Addamsfa, Munsters, Exorcist, Twilight www.getzed.co.uk pobox36504w45wq 150p"
0,"Ты вошел в мою жизнь и опустил солнце ... устремлена на меня, согревая мое сердце. Постоянную улыбку на моем лице ... заставляя меня чувствовать себя любимым и заботиться о"
0,"Нет дерьма, но я не был так удивлен, поэтому я пошел и провел вечер с тем французским парнем, которого я встретил здесь в городе, и мы немного одурачились, но я не позволил ему трахнуть меня"
1,"0a $ Networks позволяют компаниям выставлять счета за SMS, поэтому они несут ответственность за своих «поставщиков», так же, как магазин должен дать гарантию на то, что они продают. Б. Г."
0,Отличная комедия .. может перестать смеяться да :)
1,"Freemsg: Почувствуйте, что, как будто ты любишь, ты оставь меня в компании! У JST есть Cam Moby Wanna C My Pic? TXT или дата ответа на 82242 MSG150P 2RCV HLP 08712317606 Остановка до 82242"
0,"Хорошо, мы все здесь настроены, напишите человеку"
0,"Привет, ты где? Мы нахожусь и они не заинтересованы в том, чтобы выходить на улицу, я вроде как я чувствую, что не должен, так что мы можем выйти на томо, не говоря уже о том, не так ли?"
0,"Спать НТ, чувствуя себя хорошо"
0,Ты переключишь свой фона на черт возьми !!
0,Индия должна взять на себя инициативу :)
0,I.ll опубликуйте ее L8r. В классе
0,"Это брат ват Райт, чтобы летать .."
0,"Вечер * v Хорошо, если немного нагружено. Заполнишь тебя, не волнуйся ... Голова * ОК, но горло * разрушено. Увидимся в шесть тогда!"
0,"Если ты очень громко смеешься .. Если ты говоришь спонтанно .. Если тебе все равно, что чувствуют другие ... ты, вероятно, со своим дорогим & amp; Лучшие друзья .. Goodevening дорогой .. :)"
0,"Это ноутбук, возьмите его с собой."
0,"У меня нет вашего файла в моей сумке .. Я был на работе, когда вы позвонили мне. Я скажу вам, найду ли я что -нибудь в своей комнате."
0,"Я жажду, но слишком рано, Лей ... Я снаружи, теперь Вун Б домой так рано ... Нева, тогда ум ..."
1,За ваш шанс выиграть 250 фунтов стерлингов Каждый WK TXT: действие к 80608.
0,"Я был в Bugis Juz теперь, что ... но теперь я иду домой, Ореди ... ü так поздно, а затем ответил ... Я видел топ, мне нравится, но DIN Купите ... где сейчас?"
0,"Желаю вам и вашей семье весело ""X"" MAS и с новым годом заранее .."
0,В 7 мы пойдем хорошо.
0,"Да, я опубликовал пару фотографий на FB. На улице все еще есть снег. Я просто просыпаюсь :)"
0,"S :-) Если у нас будет одно хорошее партнерство, мы возьмем лидерство :)"
1,RGENT! Это 2 -я попытка связаться с U! Вы выиграли 1250 фунтов стерлингов 09071512433 B4 050703 T & CSBCM4235WC1N3XX. Callcost 150ppm Mobilesvary. Макс 7 фунтов стерлингов. 50
0,"Да, где твой класс?"
0,"Нет, просто отправьте вам. Потому что ты в храме на."
0,"Вы не идете домой между классом, верно? Мне нужно поработать и принять душ!"
1,"Привет, если ты смотришь 4 дерзкий дневной развлечение, грудастая замужняя женщина, я бесплатно, все на следующей неделе чат сейчас 2 сортировки 09099726429 Janinexx вызывает 1/minmobsmorelkpobox177hp51fl"
0,"S, но в основном не так."
0,Ü v Ma Fan ...
0,"Не знаю, потому что я был поздно, когда я уже достигну, они уже ... но мы ели Спагеддии, Лор ... это ежедневные, которые смеются над мной, и ..."
0,"Угадай, кто все провел прошлой ночью, впаривая в и из четвертого измерения"
0,"Так что теперь мой папа позвонит после того, как он выйдет с работы и задаст все эти сумасшедшие вопросы."
0,"Да .. но они сказали, что это все.,"
0,"Очень больно и значимых строк: «Я скомпрометировал все для моей любви, но в конце моя любовь скомпрометировала меня за все :-(» .. Gud Mornin :-)"
0,Lmao! Хороший 1
0,Рад видеть ваш ответ.
1,"СРОЧНЫЙ! Мы пытаемся связаться с U. Сегодняшним рисунком, которые вы выиграли гарантированную гарантированную призовую сумму в размере 800 фунтов стерлингов. Позвоните по номеру 09050001295 с наземной линии. Претензия A21. Действительно только 12 часов"
1,"Ежемесячный пароль для WAP. Mobsi.com - 391784. Используйте свой телефон WAP, а не ПК."
0,"Нет, даб, но я все еще любитель"
0,"Болезненные слова: «Я думал, что быть счастливым было самой сложной вещью на земле ... но самое тяжелое- это счастливое со всей невысказанной болью внутри ...»"
0,"Да, это нормально! Это 6 фунтов, чтобы войти, это нормально?"
0,"Лол, где ты придумал эти идеи?"
0,"Так много людей, кажется, особенные с первого взгляда, но лишь очень немногие останутся для вас особенными до вашего последнего взгляда .. поддерживайте их до конца жизни .. Sh! Jas"
0,"Сегодня «Песня посвященный день ..» Какая песня вы посвятите мне? Отправьте это всем своим ценным FRND, но сначала меня ..."
0,"Хорошо ... мы ждем, ах"
0,Y lei?
0,"Привет, детка, ты, скорее всего, будешь в постели, но мне очень жаль сегодня вечером! Я действительно хочу увидеть тебя завтра, так что позвони мне в 9. Люби меня ххх"
0,Уже я корточный - это новый способ ходьбы
0,Вы хотите жирного жирного собой 2 или факела BB
0,Судороги остановились. Возвращаясь ко сну
1,"Сегодняшние номера Vodafone, заканчивающиеся 0089 (мои последние четыре цифры), выбраны для получения награды в размере 350 фунтов стерлингов. Если ваш номер совпадает, позвоните по номеру 09063442151, чтобы претендовать на вашу награду в размере 350 фунтов стерлингов"
1,БЕСПЛАТНО Top Top Ringtone-Sub to Weekly Ringtone-Get 1-й недельный подполирование бесплатной распределения до 81618-? 3 в неделю SMS-08718727870
0,Нан Сонахая Соладха. Почему босс?
0,"Принесите компакт -диск Don, забудьте"
1,"Sunshine Quiz Wkly Q! Выиграйте лучшего DVD -игрока Sony, если вы знаете, в какой стране в Алгарве? TXT ANSR до 82277. £ 1,50 SP: Tyrone"
0,"Я не знаю, но я насилую парней в покере"
0,Весло! Больше нет девушек. Сделайте кучу денег на eBay или что -то в этом роде. И поблагодарить Бога.
0,"Был GR8, чтобы увидеть это сообщение. Итак, когда ты уходишь? Поздравляю, дорогая. Какая школа и планы."
0,"Ü Ешь позже, но я ем мой френс, теперь Лей ... ü Сначала возвращаюсь домой?"
0,"Закончите уже ... Яр, они продолжают говорить, что я мягкий ... Я так смутился, хорошо ..."
0,"Прости, чувак, мой тайник прошел вчера вечером, и я не могу больше забрать до воскресенья"
0,"Хай Прия, ты прав. Что сказал доктор Па. Где ты."
1,"БЕСПЛАТНО MSG. Извините, услуга, которую вы заказали из 81303, не может быть доставлена, поскольку у вас нет достаточного кредита. Пожалуйста, пополняйте, чтобы получить услугу."
0,Хорошо...
0,"Пожалуйста, попросите маму позвонить отцу"
0,"Может прийти в мою комнату, но не могу прийти в мой дом, потому что мой дом все еще грязный ... ха -ха ..."
0,Я потерял 10 килограммов на сегодняшний день!
0,Просто попробовать рыбу карри:-p
0,"Что я могу сделать? Может быть, авария занял место где -то Ghodbandar Rd. Трафик движется в неровно. Итак, пожалуйста, скольжение & amp; Не волнуйтесь."
0,Юн Ах. Ü Wana специализируется на Wad?
0,"Да! Я мужчина из одной женщины! Расскажите, пожалуйста, свои лайки и антипатии в постели ..."
0,Делал свой тест раньше. Я ценю тебя. Позвоним тебе завтра.
0,"Как поживает мой любитель? Что он делает, что мешает ему прийти к своей королеве, хммм? Разве он не болит говорить со мной? Скучаю по мне отчаянно?"
0,"Ты встречаешь другую Френ -Дун Ван, встречай меня, а ... Муз Б, обряд с парнем ..."
0,"(Однако нет обещаний, когда еще не поужинал)"
0,Я получил твою спину! У вас есть неприязнь в постели?
0,"О, оказывается, у меня была стерео любовь на Mi Phone под неизвестным альбомом."
1,Hard Live 121 чат всего 60p/min. Выберите свою девушку и подключитесь вживую. Позвоните 09094646899 сейчас! Дешевый чат Великобритания крупнейший живой сервис. VU BCM1896WC1N3XX
0,"Да, я не понимаю, почему бы и нет"
0,"Спрашивает, ты их знаешь или н.т.? Может быть, ур, или одноклассники?"
0,"Извините за ранее. Выпустить пожары. Вы, чтобы поговорить после 9? Или у тебя на самом деле жизнь, лол!"
1,УХ ТЫ! Мальчики возвращаются. Возьмите этот тур 2007 года в Великобритании. Выиграйте VIP-билеты и предварительную книгу с VIP Club. TXT Club до 81303. Trackmarque Ltd info@vipclub4u.
0,"Как в миссионере, собачья подключение, стоя ... |"
0,Тогда тебе лучше пойти спать .. ДУН БЕСПРАВИТЬ У ЛИАО .. Ты проснешь
0,"Борьба с миром легко, вы либо выиграете, либо проиграете BT Fightng с каким -то, кто близок к вам, дикольт, если вы проиграете - вы проиграете, если выиграете - вы все еще проигрываете."
0,"Я смотрю дом - очень интересный - получаю всю вещь Хью Лори - даже с палкой - действительно, особенно с палкой."
0,"Подумал о ячечках, вы имели в виду еще один. Добро! Я посмотрю завтра"
0,"Привет, Джон, Пит здесь, Айв бин 2 Испания недавно, и остался в Хэм Сум Динеро, Билл сказал, что ты или твой арендовал Мэйб, заинтересованный в этом, у меня есть 12 000 пенсов, так что около 48 фунтов стерлингов, туберкулез, Джеймс."
0,Там жирный 2 & lt;#& gt; Полем Это твое
0,"Вы знаете, есть. Я буду говорить с вами в & lt;#& gt;  минут тогда"
0,Alrite Hunny! Wot u Up 2nite? Вместо этого не спустился по городу Jus Da Pub! Jus chillin в Da mo in me в спальне! Люблю Джен XXX.
0,Я пошел в проектный центр
0,"Согласно вашему запросу «Maangalyam (alaipayuthe)» был установлен в качестве вашего Callertune для всех вызывающих абонентов. Нажмите *9, чтобы скопировать своих друзей Callertune"
0,"Лол да, в этот момент я думаю, нет"
0,Делать проект w Frens Lor.
0,"Ржу не могу. Ну, качество не плохо, поэтому я не жалуюсь"
0,"К, это может произойти сегодня вечером?"
1,"Привет, это Мэнди Салливан звонит из Hotmix FM ... Вы решили получить 5000,00 фунтов стерлингов в нашем розыгрыше пасхального приза ..... Пожалуйста, позвоните по телефону 09041940223, чтобы потребовать до 29/03/05, или ваш приз будет передан кому -то еще ...."
0,"Я думаю, что мы собираемся в Финн, приходите"
0,"Зачем устал, что у тебя было особенное"
0,Я приду завтра
0,"Я не могу выбрать телефон прямо сейчас. Пожалуйста, отправьте сообщение"
0,К иди и спать хорошо. Отдохните :-).
0,"Вы, ребята, никуда не приглашаете :("
1,"Ур, иди 2 Багамских острова! Callfreefone 08081560665 и поговорите с оператором в прямом эфире, чтобы претендовать на либо в Багамском круизе в размере 2000 фунтов стерлингов, всего 18+. Отказаться от TXT X до 07786200117"
0,"Я могу это сделать! Я хочу угодить вам как внутри, так и за пределами спальни ..."
0,"Эй! Успокойся вниз по теакусам .. Itxt u, потому что я знаю, что вы делаете в Thew/end ... не выступаете в возрасте."
0,"Я люблю вино и поужинай, моя леди!"
1,"Кто -то связал нашу службу знакомств и вошел в ваш телефон, потому что им нравится вас! Чтобы узнать, к кому это звонок с стационарной линии 09111030116. Pobox12N146TF15"
0,"Я прохладный та, но v Береги себя и spk sn x."
0,Я знаю подробности учетной записи .. Я буду спрашивать свою маму и отправить вам. Моя мама сейчас недоступна.
0,"Я думаю, что у тебя неправильный номер."
0,"Почувствуйте себя, что вы всегда счастливы ... медленно это становится вашей привычкой & amp; Наконец это становится частью вашей жизни .. Следуй за этим .. Счастливое утро и amp; Удачного дня :)"
0,Не б покойная любовь мама
0,Получил .. Получите Панрен Пару ..
0,"* Думал о Чакин Ур Ред -зеленый и черный тренерс 2, чтобы спасти их бак на поезде"
0,"Дайте одну промах от этого номера, пожалуйста"
0,JUS вернулся Fr Lunch Wif только для моей сестры. Ты Лех?
0,Как ваше расписание на следующей неделе? В эти выходные у меня нет города.
0,Действительно хорошо :) Дхануш снова качает :)
0,"Lmao, ладно, мне больше не понадобится, чтобы вы могли делать волосы."
0,"Мисс, нуждайся тебя, хочу тебя, люблю тебя."
0,"Извините, я не свободен ..."
0,"Вы когда -нибудь получали песню, застрявшую в своей голове без причины, и она не уйдет, пока вы не слушаете ее, как 5 раз?"
0,Nt Пока что Чикку .. непревзойденный хабба ..
0,"Получил вашу почту Dileep. Спасибо, что вы так с нетерпением жду поддержки ... очень меньше контактов здесь, помните об одном венугопале, который вы упомянули. Если не поздно, я постараюсь прийти до там."
0,Иногда сердце воспоминает кого -то очень ... скоро кого -то забывает ... Сердце BCOZ не понравится всем. Но нравились каждый раз ... bslvyl
0,Отец Джой - Джон. Тогда Джон - имя отца Джой. Мандан
1,Привет 07734396839 IBH Предложение лояльности клиента: новый мобильный Nokia6600 от 10 фунтов стерлингов на Txtauction! TXT Word: № 81151 и Get Your Now! 4T &
0,"Привет, это Yijue ... это относится к учебнику 3230, он вступил в алгоритмы второе издание ... Я продаю его за 50 долларов ..."
1,"SMS Auction Вы выиграли Nokia 7250i. Это то, что вы получаете, когда выигрываете наш бесплатный аукцион. Чтобы принять участие, отправьте Nokia в 86021 сейчас. Hg/Suite342/2lands row/w1jhl 16+"
0,"К, хочешь, чтобы мы пришли сейчас?"
0,"Как. Это немного сложно, но это простой способ войти в это место"
0,"Ха ... мы оба делаем то же самое. Но я получил телевизор 2 часов. Ты можешь, куда 2 пойти сегодня вечером, или ты уже имеешь в виду ..."
0,Не показывай себя. Как далеко. Поместите новые фотографии на Facebook.
0,Смотрю телевизор сейчас. У меня новая работа :)
0,"Добрый день сексуальные булочки! Как проходит поиск работы? Я просыпаюсь, и ты моя первая мысль, как всегда, моя любовь. Я желаю, чтобы ты был в порядке и счастлив и знаю, что я тебя обожаю!"
0,"Я не прихожу, делай все, что хочешь"
0,"Это нормально, чикку, и это моя 1 любимая песня .. :-)"
0,"Вы видели то, что я разместил на вашем Facebook?"
1,Позвоните Freephone 0800 542 0578 сейчас!
1,Купить космические захватчики 4 Aneck 2 Win Orig Arcade Console. Нажмите 0 для Games Arcade (STD WAP) см. O2.co.uk/games 4 Условия + Настройки. Нет покупки
0,"7 чудеса в моем мире 7 -й ты 6 -й стиль, 5 -й твоя улыбка, 4 -я личность 3 -я природа, 2 -й ур смс и 1 -й ""твоя прекрасная дружба"" ... доброе утро, дорогой"
1,Кредит на любую цель 500 - 75 000 фунтов стерлингов. Домовладельцы + арендаторы приветствуются. Вас ранее отказались? Мы все еще можем помочь. Позвоните бесплатно 0800 1956669 или отправьте сообщение «Помощь»
1,Большой брат Бартер! Компьютер выбрал U за 10 тыс. Наличных или ваучер #150. Звоните 09064018838. NTT PO Box Cro1327 18+ BT Стоимость стационарной линии 150 частей на мобильные телефоны варьируется
0,";-( о, да, с тобой позже"
0,"Мои дяди в Атланте. Желаю вам, ребята, отличного семестра."
0,"Нет, дорогая, у меня есть бесплатные сообщения без каких -либо перезарядки. Привет, привет"
0,"Не ищи, любовь, пусть любовь найди тебя. Вот почему она называется влюбленностью, ты не заставляешь себя не приживать, ты просто падаешь, и ты знаешь, что есть СМЕоне, чтобы держать тебя ... bslvyl"
0,"Я поверил тебе. Я сказал, что ты ему сказал."
0,"Вы знаете, почему Бог создал разрыв между вашими пальцами ..? Так что тот, кто создан для вас, приходит & amp; Заполняет эти пробелы, держа руку любовью ..!"
0,Да:) Сура на солнце ТВ. :) ЛОЛ.
0,"Арун, ты можешь перевернуть меня"
0,"Сейчас за душ, но да, я уйду, когда закончу"
0,"Я не работаю, но я нахожусь глазами в философии, поэтому напишу вам позже, когда немного более бесплатно для чата ..."
0,"Ты не потерял меня всегда, я всегда здесь, 4u. Я не собирался 2 ранить тебя, но я никогда не знал, что ты ко мне чувствовал"
1,"Win: У нас есть победитель! Мистер Т. Фоли выиграл iPod! Скоро более захватывающих призов, так что следите за своим мобильным телефоном или посетите www.win-82050.co.uk"
0,Ты плохая девушка. Я до сих пор помню их
0,Сколько я дал тебе. Утро.
0,"Надеюсь, ты в порядке, детка? Я волнуюсь, что вы, возможно, почувствовали себя немного отчаянным, когда узнали, что работа была поддельной? Я здесь жду, когда вернешься, моя любовь"
0,"Эй, ты можешь сказать мне адрес Блейка? Карлос хотел, чтобы я встретился с ним там, но я потерялся, и он не отвечает на свой телефон"
0,Могу ли я сначала получить ваше мнение о чем -то?
0,"Эта неделя уходит, я познакомился в это время. Почему."
0,"Если мы ударим это, вы можете переехать со мной :)"
0,отличный. Я потратил & lt;#& gt;  лет в ВВС. Ирак и Афганистан. Я стабилен и честен. Вы любите путешествовать?
0,Я хочу посмотреть этот фильм
0,"ОК Лор, спасибо ... ü в школе?"
0,Я в классе. Вы получили мой текст.
0,Автобус уходит в & lt;#& gt;
0,"Благослови Бог. Получите хорошего сна, дорогая ... Я буду молиться!"
1,"Сегодняшние номера Voda, заканчивающиеся 1225, выбраны для получения 50 фунтов стерлингов. Если у вас есть матч, пожалуйста, позвоните по телефону 08712300220 Код претензии 3100 Приложение стандартных ставок"
0,Хорошего дня сегодня. Я так очень люблю тебя.
0,"Аййо немного Пай Сеэ ü noe ... боялся, что он дан Рем, которого я тогда умру ... Хи ... но он становится лучше выглядеть Ореди Лех ..."
0,"Aight, я спрошу нескольких моих соседей по комнате"
0,"Теперь, какой твой дом # снова? А у тебя там есть пиво?"
0,Все ли wan 2 встречаются со всеми частями? Как продвигается остальной проект DA?
0,Получение билетов 4 Walsall Tue 6 марта. Мой приятель заставляет меня их на SAT. Я заплачу мое угощение. Хочу 2 пойти. Txt bak .terry
0,"Да, мы тоже болтаем."
0,"Привет, это Джесс, я не знаю, если ты на работе, но позвони мне, когда ты сможешь, я дома все. XXX"
0,Sian ... AFT Meeting Supervisor получил работу 2
0,Вы собираетесь написать экзамен CCNA на этой неделе ??
0,"Ну, я буду смотреть Шрек в 3D !! б)"
0,Я так грязный парень?
0,"Не знаю, он сказал мне. ОК, Лор ..."
0,"Я, наверное, буду завтра (или даже позже сегодня вечером, если что -то происходит)"
0,"Я не мог сказать «нет», так как он умирающий, и мне грустно за него, поэтому я уйду, и я просто хотел, чтобы вы знали, что я, вероятно, уйдет в вашу ночь"
0,"Если вы думаете о том, чтобы поднять мне один, то нет."
0,"То же, что и ты ... Дун Ван ... ты ты уже как я, а ... что ты делаешь сейчас? Все еще есть?"
0,Скоро прислал мне свой электронный идентификатор
0,"Ват делает некоторых людей дороже - это не просто счастье, которое ты чувствуешь, когда встречаешь их, но ты чувствуешь, что ты чувствуешь, когда скучаешь по Дем !!!"
0,"Чувак. Как дела. Как Тереза. Надеюсь, с тобой все было в порядке. Когда я не слышал от этих людей, я позвонил им, и они получили посылку с декабря;#& gt; Полем Просто тебе нравится знать. Удачите фантастический год и всего наилучшего с вашим чтением. Кроме того, если вы действительно действительно можете BAM First Aid для USMLE, то ваша работа выполнена."
0,"Привет, великолепный человек. Мой рабочий номер мобильного телефона. Удачной, детка. Squishy Mwahs."
0,"Могу я позвонить вам позже, пожалуйста"
1,"Самые горячие фото прямо к вашему телефону !! Смотрите, что я промокаю и хочу, только для вас XX текстовые фото до 89555! TXT стоит 150p Textoperator G696GA 18 XXX"
0,"Так вы должны остаться, о."
0,"Привет, спасибо за этот звонок. Я получил работу! Начинается в понедельник!"
0,В какое время ур полете TMR?
0,Когда мне прийти?
0,У меня довольно заметная отметка укуса на моей правой щеке
0,* Будет сентябрь к тому времени!
0,Ты сейчас влажный?
0,И как твой муж.
1,"Взломать чат. Получите вход в Backdoor в 121 чат за долю от стоимости. Ответьте neo69 или позвоните по телефону 09050280520, чтобы подписаться на 25p. DPS, BCM Box 8027 Ldn, WC1N3XX"
0,"Мы делаем норму завтра? Я заканчиваю только 4.15 COS ST -тестов. Нужно разобраться в библиотечных материалах в какой -то момент Томо - Получил письмо от сегодняшнего дня - доступил до конца марта, чтобы мне лучше двигаться дальше!"
0,"Ага. У меня есть список только с тобой и Джоанной, если я чувствую себя действительно против социального"
0,Я в твоем офисе.
0,Ты приедешь позже?
0,Super da :) Хорошая замена для Murali
0,Да хороший хороший игрок. Почему он непродан.
0,Привет. || Ты хочешь | чтобы присоединиться ко мне с STS позже? || Встреча с ними в пять. || Позвоните вам после занятий.
0,"Он включен в Энгальнд! Но Телли решил, что не позволит мне посмотреть его, а Миа и Эллиот целовались! Блин!"
1,"Бесплатная Nokia или Motorola с до 12 метров 1/2price Linerental, 500 бесплатных X-Net Mins и 100txt/Mth Free Btooth*. Вызовите MobileUpd8 по телефону 08001950382 или позвоните в 2Optout/D3WV"
0,"Я не хочу слышать философию. Просто скажи, что случилось"
0,Вы получили работу в Wipro :) Вы получите все в жизни через 2 или 3 года.
0,Тогда не можете получить ноутбук DA? Моя карта матричной карты wif ü lei ...
0,Dunno da Следующее шоу AFT 6 составляет 850. Toa Payoh получил 650.
1,"Это второй раз, когда мы пробовали 2 контакта с. Вы выиграли 750 -фунтовый приз. 2 претензия легко, позвоните 08718726970 сейчас! Только 10 пенсов за мин. BT-National-Rate"
0,"Я только что сделал несколько платежей, так что не так много. Извини. Хотели бы вы, чтобы это FedEx или наоборот."
0,"Они не сыграли однажды в прошлом году, знают, что у них очень хорошая команда ... как Индия."
0,"К. :) Ты единственная девушка, ждущая на приемной, а?"
0,"Скажи это медленно.? Боже, я люблю тебя & amp; Ты мне нужен, очистишь мое сердце твоей кровью. Получите это десяти особым людям и amp; U C Miracle завтра, сделайте это, пожалуйста, пожалуйста, сделайте это ..."
0,"Я ненавижу, когда она это делает. Она превращает то, что должно быть забавным поездками по магазинам в раздражающий день того, как все будет выглядеть в ее доме."
0,"Сэр, я жду вашего звонка."
0,"Как дела. Вы хотите, чтобы я вышел в интернет?"
0,"Это может работать, мы достигнем консенсуса на следующей встрече"
0,"Айя, тогда я жду. Тогда ты меня развлекаешь. Хи ..."
0,"Последнее, что я когда -либо хотел сделать, это причинить вам боль. И я не думал, что это будет. Вы бы посмеялись, будьте смущены, удалите тег и продолжайте идти. Но, насколько я знал, это даже не было. Тот факт, что вы даже чувствовали, что я сделаю это, чтобы причинить вам боль, показывают, что вы меня действительно не знаете. Это была грязная среда, но это было неплохо. Проблема, с которой я столкнулся с этим, заключается в том, что у вас есть время, чтобы очистить его, но вы решите не делать этого. Вы Skype, вы делаете фотографии, вы спите, хотите выйти. Я не возражаю против нескольких вещей здесь и там, но когда вы не готовите кровать, когда вы бросаете прачечную на ней, когда я не могу иметь друга в доме, потому что я смущен, что есть нижнее белье и бюстгальтеры, разбросанные на кровать, подушки на полу, это что -то еще. Раньше вы были хороши, по крайней мере, готовить кровать."
0,"Я дам тебе знать, когда он начнет"
0,"Вы называете его сейчас, я сказал, позвони ему"
0,"Позвоните по номеру, который доступен на встрече. И попросите подключить звонок с Вахидом Фатимой."
0,"Или ü Иди купить его, тогда я встречусь позже?"
0,"Мммм ... бля ... не справедливо! Вы знаете мои слабости! *улыбается**подталкивает вас к колену**разоблачает мой живот и тянет голову к нему*Не забывайте ... Я тоже знаю, что*злая улыбка*"
0,"Сегодня моя система подготовлена. Все хорошо, и я тоже в глубокой"
0,"Мама хочет знать, где ты"
0,"Aight, я напишу тебе, когда вернусь"
0,"Не знаю, поддерживает задницу и SRT I Thnk. Я думаю, что PS3 тоже может играть через USB"
0,"О, хорошо, я не знал, что ты имел в виду. Да, я малыш, Джонтин"
1,Вы выиграли гарантированные 1000 фунтов стерлингов или приз в 2000 фунтов
1,"Хотели бы вы увидеть мои фотографии xxx, они настолько горячо, что они почти были запрещены в Великобритании!"
1,"Бонус HMV Специальные 500 фунтов подлинных ваучеров HMV, которые будут выиграны. Просто ответьте на 4 простых вопроса. Играй сейчас! Отправить HMV на 86688 Подробнее: www.100percent-real.com"
0,Смотрю телевизор сейчас. У меня новая работа :)
0,"Эта ручка не подходит. Не сделает биро? Не делай мастеров, так как не могу сделать это снова!"
0,Я на вечеринке с Алексом Николсом
1,"У вас есть секретный поклонник, который ищет 2, вступая в контакт с U-Find Out, кого они показывают, кто думает, что у вас такой специальный вызов на 09058094594"
0,"Просто увидев твой пропущенный звонок, мой дорогой брат. Удачи с GR8."
0,ОК .. ü Скоро закончить?
0,"Извините, я не могу вам помочь."
0,"Приди ко мне, раб. Вы делаете это снова ... Выйдя в свою раковину и бессознательно избегая меня ... ты делаешь меня несчастным :-("
0,Я люблю твою задницу! Вам нравится собачий стиль? :)
0,"Я думаю, что попросить спортзала - это оправдание для ленивых людей. Я бегаю трусцой."
1,"Уважаемый 0776xxxxxxx, вам пригласили в Xchat. Это наша последняя попытка связаться с вами! TXT Chat к 86688 150p/msgrcvdhg/suite342/2lands/row/w1j6hl ldn 18 лет"
1,"Срочный! Пожалуйста, позвоните по номеру 09061743811 с ​​стационарной линии. Ваша бесплатная ABTA 4* Tenerife Holiday или 5000 фунтов стерлингов."
0,"Нет. По дороге домой. Так что если бы не длинное сухое заклинание, сезон был бы закончен"
0,Я должен собрать машину DA в 6 Lei.
0,"ОК, но измотался. Только что пришел домой и пошел спать! Не очень хорош в этом рабочем корме на полную ставку."
0,"Наверное раньше, если станция, где я думаю, это"
1,"Позвоните 09090900040 и послушайте Extreme Dirty Live Chat, который сейчас происходит в офисе."
0,"Доброе утро, пожалуйста, назови меня сэр"
1,"Freemsg Hey U, я только что получил 1 из этих видео/картинки, ответьте на этот TXT и я пришлю вам свои фото, спешите, мне так скучно на работе XXX (18 150p/rcvd stop2stop)"
0,"Эээ, у нас не так много осталось"
0,"Я выхожу из вас на улице, потому что Даррен сказал, что ты приходишь по магазинам. Конечно, мы милые, что. Мы пошли Sim Lim Посмотрели MP3 -плеер."
0,"Aight, звучит хорошо. Когда ты хочешь, чтобы я спустился?"
0,Что бы тебе понравилось 4 твоя день рождения?
0,Я люблю работать из дома :)
0,И мисс Vday парашют и двойные монеты ??? Ты меня не очень хорошо знаешь ...
0,"Извините, я позвоню позже"
0,Моя сестра была помещена в Birla Soft DA :-)
1,"Бесплатный вход в 2 в неделю, чтобы получить шанс выиграть iPod. TXT POD до 80182, чтобы получить вход (STD TXT)."
0,Вау ... Оки Оки ... Муз использует E Unlimited ... Ха -ха ...
0,"Есть некоторые люди, я, я за столом, лямбда"
0,И перестань быть стариком. Вы можете построить снеговики снежных ангелов и снежных боев.
0,"Элло, детка, ты в порядке?"
0,"Привет, красивая, ты в порядке? Я вроде как ряд wiv, и он вышел из паба ?? Я хотел, чтобы ночью ты скучал по тебе"
0,Тогда ты пойдешь на атмосферу?
0,"Потому что это & ​​lt;#& gt;  Ян, когда пост Офис в отпуске, так что она пойдет на пост оф ... получил даффер"
0,"LOL Грр, моя мама навсегда берет мой рецепт. Аптека примерно в 2 минутах езды. Фу."
0,"На самом деле это отстой. Я даже не могу приготовить, что все мое электричество вышло. И я голоден."
0,Вы хотите пойти?
1,Новый TextBuddy Chat 2 возбужденные парни в вашей области 4 только 25p бесплатно 2 Получить Пост -код поиска или на gaytextbuddy.com. TXT One name до 89693. 08715500022 RPL Stop 2 CNL
0,"Это не то время месяца, ни в середине времени?"
0,Fffff. Можете ли вы написать Кадим или слишком далеко ушли
0,"Мы еще не уезжаем. Хорошо, тогда мы пойдем в другое место. Ты та ..."
0,Является ли Fujits Series Series Lifebook хорош?
0,"Яр, я хотел, чтобы 2 ругал тебя, но уже поздно ... Я где получил тебя Чжун Се -Цин? Если ты спросишь меня, он спросит меня, тогда я выйду, когда ты все. И ты все еще можешь действовать так реально."
0,"Не знаю, ты приносишь немного еды"
0,Здесь нет тока и еды. Я тоже один тоже
0,Я буду в Sch FR 4-6 ... Я Dun Haf Da Book в SCH ... она дома ...
0,"Привет. Они идут в деревенский паб в 8 лет, поэтому либо приходите сюда, либо соответственно. Хорошо?"
0,Хорошо
0,"Мы называем как & lt;#& gt;  раз о. Нет, дай нам гипертонию, о."
0,"Не дайте обезьян, они думают, и я, конечно, не против. Любой мой друг и все это! Только не спи, это будет раздражать!"
0,"Боже мой, здесь может снег!"
1,"Позвоните с 08702490080 - сообщает U 2 звонить 09066358152, чтобы получить приз в 5000 фунтов стерлингов. У вас есть 2 Введите все ваши мобильные и личные данные @ подсказок. Осторожный!"
1,БЕСПЛАТНАЯ 1 -я неделя вход 2 Textpod 4 A Sance 2 Win 40 ГБ iPod или 250 фунтов стерлингов Каждые WK. TXT VPOD до 81303 TS & CS www.textpod.net custcare 08712405020.
0,Продолжай не беспокоить вас обоих
0,Что скажи мне .. я пошел в ванну :-)
0,JUS закончил Аватар Нигро
0,Ты поцарапаешь это?
0,"Надеюсь, у вас отличный день."
0,"У кого -нибудь из вас была идея? Вы знаете, что кто -то делает?"
0,"Мое планирование обычно останавливается на «Найти травку Хелла, дымная черная травка»"
0,"Тот факт, что вы убираете, показывает, что вы знаете, почему я расстроен. Ваш приоритет постоянно - «то, что я хочу делать», а не «что мне нужно сделать»."
0,Отличный! Готовы ли вы стонать и кричать в экстазе?
1,"В вашем районе сейчас преследует больше людей. Позвоните 09090204448 и присоединяйтесь как единомышленников. Почему бы не договориться о себе. Есть 1 сегодня вечером. £ 1,50 Minapn LS278BB"
0,"Чувак Аватар 3D был IMP. В какой -то момент я подумал, что в комнате на самом деле были мухи, и почти попробовал Хиту Один как рефлекс"
1,"ОТЛИЧНАЯ РАБОТА! Ваш 4* Costa Del Sol Holiday или 5000 фунтов стерлингов ожидают коллекции. Позвоните 09050090044 теперь Toclaim. SAE, TCS, POBOX334, Stockport, SK38XH, стоимость 1,50 фунтов стерлингов/PM, Max10Mins"
0,K ... k :) Почему ты не можешь прийти сюда и найти работу :)
0,"У меня был паршивый сон. Я продолжал просыпаться каждые 2 часа, чтобы посмотреть, хочет ли моя кошка войти. Я беспокоюсь о нем, когда ему холодно :("
0,"Да, я уйду через пару минут & amp; дайте вам знать, когда я доберусь до му"
0,"Могу ли я позвонить мне в 10:10, чтобы убедиться, что я проснулся ..."
0,"Эй, мы можем пойти джазовой силовой йога хип -хоп К.Б. и Йогасана"
0,"Батарея для мистера Адевале, моего дядю. Aka egbon"
0,"Я не могу выбрать телефон прямо сейчас. Пожалуйста, отправьте сообщение"
0,Подождите 2 минуты .. пройдите на автобусной остановке
0,"О, IC. Я думал, ты имел в виду Мэри Джейн."
0,"Ха -ха ... действительно, о нет ... как? Тогда они будут вычесть ваш урок TMR?"
0,"Нет, я иду 2, что с j wot bout u?"
0,"Тогда просто съешьте дерьмо и подождите, когда твоя сука обезьяна .......... ты мудак .................."
0,Спокойной ночи. Собираюсь спать.
0,"Aight, я тоже что -нибудь возьму, напиши мне, когда вернетесь в MU"
0,K ... k :) Почему ты не можешь прийти сюда и найти работу :)
0,"Возьмите что -нибудь от боли. Если он движется, однако на любую сторону в ближайшие 6 часов обратитесь к врачу."
0,"Лол ... о нет, детка, я не буду скользить в твое место после полуночи, но спасибо за приглашение"
0,"How, это рассказ о людях"
1,"Угадай, что! Кто -то, кого вы знаете, тайно фансирует вас! Хотите узнать, кто это? Позвоните нам по телефону 09065394973 от стационарного Datebox1282ESSEXCM61XN 150p/min 18 18"
0,"LOL, это было бы потрясающей окупаемой."
1,Это до 80488. Ваши 500 бесплатных текстовых сообщений действительны до 31 декабря 2005 года.
0,Да :) Это совершенно не в форме :) Кларк также произносят отходы.
0,"Дошневинка сказала: * Я очень милый в мире. * Бог смеялся & amp; Сказал: * Подожди, ты не встретил человека, читающего это MSG * Мораль: даже Бог может шутить! GM+GN+GE+GN :)"
0,"Спасибо. Это было только от Tescos, но довольно приятно. Все прошло сейчас. Говорите скоро"
0,"Что такое пернатая боуа? Это то, что, ребята, я не знаю?"
0,"Даже я не могу закрыть глаза, ты во мне, наша вава, играя в Умму :-D"
0,2 ноутбука ... я не инфра
1,Вы выиграли гарантированную премию в размере 200 фунтов стерлингов или даже 1000 фунтов стерлингов.
0,Nvm это нормально ...
0,Наслаждайся твоей жизнью. Полем Спокойной ночи
0,"Да, но мы можем встретиться в городе, потому что пойдем в GEP, а затем домой. Вы можете написать на автобусной остановке. И не волнуйся, мы закончим к марту ... Иш!"
0,Я задал вам вопрос несколько часов назад. Его ответ
0,Это круто. Где мне кончить? На вас или в вас? :)
0,Дели и Ченнаи все еще молчат.
0,"Лол, хорошо, я был думал, что это тоже ха -ха"
1,"Ответьте, чтобы выиграть 100 фунтов стерлингов в неделю! Где будет проходить чемпионат мира по футболу 2006 года? Отправить остановку на 87239, чтобы закончить обслуживание"
0,"Нет, я нахожусь в одной лодке. Все еще здесь, в моих мамах. Проверьте меня на йо. Я наполовину голый."
0,"Shhhhhh, никто не должен знать!"
0,"Извините, я позвоню позже"
0,"Извините, я позвоню позже, встречаясь с любой вещью, связанной с торговлей, позвоните Арулу. & lt;#& gt;"
0,"Эй, я опоздаю ... Я в AMK. Нужно пить чай или кофе"
0,Я срочно купил автомобиль BMW .. это vry urgent.w hv нехватка & lt;#& gt; LACS. Нет источника для Arng dis amt. & lt;#& gt; Лак .. это моя проблема
1,"Срочный! Пожалуйста, позвоните по номеру 09061743810 с стационарной линии. Ваша бесплатная ABTA 4* Tenerife Holiday или #5000 CASH AWAIT Collection SAE T & CS Box 326 CW25WX 150 ч / млн."
0,"Длина e такая же, но вверху. Я не пойду, Ляо. Слишком ленивый. Dun Wan 2 отвлекайте U также."
0,S..antha Num Corrct Dane
0,Нет вызовов..messages .. перевернутые звонки
0,"Извините, я позвоню позже"
0,"Корзина полна полна, так что я могу быть сегодня вечером"
0,"Привет, дорогая, я только что вернулся, и у меня была действительно хорошая ночь, и большое спасибо за лифт, увидимся завтра xxx"
0,"Никаких других валентина, а? Доказательство на вашей странице FB. Тьфу, я так рада, что действительно не смотрел твой инструмент Рупуля!"
1,"Бесплатные тона надеюсь, что вам понравился ваш новый контент. Текст останавливается на 61610, чтобы отписаться. Помощь: 08712400602450P предоставлен TONES2YOU.CO.UK"
0,Эх Ден сберет книгу e kb liao huh ...
0,Вы практиковали свой Curtsey?
0,Должен ли я получить рассол
0,Лол бу я надеялся на смех
0,"Да, я def up4 Что-то Sat, только что заплатил 2DAY, и я получил у меня на 50 фунтов стерлингов."
0,"Ну, я должен уйти в класс, детка ... ты никогда не вернулся ко мне ... :-( ... надеюсь, ты хорошо поспи, моя любовь"
0,"Lmao, где ваша рыбная память, когда она мне нужна?"
0,"Но я пойду на 2 SCH на пн. Моей сестренке нужно 2, возьмите SMTH."
0,Идея скоро будет преобразована в жизнь :)



1,"Themob> yo yo yo-here приходит новый выбор горячих загрузок для наших участников, чтобы получить бесплатно! Просто нажмите и откройте следующую ссылку, отправленную UR Fone ..."
0,S .... S ... Индия собирается провести серию после многих лет на южноафриканской земле ..
0,"Goodmorning, сегодня я опаздываю за Decimal & gt; мин"
0,Не могу взять на себя никаких важных ролей в сообществе. Ты рок Мел
0,Покупки лор. Их дождь мах Хард 2 оставляют сад.
0,Привет здесь. Рождение на до 8 фунтов 7 унций. Мать и ребенок делают блестяще.
0,Смотрите сообщение о пересылке для доказательства
0,"Я не могу продолжать проходить через это. Я никогда не собирался выпустить вас, но если вы решите сделать это, а не держать комнату в чистоте, поэтому мне не нужно говорить «нет» посетителям, то, возможно, это лучший выбор. Да, я хотел, чтобы вы были смущены, так что, может быть, вы почувствуете, что я чувствую, когда у меня есть друг, который хочет бросить покупку, и я должен сказать «нет», как это случилось сегодня утром. Я все пробовал. Я не знаю, что еще делать."
0,"Не знаю, Лей ... я, мама, ленив, чтобы выйти ... я еще не спрашиваю ее ..."
0,"Делай все, что хочешь. Вы знаете, каковы правила. В начале этой недели мы поговорили о том, что должно было начать происходить, вы демонстрируете ответственность. Тем не менее, каждую неделю я могу сгибать правило таким образом? Как насчет этого? Делать что угодно. Я устал от того, что с вами такую ​​же аргументацию каждую неделю. И a & lt;#& gt;  Фильм не вводит превью. Вы все еще входите после 1."
0,"Красивая истина против гравитации .. Тщательно прочитайте: «Наше сердце чувствует себя легким, когда кто -то в ней ... но это кажется очень тяжелым, когда кто -то уходит ...» Goodmorning"
1,"Отличные новости! Позвоните в Freefone 08006344447, чтобы потребовать гарантированные 1000 фунтов стерлингов или подарки в 2000 фунтов стерлингов. Поговорите с живым оператором сейчас!"
0,Ambrith..madurai..met u in arun dha marrge..remembr?
0,"Просто прочитайте это, и я не стыд, но скажите мне, как он его берет, и если он бежит, я обвиняю вас 4 когда -нибудь !! Не совсем 4 когда -либо долгое время"
0,"Принцесса, твоя кошечка побрилась или естественна?"
0,"Лучше, чем BB. Если он не будет использовать это, его жена будет или их доктор"
0,"Да, это пришло некоторое время назад"
0,С завтрашнего дня от 6 до 3 работы.
0,"Что угодно, но Тоа Пэя получила место 2 Прогуляйся Мех ..."
0,"У меня нет ни одного номера, я до сих пор не думал о тактичном способе спросить Алекса"
1,"Вы можете выиграть 100 фунтов стерлингов музыкальных подарочных ваучеров каждую неделю, начиная с слова «Draw» до 87066 TSCS www.ldew.com Skillgame, 1Winaweek, возраст16.150ppermessSubscription"
0,"Есть ли какой -нибудь кинотеатр, в который я могу пойти и посмотреть безлимитные фильмы и просто заплатить один раз?"
0,Ты пообедаешь в одиночестве? Теперь мне так скучно ...
0,"Да, очевидно, но вы яйца-первые и картофельная голова ... говорите скоро!"
0,"Нет, чувак, моя машина должна быть забита полна людей"
0,"Нет новой работы в баре в аэропорту на Сатстеттине 4,47 года, но не означает, что не лгать! поддерживать связь"
0,Каллис готов к летучей мыши во 2 -й подаче
0,"Спасибо, но мой день рождения уже закончился."
0,"Тьфу, ты не можешь просто извиниться, признайся, что ты ошибаешься, и попросить меня забрать тебя обратно?"
0,"Я но я ... U Wana Pei Bf Oso Rite ... K Lor, в другие дни ден ..."
0,"Да, я маленький ребенок .. и Boost - это секрет моей энергии .."
0,Я буду так по тебе скучать
0,"Является ли аватар, должен иметь субтуиты"
0,Просто сидеть и смотреть матч в офисе ..
0,"Вы можете записать вещи, которые хотите запомнить позже."
0,"Ой, извини, пожалуйста, все кончено"
0,"Эй, мы собираемся на урок или тренажерный зал?"
0,"Не упаковывайте то, что вы можете купить в любом магазине. Как хлопья. Если вам нужно упаковать еду, упакуйте Gari или что -то в этом роде, что вы пропустите."
0,"Ты всегда делаешь вещи больше, чем они"
0,"Ü dun wan, чтобы наблюдать за адскими делом?"
0,"Я не просыпаюсь до 4 часа дня, sup"
1,"4 -месячная половина цена апельсиновая линия аренда и новейшие телефоны камеры 4 бесплатно. Был ли ваш телефон 11 месяц? Позвоните MobilesDirect бесплатно по телефону 08000938767, чтобы обновить сейчас! or2stoptxt"
0,"Я могу прислать вам фото, если хотите :)"
0,"Хорошо ... я уже забронировал все ... включая тот, который в Bugis."
0,"Айт, черт возьми, я получу это позже"
0,Нет де. Но позвоните мне через некоторое время. Я скажу тебе k
0,"Так что не используйте, как никто"
0,Сколько стоит Blackberry Bold2 в Нигерии.
0,"Привет, где ты. Ты дома или Каликут?"
0,"Эй, дорогая .. я могу забрать тебя в колледже, если ты скажешь мне, и где 2 млн. Мт. Люблю Пит xx"
1,"Позвоните 09094100151, чтобы использовать UR Mins! Вызовы отбрасывают 10 пенсов/мин (толпа меняется). Сервис, предоставляемый AOM, только GBP5/месяц. AOM Box61, M60 1ER, пока не остановитесь. Только в возрасте 18 лет!"
0,"Ох ... я был из -за Гоин Йогасана в 10 Ден нет и поехать в 3 Ден может броситься в Парко 4 нб ... Оки, ты позвонишь мне, когда готов ..."
0,"Y так поздно, но мне нужно пойти и получить ноутбук ..."
0,"Сэр, я жду вашу почту."
0,". Пожалуйста, зарядите мой мобильный, когда встаете утром."
0,"Ничего, я получил MSG FRM THT неизвестно нет .."
0,"Тьфу, черт возьми, я повторно"
0,"Он не видел свою тень. Мы получаем раннюю весну, ура"
0,Я сделал. Один ломтик и один хлеб. Ржу не могу
0,"Привет ! Я хочу тебя ! Я жажду тебя! Я скучаю по тебе ! Ты мне нужен ! Я люблю тебя, Ахмад Саид Аль Халлак ..."
0,Есть ли какие -нибудь тренировки завтра?
1,"СРОЧНЫЙ! Ваш мобильный no *********** выиграл премию по бонусу за 2000 фунтов стерлингов 02/06/03! Это вторая попытка связаться с вами! Позвоните 09066362220 как можно скорее! Box97n7qp, 150ppm"
0,"Перейти на все ваши контакты и увидеть, что ты получишь! Красный; я в Синий; ты улыбнулся на моем лице. Фиолетовый; ты действительно горячий. Розовый; ты так Оранжевый; Зеленый; я действительно выхожу на улицу. Yelow; я не у тебя. Черный; я завидую тебе. Коричневый; я скучаю по тебе nw, пожалуйста, давай мне один цвет"
0,"Cosdy Daddy, а устроение времени c ват времени вынести ü mah ..."
0,Затем. Вы знаете старший.
0,Кто там поздоровался нашему наркотике
0,"Трудно поверить в такие вещи. Все могут сказать ложь, но подумайте дважды, прежде чем что -то сказать мне."
1,"Eerie Nokia Tones 4U, Rply Tone Teal To 8007 EG Tone Dracula To 8007 Названия: Ghost, Addamsfa, Munsters, Exorcist, Twilight www.getzed.co.uk pobox36504w45wq 150p"
1,"Сексуальные синглы ждут вас! Напишите свой возраст, за которым следует ваш пол как Whieer M или F, например, 23f. Для геев писать ваш возраст, за которым следует G., например, 23G."
0,"Спокойной ночи, моя дорогая .. Sleepwell & amp; Береги себя"
0,Это чудесная песня
1,"Freemsg: претендуйте на UR 250 SMS-сообщения-текст OK до 84025 сейчас! Используйте Web2Mobile 2 UR-товарищи и т. Д. Присоединяйтесь к TXT250.com для 1.50p/WK. T & C Box139, LA32WU. 16 Удалить txtx или остановиться"
0,Яр Лор на самом деле мы довольно быстры ... потому что он медленно ват ... ха -ха ...
0,Должен прийти позже .. Я обычно купаю его в дневном махах ..
0,"Поверьте мне. Даже если нет, его там."
0,"Эй, Хун-онбус Goin 2 Встреча с ним. Он хочет, чтобы 2go wout 4a еда, но я чувствую, что это так, что у него есть 2, чтобы получить последний автобус домой! Но он сладкий в последнее время"
1,85233 бесплатно> рингтон! Ответьте настоящим
0,Я могу взять тебя в полдень
0,Где это. Есть ли какое -либо открытие для MCA.
0,Я Aight. Что происходит на твоей стороне.
0,Я закончил Ореди ...
0,"Вы тоже милая, принцесса. Расскажите, пожалуйста, свои лайки и антипатии в постели ..."
0,Как вы. Желаю вам отличного семестра
0,"Моджи, я люблю тебя больше, чем слова. Удачного дня"
0,"Чувак, как тебе бафф -ветер."
0,"Хорошо, детка, справедливо, я говорю! Как дела? LoveJen x."
1,"Молодец, Англия! Получите официальный полингтон или цветный флаг на Yer Mobile! Текст Тон или Флаг на 84199 сейчас! Отказаться от TXT Eng Stop. Box39822 W111WX £ 1,50"
0,"Нет, я нет. Я не могу дать вам все, что вы хотите и нуждаетесь. Вы на самом деле могли бы добиться большего для себя в собственном месте-у вас есть больше денег, чем я. Я не могу получить работу, я не могу получить мужчину, я не могу заплатить арендную плату, я даже не могу заполнить свой гребаный бензин. Да, я стресс и подавлен. Я даже не звонил домой на День Благодарения, потому что мне придется сказать им, что я не до ничего."
0,S :-) Каллис не будет играть в первых двух ODI :-)
0,"Тогда возьмите немного денег вместе, и я напишу Джейсону"
0,"О, любовь моя, так приятно слышать от тебя. Боже, я так сильно тебя скучал по тебе. Мне жаль, что у вас проблемы с поставщиком, но спасибо за то, что вы меня"
1,"Последний шанс! ТРЕБОВАНИЕ ВАУ ВАРОСНЫЕ ВАУЧЕРЫ СИДА БОЛЬШЕ! Текст да на 85023 сейчас! Savamob, участник предлагает мобильные устройства! T CS SAVAMOB POBOX84, M263UZ. 3,00 фунтов стерлингов 16"
1,ЧАСТНЫЙ! Ваша заявление учетной записи 2004 года для 07742676969 показывает 786 некушенных бонусных баллов. Чтобы требовать звонка 08719180248 Код идентификатора: 45239 истекает
0,"Наверное, хотите больше?"
0,Я задолбался...
0,Вы самая милая девушка в мире или что
0,"Нет кубиков, художественный класс 6 по 9 :( спасибо. Хотя есть идеи, во сколько я должен приехать завтра?"
1,"SMS Services. Для ваших инклюзивных текстовых кредитов, пожалуйста, www.comuk.net login = ***** unsubscribe с остановкой. Нет дополнительной платы. Помощь: 08700469649. PO Box420. IP4 5 мы"
0,"О, Howda Gud Gud .. Mathe en Samachara Chikku :-)"
0,Я 530 Лор. Но Данно может получить билеты не. Что ты делаешь сейчас?
0,Audrie Duousy AutoCorrect
0,"Это сайт для моделирования теста. Это просто дает вам очень сложные вопросы, чтобы проверить вашу готовность."
0,"В любом случае, серьезно поразите меня, когда вы вернулись, потому что в противном случае мне приходится зажечь Арманд, и у него всегда есть дерьмо и/или рвота"
0,Я принесу Юн или ты?
0,Спасибо. Ты мне тоже нравишься ...
0,"Хммм ... и представьте, что после того, как вы вернетесь домой с того, что приходится потирать мне ноги, заставить меня ужин и помочь мне подготовиться к моему свиданию! Вы уверены, что готовы к такой жизни?"
1,"Free2day Sexy George's Day Pic Jordan! TXT Pic to 89080 Не пропустите, затем каждый Wk A Saucy Celeb! Еще 4 фото C PocketBabe.co.uk 0870241182716 £ 3/Wk"
0,"Лара сказала, что она может одолжить мне & lt;#& gt; Полем"
0,У нас есть какое -либо запасное питание
0,"Яр, он довольно умный, но кормил многие догадывается. Он попросил меня 2 принести, но я не так желаю, 2 иду. Айя, они все еще не прикрепляют к ват."
1,"Вы победитель, вы были специально отобраны, чтобы получить 1000 фунтов стерлингов или награду за 2000 фунтов стерлингов. Поговорите с оператором в прямом эфире, чтобы потребовать звонка 087123002209 утра до 7 вечера. Стоимость 10 с"
0,"Да, не ложись спать, я вернусь до полуночи"
1,"Солнечные Холу. Чтобы претендовать на ваш Med Holiday, отправьте конверт с самого адреса на напитки на US UK, PO Box 113, Bray, Wicklow, Eire. Викторина начинается в субботу! Отказаться от остановки"
0,"Что ж, я не был доступен, так как я утихал вчера вечером, поэтому им пришлось спросить Никки Платт вместо меня!;"
0,"Это то время недели, Райан"
0,"Желаю вам много возвращений дня .. С Днем Рождения, Викки .."
1,"Вы можете выиграть 100 фунтов стерлингов музыкальных подарочных ваучеров каждую неделю, начиная с того, что слово «Draw» до 87066 TSCS www.idew.com Skillgame, 1Winaweek, Age16. 150ppermessSubscription"
0,"Надеюсь, ты знаешь, что я все еще злюсь на тебя."
0,"Argh мой 3G Spotty, в любом случае, единственное, что я помню, из исследования, которые мы провели, было то, что провинция и стерлинг были единственными без проблем с проблемами, на которые мы смотрели"
0,"В Xam Hall Boy попросил девушку рассказать мне о стартовом сроке для ответа, который я могу самостоятельно управлять, после того, как много колебания и смотрел молча, она сказала! INTHA PONNUNGALE IPaditan;)"
0,"Вы знаете, когда результат."
1,#ОШИБКА!
0,"Красивая истина против гравитации .. Тщательно прочитайте: «Наше сердце чувствует себя легким, когда кто -то в ней ... но это очень тяжело, когда кто -то уходит ...» Спокойной ночи"
0,"Извините, я сейчас встаю, чувствую себя очень плохо- полностью отвергли это."
0,"У тебя есть куча бриллиантов, хотя"
0,"Tessy..pls сделаю мне одолжение. Пожалуйста, передайте мои пожелания на день рождения Нимья .. PLS DNT забудьте об этом. Сегодня ее день рождения Шиджас"
0,"Ну, я буду тетями!"
0,"Мой здесь, как и все Фарфу, так и шумно."
0,Позже я думаю. Мне тоже нужно изучать MCAT.
0,"S ... из учебного пособия это показывает, что нет технического процесса :) Все о сбросе пароля и устранении неполадок :)"
1,Ваш ваучер B4U w/C 27/03 - Марсмы. Войдите на www.b4utele.com для скидки. Чтобы отказаться от ответа. Позвоните в обслуживание клиентов 08717168528
0,"Поговорил с дядей Джоном сегодня. Он твердо чувствует, что вам нужно пожертвовать, чтобы оставить меня здесь. Он позвонит тебе. Когда он это делает, я прошу вас просто послушать. Не дайте никаких обещаний и не давайте четким, что нелегко. И мне нужно, чтобы ты позволил нам работать. Пока я продолжаю ожидать помощи, мое творчество будет удушено, так что, пожалуйста, просто оставьте его счастливым, никаких обещаний с вашей стороны."
0,"Если он начнет искать, он получит работу через несколько дней. У него будет большой потенциал и талант."
0,"Карлос занял некоторое время (снова), мы уходим через минуту"
0,Молодцы и! ЛУВА Я ВСЕ
0,Тогда почему вы пришли в общежитие.
0,K все еще любите меня.
0,"Но я вспомнил, что сегодня я должен купать свою собаку .."
0,После препарата она сможет есть.
0,Хорошо взял морфин. Вернувшись в йо.
0,"Вы видите требования, пожалуйста"
0,"Вы остаетесь вне неприятностей незнакомца !! увидел Дэйва на днях, который он сейчас отсортировал! Все еще со мной, когда ты получишь девушку, мистер! Ура, мама, все еще думает, что мы получим 2getha!"
1,"Freemsg: Эй, я Баффи. 25 И люблю удовлетворять мужчин. Дома в одиночестве чувствует себя Рэнди. Ответить 2 C мой пикс! Qlynnbv help08700621170150p A MSG Отправить остановку, чтобы остановить TXTS"
1,"Солнечные Холу. Чтобы претендовать на ваш Med Holiday, отправьте конверт с самого адреса на напитки на US UK, PO Box 113, Bray, Wicklow, Eire. Викторина начинается в субботу! Отказаться от остановки"
0,Так может собрать свой ноутбук?
0,"Хорошо. Можно позже показывать около 8-8: 30, если вы хотите, чтобы + CLD выпили раньше. Wld предпочитает не тратить деньги на NOSH, если вы не против, как это делаете nxt wk."
0,"Я, как только вернусь домой"
0,Ваааат ?? Лололо ОК в следующий раз!
0,"Занят стол, я жду у дерева"
0,"Я, конечно, не забыл прийти :) Я всегда буду связываться с вами :-)"
0,"Привет, пожалуйста, верните нам наши документы, которые мы представили для ссуды от Stapati"
0,"Я не куплю одного, дорогая"
0,"О боже, я рад видеть твое послание через 3 дня"
0,В каком году. И сколько миль.
0,"Эй, милашка. Как это дела? Здесь, в Уэльсе, все вроде нормально. Есть как холмы и дерьмо, но я все еще убил себя."
0,"Печальная история о человеке - на прошлой неделе был мой день. Моя жена не пожелала мне. Мои родители забыли n, как и мои дети. Я пошел на работу. Даже мои коллеги не хотели. Когда я вошел в свою каюту, мой PA сказал: «Счастливого босса по дню !!». Я чувствовал себя особенным. Она спросила мне 4 обед. После обеда она пригласила меня в свою квартиру. Мы пошли туда. Она сказала: «Вы не возражаете, если я пойду в спальню на минуту? '' '' OK '', я сдался в сексуальном настроении. Она вышла из 5 минут лат в пироге ... и моя жена, мои родители, мои дети, мои друзья из моих коллег. Все кричат ​​.. сюрприз !! И я ждал на диване .. ... ..... 'голый ...!"
0,"Я думаю, что вы должны пойти по дороге честности. Позвоните в банк завтра. Это трудные решения, которые делают нас великими людьми."
1,Бесплатно на 1 -й недели! №1 Nokia Tone 4 UR Mob каждую неделю только TXT Nokia до 87077 Получите TXTING и расскажите друзьям. Zed Pobox 36504 W45WQ Norm150p/Tone 16+
0,"Нет. Это не специализация. Может работать, но его рабский труд. Будет искать это в этом месяце Sha Cos No Shakara 4 Begnar."
0,Она отвечает. Boye изменил свой номер телефона
0,"1) Перейдите, чтобы написать MSG 2) Поместите на словарь режима 3) покрыть экран рукой, 4) Нажмите & lt;#& gt; Полем 5) Аккуратно удалить руку ... это интересно .. :)"
0,"Привет, моя дорогая, я еду в Лондон, и мы только что были вбиты другим водителем! И хорошего вмяти! Я действительно скучаю по тебе, чем ты занимался? XXX"
0,"Ничего на самом деле, просто убедиться, что все встают"
0,Я не прихожу домой 4 ужина.
0,"Спасибо. И, кстати, я только что проиграл."
0,Да. У него хороший критичный ум
0,Спасибо. Все будет хорошо через несколько месяцев
1,"Магазин до того, как ты не бросишь, это ты, 10K, 5K, 500 фунтов стерлингов наличными или ваучер на 100 фунтов стерлингов, позвоните сейчас, 09064011000. NTT PO Box CR01327BT Стоимость фиксированной линии 150ppm"
0,"Могу ли я прийти сейчас, Imin Town.dontmatter, если ургоин Outl8r, просто действительно, 2docd.please dontygenore mycalls, u no thecd isv.mportant tome 4 2moro"
0,"Я не буду. Так что, с ребята, ребята"
0,Явт еще не пытался и никогда не играл в оригинал
0,"Привет, был хороший день? Вы разговаривали с выходных?"
0,Видеть? Я думал все через
0,"Я на работе. Пожалуйста, позвоните"
0,Будьте готовы к стонать и кричать :)
0,"О, К :) Почему у тебя есть работа, тогда как дела?"
0,"Я так не думаю. Вам не нужно выходить так поздно в школьную ночь. Особенно, когда у вас есть один класс, который вы пропустили в прошлую среду и, вероятно, провалили тест в пятницу"
0,И poping & lt;#& gt; Ибупрофен не помог.
0,"Младенец! Как дела в тот день? Что ты делаешь ? Где ты ? Я потягиваю свой капучино и думаю о тебе, любовь моя ... Я посылаю тебе поцелуй со всего моря"
0,Хорошо.
0,"Ps u un ur ur wry out up сейчас, верно?"
0,"Китайский квартал есть каша, рис с глиняным точкой, пирог ямса, рыба -пчела ... либо мы едим дешевый ден, кафе и ездим, либо nydc или что -нибудь ..."
0,"Я знаю несколько человек, я могу ударить и трахнуть да"
0,"Чистота дружбы между двумя не о улыбке после прочтения перенаправленного послания ... это о улыбке, просто увидев имя. GUD EVNG"
0,"Так есть ли что -нибудь конкретное, что я должен делать в отношении Джаклина или что, потому что я не знаю, что, черт возьми,"
0,"О, Бог. Я собираюсь Google Google Near Cliffs."
1,"Бесплатные телефоны с камерой с Linerental от 4,49 в месяц с 750 кросс -NTWK Mins. 1/2 Цена TXT Bundle Deals также Avle. Позвоните по номеру 08001950382 или Call2optout/J MF"
0,"Да, я shd haf ard 10 страниц, если я добавлю цифры ... ü У всех есть, сколько страниц?"
0,"Ох, 4got, я начну танцевать живот в Мозли, свадьба 6.30 Если ты хочешь, чтобы 2 присоединились ко мне, у них тоже есть кафе."
0,Большое спасибо за звонок. Я ценю вашу заботу.
0,Поздравляю ! Относитесь к рассмотрению. Я не по почте в течение 2 дней. По почте однажды по почте.
0,"Я позвонил, но никто не забрал электронный телефон. Я спрашиваю их обоих, они уже сказали в порядке."
0,"Привет, мой адрес электронной почты изменился, теперь он"
0,"Ценный. Любящий. L-ovable. Вечный. Благородный. Т-вершина. I-ntimate. Естественный. Электронный инициатор. Счастливого ""Дня святого Валентина"" заранее"
0,"Не много, просто немного текста. Как насчет тебя?"
0,"Принеси это, если у тебя есть"
0,Я в фильме. Позвони мне 4 ват?
0,"Не уверен, что у меня есть желудок для этого ..."
0,Ха -ха ... Может ... но я ужинаю с двоюродным братом ...
0,Мальчик был поздним 2 домом. Его отец: «Сила
0,"(И мой мужчина Карлос определенно приходит MU сегодня вечером, без оправданий)"
0,"Скоро у тебя будет настоящая вещь, принцесса! Я сделаю тебя мокрым? :)"
0,"Раджи .. плс сделаю мне одолжение. Пожалуйста, передаю мои пожелания дня рождения Нимью. Плс. Сегодня ее день рождения."
0,"Ха -ха, мои ноги и шея убивают меня, а мои амиго надеются закончить ночь с ожогом, думают, что я смогу пройти через час?"
1,"СРОЧНЫЙ! Ваш мобильный № 07XXXXXXXXX выиграл премию по бонусу за 2000 фунтов стерлингов 02/06/03! Это вторая попытка связаться с вами! Позвоните 09066362231 как можно скорее! Box97n7qp, 150ppm"
0,"Обычно тело заботится об этом, чтобы купить, следя за тем, чтобы оно не продвигалось. Можем ли мы продолжить этот разговор в субботу."
1,"СРОЧНЫЙ!! Ваш 4* Costa Del Sol Holiday или 5000 фунтов стерлингов ожидают коллекции. Позвоните 09050090044 теперь Toclaim. SAE, TC S, POBOX334, Стокпорт, SK38XH, стоимость 1,50 фунтов стерлингов/PM, Max10Mins"
0,"Хм, но ночь"
0,"Просто хотел сказать, что ты, ребята, не шутили об этом бутоне"
0,"Просто познакомитесь с моими коллажами в MO, Tryin 2 ne Way! Получил жаркое в минимальном прекрасном, мне это понравится!"
0,"Это один из дней, когда у вас есть миллиард классов, верно?"
0,"Goodmorning, сегодня я опоздал на 2 часа. Из -за боли в спине."
0,"Хорошо, тогда я позволю ему позже, и попрошу его позвонить тебе ..."
0,Прабха .. я soryda..rely..frm Сердце я sory
0,"Хорошо, я сейчас валликинг Ард ... ты меня 2 купишь что -нибудь, иди, твой дом?"
0,* У вас будет еще две картонные коробки и очень довольны полками
0,"Приятно поговорить с тобой! Пожалуйста, не забывайте свой пикс :) ​​Я хочу увидеть всех вас ..."
1,"Вы выиграли гарантированные 1000 фунтов стерлингов или приз в 2000 фунтов стерлингов. Чтобы требовать призового приза, нашего представителя по обслуживанию клиентов по телефону 08714712379 с 10 до 7 вечера стоимость 10 п."
0,"Но на самом деле довольно забавно, лор ... Тогда ты будешь на более короткий расстояние ..."
0,"Я замечаю, что тебе нравится смотреть в дерьмовое зеркало, ты превращаешься в правый урод"
0,"Большой. Я беспокоился о тебе. Просто знайте, что такой замечательный и заботливый человек, как у вас, будет иметь только лучшее в жизни. Знай, что ты прекрасная и Божья любовь твоя."
1,"Спасибо за ваш рингтон, номер ref k718. Ваш мобильный телефон будет взиматься £ 4,50. Если ваш тон не прибудет, позвоните по службе клиентов по телефону 09065069120"
0,"Я предпочитаю свои свободные дни ... Вт, в среду, пт, Осо, может ... ü Спросите тех, кто работает, ..."
0,"Alrite Jod, как идет ревизия? Керис бин делает смайджин. N e way you whune to Come после колледжа? Xx"
0,Если у тебя есть вера в меня. Приходи ко мне домой.
0,"О, К.К .. где ты сдал тест?"
0,Это были мои точные намерения
0,"Ха -ха, но нет денег, лех ... позже должен был пойти на обучение ... ха -ха и ищу пустые слоты для вождения"
0,"Эй ... Там, когда мы, мы, согласуем, что мы обсудили это, кроме как не кб на солнце ... потому что есть много урока, если мы посетим KB на SAT ..."
0,"K, wen ur free приходи ко мне домой, а также в Тель-Викки, я отправил ему почту ... Лучше вечер, чтобы быть свободным сегодня в 18:00 .. :-)"
0,"Ничего просто получает сообщения от не назвать не с другой стороны, нет .."
0,"Доброе утро, пожалуйста, назови меня сэр"
0,"Какой у тебя номер комнаты снова? Хочу убедиться, что я стуча в правую дверь"
0,"Si.como no ?! Слушан2 The Plaid-quite quite gd & the New Air1, который веселый-также купил Braindance a Comp.Ofstuff на Aphex S; Abel, U Hav2hear It! C U SN XXXX"
0,"Пожалуйста, скажите Нельсону, что BB больше не являются. Деньги, которые я ожидал"
0,"Дайте ей что -нибудь выпить, если она берет это и не рвет, тогда вы, ее температура, может упасть. Если она не удается, дайте мне знать."
0,"Думаю, вы отправили текст на домашний телефон. Которые не могут отображать тексты. Если вы все еще хотите отправить его, его номер"
0,"Каждый день я использую, чтобы спать после & lt;#& gt;  так только."
0,"K Я позвоню тебе, когда буду рядом"
0,Ты уже покупаешь газеты?
0,"Нет, моя сестренка ... кормовая купая мою собаку, тогда я могу купаться ... Похоже, скоро будет 2 дождя."
0,"Бу, я на пути к мамам. Она делает суп из тортильи. Yummmm"
0,Нет загадков управления.
0,"Как вы узнали, что не включало все эти детали"
1,"Привет, детка x u 4goten bout Me? ' Мошенники становятся умными ... хотя это обычный vodafone no, если вы отвечаете, вы получите дальнейшее MSG/подписка Prem Prem. Другие NOS также использовались. Остерегаться!"
1,"Назад 2 работы 2 Морропов, половина срока! Можно ли меня, 2nite 4 Сексуальная страсть B4 У меня есть 2 вернуться? Чат сейчас 09099726481 Luv Dena вызывает 1/minmobsmorelkpobox177hp51fl"
0,Хотите быть избалованным? :)
1,"Спасибо за заказ рингтона, номер R836. Ваш мобильный телефон будет взиматься £ 4,50. Если ваш тон не прибудет, позвоните в службу клиентов по телефону 09065069154"
0,"Я получаю угрозы от вашего исполнительного директора по продажам, когда я подал жалобу на него. Это официальное сообщение."
0,"Надеюсь, что все прошло хорошо в «врачах»;) напоминает мне, что мне все еще нужно 2go.did u C D Маленькая вещь, которую я оставил в лаундже?"
0,"Ден Ват, будет ли расписание B LK на солнце?"
0,LOL наслаждайтесь ролевой игрой?
0,Хорошо. Я тоже смотрю телевизор.
0,"Я просто люблю эту строчку: «Болел мне правду, я не против, я буду терпит."
0,"Только что проверил, отправившись, чтобы сбросить мои вещи сейчас"
0,Здесь много волос -комода от Китая.
0,"Печальная история о человеке - на прошлой неделе был мой день. Моя жена не пожелала мне. Мои родители забыли n, как и мои дети. Я пошел на работу. Даже мои коллеги не хотели."
0,Я назову тебе вечер больным.
1,Splashmobile: выберите из 1000 с тонами GR8 каждый WK! Это услуга подписки с еженедельными тонами стоимостью 300p. У тебя есть один кредит - откинь и наслаждайся
0,"Вы показали ему и, как он сказал или не смогли ли вы его 4 пыли?"
0,Это должно принять решение о & lt;#& gt;  мин
1,"Не слышал от U4 некоторое время. Позвоните 4 грубому чату частную строку 01223585334, чтобы кончить. WAN 2C Фотографии меня помахали, затем текстовый PIX до 8552. 2END Отправить остановка 8552 SAM XXX"
0,Хорошо . Полем Теперь я в автобусе. Полем Если я скоро приду я приду завтра завтра
0,"Я не могу выбрать телефон прямо сейчас. Пожалуйста, отправьте сообщение"
1,<Передоооказ из 88877> Бесплатный вход в нашу еженедельную композицию в размере 250 фунтов стерлингов. 18 T & C www.textcomp.com
0,Закончил Ляо ... ты?
1,88066 из 88066 потерял 3 -разрядную помощь
0,"Ха -ха, я думаю, я тоже сделал"
0,"Ты знаешь, что мы смотрим в Лидо?"
0,"Жизнь проводит с кем -то на всю жизнь, может быть бессмысленной, но несколько минут, проведенных с кем -то, кто действительно любит вас, означает больше, чем сама жизнь .."
0,"Ха -ха, круто, я был в 4U пару раз. Кто все идет?"
0,"Холодный. Не грусти, дорогая"
0,"Думаешь, я мог бы зайти около часа или около того? Мой сосед по комнате хочет запастись поездкой"
0,"Это на телевизоре? Нет, это Брджит Джонс!"
0,"Люблю тебя, ати .. люблю тебя много .."
0,"Привет! Как ты? Мне скучно. Я думал, что мне скучно с телевизором, но я. Расскажи мне что -нибудь захватывающее там произошло? Что-либо! =/"
0,Хм ... плохие новости ... Hype Park Plaza $ 700 Studio взята ... только осталось 2 Bedrm- $ 900 ...
0,"Извините, я позвоню позже на встрече"
0,R ü Comin вернулся на ужин?
0,"Я почти достиг. Позвони, я не могу подключить тебя."
0,Кого вы ждали вчера
0,"Я достигаю дома сейф и звук, liao ..."
0,"Velly хорошо, да, пожалуйста!"
0,"Привет, Wkend OK, но путешествие ужасно. WK не очень хорошо, как в огромном задних журналах маркировки, чтобы сделать"
0,"У меня было еще две буквы. Я скопирую их для вас, потому что у одного есть сообщение для вас. Говорите скоро"
0,"Алекс знает парня, который продает Мидс, но он упал в Южной Тампе, и я не думаю, что смогу настроить его до 8"
0,У тебя нет предложения Сообщения
1,Были ваши мобильные 11 метров? Обновление бесплатно для апельсинов. Последние цветные камеры мобильные телефоны и неограниченные вызовы в выходные дни. Вызовите Mobile Upd8 на Freefone 08000839402 или 2Stoptx
0,"Привет, детка, как ты делаешь? Wot u Up 2nite Love Annie X."
0,"Напомни мне, как туда добраться, и я сделаю это"
0,:-( Это не романтично!
0,"Привет. Черт возьми, это Рождество. Я думаю, что я решил сохранить этот mp3, который не работает."
1,"У вас есть 1 новое сообщение. Пожалуйста, позвоните по номеру 08718738034."
0,"Привет, дорогая, я скучаю, ты надеюсь, что ты хорошо проводишь время. Когда ты вернешься и в какое время, если ты можешь позвонить мне дома. Джесс XX"
1,"<Передооокурен с 21870000> HI - это ваше предупреждение об обмене сообщениями об обмене сообщениями почтового ящика. У вас есть 4 сообщения. У вас 21 матча. Пожалуйста, перезвоните по телефону 09056242159, чтобы получить ваши сообщения и совпадения"
0,Нарисуй В.А. Я так не думаю :)
0,"Не берите звонок, когда есть что -то важное, чтобы сказать. Хриши"
1,"Поздравляю! 1 год Специальный пропуск в кино на 2 - ваш. Позвоните 09061209465 сейчас! C Suprman V, Matrix3, Starwars3 и т. Д. Все 4 бесплатно! BX420-IP4-5WE. 150 вечера. Не пропустите!"
0,"Ничего приходит мне в голову. Ü Помогите мне купить вешалку, лор. Ур ноутбук не тяжелый?"
0,"& lt;#& gt; , вот и все? Думаю, это достаточно легко"
0,Мы можем завести ребенка в йо
0,"Должен ли я сказать своему другу не ходить, пока не так;#& gt; ИС?"
0,"Стихотворение дружбы: дорогой, дорогой, ты не рядом, но я могу слышать, не страх, жив, не более, не разрывай тебя всегда, моя дорогая. Gud Ni8"
0,Все еще в районе ресторана. Я постараюсь вернуться в ближайшее время
0,"Aight, которая будет работать, спасибо"
1,Выиграйте годовой запас CDS 4 Магазин UR Choice стоимостью 500 фунтов стерлингов и введите нашу еженедельную музыку на 100 фунтов стерлингов на 87066 TS & CS www.ldew.com.subs16+1win150ppmx3
1,"Moby Pub Quiz.win приз в Хай -стрит за 100 фунтов стерлингов, если вы знаете, кем будет новая герцогиня Корнуолл? TXT ее имя до 82277. Unsub Stop £ 1,50 008704050406 SP Arrow Arrow"
0,"У меня есть 2 спальных мешка, 1 одеяло, бумага и детали телефона. Что-нибудь еще?"
1,"Вы выиграли Nokia 7250i. Это то, что вы получаете, когда выигрываете наш бесплатный аукцион. Чтобы принять участие, отправьте Nokia в 86021 сейчас. Hg/Suite342/2lands row/w1jhl 16+"
1,"Поздравляю! Благодаря хорошему другу, вы выиграли рождественский приз в 2000 фунтов стерлингов. 2 Утверждение легко, просто позвоните 08718726971 сейчас! Только 10 пенсов в минуту. BT-National-Rate."
1,"tddnewsletter@emc1.co.uk (больше игр от Thedailydraw) Уважаемая Хелен, десятки бесплатных игр - с отличными призами."
0,"Так что вы, ребята, делаете."
0,"Также этот чат был потрясающим, но не делайте его регулярным, если вы не видите ее лично"
0,"Это важно, но не волнуйтесь."
0,"Это потому, что ты старый. Я живу, чтобы быть высоким."
0,"Waqt se pehle или naseeb se zyada kisi ko kuch nahi milta, zindgi wo nahi ho jo hum sochte hai zindgi wo hai jo ham jeetey hai .........."
0,По дороге в офис да ..
0,В каком месте вы хотите DA.
0,Эта боль не могла прийти в худшее время.
0,Хорошо...
0,Стоит ли я преследовать тебя?
0,"Извините, чувак. Не знаю, как я забыл. Даже после того, как Дэн напомнил мне. Извини. Надеюсь, вы, ребята, повеселились."
0,ОК Лор.
0,Приложения класс Варайя Элайя.
0,Рождественская история - это мир. Желаю тебе счастливого Рождества ...
1,"СРОЧНЫЙ! Ваш мобильный номер ************* Это вторая попытка связаться с вами! Позвоните 09066368753 как можно скорее! Box 97n7qp, 150ppm"
0,В тот день вы спросили об номере Ананда. Почему:-)
0,Am Surfing Online Store. Для предложений вы хотите купить что -нибудь.
0,Лонг -Бич Лор. Ожидается ... у вас ужин?
0,"Дома, кстати"
0,Мы оба в порядке. Спасибо
0,"Что случилось с ней, рассказываю правду"
0,Вам нравится итальянская еда?
0,"Что странно, потому что я знаю, что у меня это было в какой -то момент"
0,"Ой, ты должен быть почти мертв!"
0,"Расскажите своим друзьям, что вы планируете делать в День Святого Валентина @ & lt; url & gt;"
0,"Хорошо, увидимся немного"
0,"Приветствия для сообщения Zogtorius. Я смотрел на свой телефон, чтобы решить, написать ли писать или нет."
0,Я позабочусь о финансовой проблеме. Я помогу :)
0,"Скажи, дорогой, что с тобой случится. Почему ты разговариваешь со мной, как алиан"
1,Удваите свои MINS & TXT на Orange или 1/2 Price Linerental - Motorola и Sonyericsson с B/Free -Nokia Free Call MobileUpd8 на 08000839402 or2optout/hv9d
0,"1) Перейдите, чтобы написать MSG 2) Поместите на словарь режима 3) покрыть экран рукой, 4) Нажмите & lt;#& gt; Полем 5) Аккуратно удалить руку ... это интересно .. :)"
0,Оки ...
0,"Привет, это Yijue, могу ли я встретиться с вами в 11 TMR?"
0,Его позитивный DNT живет в & lt;#& gt; Century Cm frwd n thnk
0,Но я Динт спал днем.
0,Это кажется излишне ласково
0,"Еще, я буду чертовски забавным вещам."
0,Ты будешь на месте этого человека
1,"Загрузите столько рингтонов, сколько вам нравятся ограничения, 1000S 2 выберите. Вы можете даже отправить 2 года приятелей. TXT сэр до 80082 £ 3"
0,Это круто. Как прошел день?
1,"Пожалуйста, позвоните по номеру 08712402902 сразу, так как вас ждет срочное сообщение."
0,R Мы идем с & lt;#& gt;  автобус?
0,"Привет, любовь моя ! Как прошел твой день? Ты в порядке? Я думаю о тебе, о своей сладкой и посылаю толчок твоему сердцу, чтобы напомнить тебе ... Я люблю тебя! Ты это слышишь? Я закричал это через море, чтобы весь мир услышал. Ахмад аль -Халлак любит! И владеет! *Притяжательный страстный поцелуй*"
0,Нет .. он присоединился сегодня сам.
0,"Хорошо, то же самое со мной. Что ж, спасибо за разъяснение"
0,"Я поговорю с другими и, вероятно, только завтра приеду рано завтра"
1,"Scok Up Your Mob с коллекцией Halloween коллекцию логотипа и Pic Plus Plus бесплатный жуткий тон, TXT Card Spook To 8007 Zed 08701417012150P за логотип/PIC"
0,"Если бы проблема с деньгами отбросила меня, но спасибо вам, я могу дышать легче. I.ll Убедитесь, что вы не сожалеете об этом. Спасибо."
0,"Привет. Мне жаль, что я пропустил ваш звонок. Вы можете перезвонить."
0,"Как дела? Надеюсь, вы поселились на новый учебный год. Просто желаю вам дня GR8"
1,"Фэнтезийный футбол вернулся на ваш телевизор. Зайдите в Sky Gamestar на Sky Active и сыграйте команду мечты в 250 тысяч фунтов стерлингов. Забивание начинается в субботу, так что зарегистрируйтесь сейчас! Sky откажитесь до 88088"
0,"Хорошо, тогда не нужно говорить мне все, что я собираюсь спать спокойной ночи"
0,"Хорошо, попробуйте пройти курс на неделе в Коимбаторе."
1,Tone Club: ваши подводные лодки срок действия истек 2 re-sub Ответ Monoc 4 Monos или Polyc 4 Polys 1 Weekly @ 150p в неделю TXT Stop 2 Stop Это бесплатное потоковое сообщение 0871212025016
0,V Хорошо! От 2 Sheffield Tom 2 Air My Mindings по категориям 2 B использовал 2 измерения этнической принадлежности в следующей переписи. Занятая транскрибингом. :-)
0,Если вы будете домой
0,"Мальчик любил девушку. Он подтвердил, что она не возражала. Он gv lv lttrs, Bt ее фрнды бросили Thm. Снова D Boy решил 2 аромата D Gal, DT Time, когда грузовик ускорился в сторону D Gal. Wn Это было около 2 ударов, D Girl, D Boy побежал как ад, и спас ее. Она спросила: «HW CN, ты бегаешь так быстро?» D Boy ответил: «Boost- это секрет моей энергии», мгновенно D Девушка кричала «Наша энергия», и у тебя долго жил 2GTH"
0,"В тот день, ü Скажи, что ты подстригся волосы в Парагоне, это называется чувством волос? Скорее всего, сколько стоит волосы?"
0,"Хм, к сожалению, слишком много из них ... фото явно не горячие пирожные. Это немного весело"
0,"Смотрю телевизор ... Y, она такая смешная, мы блефуют ей 4 ват. Иззит, потому что она невозможно между нами невозможно?"
1,"Рождественский приз. Мы пытаемся связаться с U. Сегодняшним рисунком, которые вы выиграли гарантированную гарантированную приз в размере 2000 фунтов стерлингов. Позвоните 09058094565 с земли. Действительно только 12 часов"
0,"Не знаю, он не говорит ..."
0,"Спасибо 4 2 дня! Ты хорош, я думаю, ты обрядишь, Сари! Asual! 1 Ты меня подбадривал! Люблю тебя Franyxxxxx"
0,"Я еду домой. Пошел, чтобы сменить Batt 4 мои часы, а затем пойти по магазинам немного."
1,"ДА! Единственное место в городе, чтобы встретиться с захватывающими взрослыми синглами, сейчас в Великобритании. TXT Chat к 86688 сейчас! 150p/msg."
0,"Привет, мобильный нет.  & lt;#& gt;  добавил вас в их список контактов на www.fullonsms.com Это отличное место для отправки бесплатных SMS для людей для получения дополнительной информации о посещении fillonsms.com"
0,"Добрый вечер, сэр, надеюсь, у вас хороший день. Я хотел донести до вашего уведомления о том, что я опоздаю на плату арендной платы в течение последних нескольких месяцев, и мне пришлось заплатить $ & lt;#& gt;  заряжать. Я чувствовал, что мне было бы невнимательнее, что вы даете что -то, что вы даете, по большей цене себе, и поэтому я не говорил. Однако я в Не могли бы вы помочь. Спасибо за все."
0,"Если я позволю вам сделать это, я хочу, чтобы вы находились в доме к 8 утра."
0,"Лучшая линия сказала в любви: «Я подожду до того дня, когда смогу забыть тебя, или в тот день, когда ты поймешь, что не можешь меня забыть»."
0,Я достигну до десяти утром
0,Ваша киска идеальна!
0,"Извините, я позвоню позже"
1,"Кто -то связался с нашей службой знакомств и вошел в ваш телефон, потому что вам нравится! Чтобы выяснить, к кому это вызов с стационарного линии 09058098002. Pobox1, W14RG 150p"
0,Нет сообщения .. нет ответа .. что случилось?
0,Также где пьеса
0,"Wiskey Brandy Rum Gin пивное водка шотландское вино шамп ""kudi"" yarasu dhina vaazhthukkal. .."
0,Буй Как дела? Я вернулся домой и уже немного скучно :-(
0,"Во -первых, она получила больше, чем & lt;#& gt; Кг, так как она вошла. Во -вторых, она провела тесты на сахар в крови. Если у нее все в порядке, и ее кровяное давление находится в пределах нормальных пределов, то не беспокойтесь"
0,"Выбери свой фона, теперь ты тупой?"
0,"Спасибо, да Тангам, я чувствую себя очень счастливым, дорогая. Я также скучаю по тебе, да."
0,"Окей Доке. Я дома, но не одет, потому что я лежал без дела! Поговорите с вами позже и прочее."
0,"Я не убегаю от тебя ... Я хожу медленно & amp; Меня убивает, что тебе все равно, чтобы остановить меня ..."
0,"Детка, я вернулся ... вернись ко мне ..."
0,"Что ж, ты сказал другим, что женишься на них ..."
0,"Нешант .. Пометите меня, кто тебя?"
0,Йо -йо -йо -байтэтч?
0,"О ... Кей ... на SAT, верно?"
0,Привет! Это Роджер из Cl. Как вы?
1,"Детка: Ты хочешь, чтобы я не детка! Я противный и у меня есть вещь 4 Filthyguys. Фадж грубое время с сексуальной сукой. Как насчет того, чтобы мы стали жестким! TXT XXX SLO (4 мсгс)"
0,"О, ох ... впустую ... Ден Муз Чионг на саб и солнце Ляо ..."
0,"Иисус Христос, сука, я пытаюсь дать тебе наркотики, ответь на свой гребаный телефон"
0,"Пожалуйста, дайте ему 2 или я заберу его во вторник вечером около 8, если это нормально."
0,Я встречаюсь с Дарреном ...
0,"Один из лучших диалогов в милом религиозном порядке .. !! ""Когда я умру, не поднимись к моему телу .. !! Бкоз мои руки могут не прийти 2 Славка твоих слез в это время ..! Gud ni8"
0,"Решите дело: мужчина был найден убит на; Decimal & gt; Полем & lt;#& gt;  Полдень. 1, его жена позвонила в полицию. 2, полиция допросила всех. 3, жена: сэр, я спал, когда произошло убийство. 4.cook: я готовил. 5.garderer: я выбирал овощи. 6. Дом: я пошел 2 D почтового отделения. 7. Кидки: мы пошли 2 игры. 8. ОТДЕЛАЕТ: Мы пошли 2 брака. Полиция немедленно арестовала Убийца. Кто это? Ответьте с разумом, если ты блестящий."
0,"Дорогой, где ты будешь, когда я дойду туда"
0,"Оу, это первый раз, когда ты сказал, что скучал по мне, не спрашивая, пропустил ли я тебя первым. Ты любишь меня! :)"
0,ОК ... спасибо ... gd nite 2 ü тоже ...
0,"Приходи ко мне прямо сейчас, Ахмад"
1,"Я не знаю тебя, и ты меня не знаешь. Отправьте чат в 86688 сейчас и давайте найдем друг друга! Только 150p/msg rcvd. HG/SUITE342/2LANDS/ROW/W1J6HL LDN. 18 лет или старше."
0,"Лол, пожалуйста, сделай. На самом деле отправьте свою фотографию прямо сейчас. Я хочу увидеть. Поза с расческом и фен или что -то в этом роде."
0,O Тогда не было в FPS.
0,Да означает вычислительную науку ... Y им нравится один напротив здесь ...
0,"Не могли бы вы прочитать меня, любовь моя? Я ответил тебе"
0,О ... lk tt den Мы берем e e e and conce in cine lor ... dun wan йогасана Oso Can ...
0,"Мадам, сожаление."
1,"SMS Services для ваших инклюзивных текстовых кредитов, пожалуйста, www.comuk.net Login 3QXJ9 USOUBSCRIBE с остановкой без дополнительной оплаты 08702840625 Comuk.220CM2 9AE"
0,Ой ... потом лучше быстро иди купай и успокаивается ...
0,Эээ ... cud do. Я собираюсь в 8 вечера. У меня нет возможности связаться с ним до тех пор.
0,"Bloo Bloo Bloo, я буду скучать по первой миске"
0,"Lmao, но это так весело ..."
0,"О, К. К :) Но он не большой нападающий. В любом случае хорошо"
0,"Привет!!! Я почти забыл ... счастливого дня рождения, детка! Я люблю тебя !!"
1,День Святого Валентина Специальный! Выиграйте более 1000 фунтов стерлингов в нашей викторине и возьмите своего партнера в поездку на всю жизнь! Отправить сейчас на 83600. 150p/msg rcvd. CUSTCARE: 08718720201
0,"Как вы думаете, я могу двигаться & lt;#& gt;  через неделю"
0,"Она найдет. Я отправил вам автономное сообщение, чтобы узнать, как сейчас Анжола."
1,"Угадай, кто я? Это первый раз, когда я создал веб -страницу www.asjesus.com, прочитав все, что я написал. Я жду твоего мнения. Я хочу быть твоим другом 1/1"
0,Как прошло и вождение
0,"Это хорошо. Давайте благодарим Бога. Пожалуйста, заполните препарат. Есть много воды. И хорошего дня."
0,"Действительно, Дун Блэф меня, Лех ... ты тоже спишь рано. Номер ..."
0,"Индийцы бедны, но Индия не бедная страна. Говорит один из швейцарских банковских директоров. Он говорит, что «& lt;#& gt; lac Crore» индийских денег депонируется в швейцарских банках, которые можно использовать для «Бюджета без налогов» для & lt;#& gt;  год Может дать & lt;#& gt;  CRORE Работа для всех индейцев. От любой деревни до Дели 4 -полосных дорог. Навсегда свободная питание не более чем & lt;#& gt;  социальные проекты. Каждый гражданин может получать ежемесячно & lt;#& gt; /- для & lt;#& gt;  год Нет необходимости в Всемирном банке & amp; Кредит МВФ. Подумайте, как наши деньги заблокированы богатыми политиками. У нас есть полные права против коррумпированных политиков. ITNA FORDARD KARO KI PURA ИНДИЯ PADHE.G.M. """
0,"Дядя Бой. Мне нужны фильмы, о. Направить меня. Кроме того, вы знаете, что торренты здесь не особенно законны. И система замедляется. Что я должен делать. Удачного дня GR8. Плюс вы начали, потому что я не встречаю вас в Интернете. Как прошла медовая луна."
0,"О, да. Я помню да. Полем"
0,"Кстати относительно того, что мы должны действительно попытаться увидеть, может ли кто -нибудь еще быть нашим 4 -м парнем, прежде чем мы совершите случайный чувак"
1,"За ваш шанс выиграть 250 фунтов стерлингов. Каждый WK TXT: Играйте до 83370. T's & C's www.music trivia.net custcare 08715705022, 1x150p/Wk."
0,"Я не занят Джуз Дун Ван 2, иду так рано .. Хи .."
0,"Правый 11.48 Это тогда. Ну, разве мы все не стали яркими и рано сегодня утром."
0,"Большой. Я сейчас в церкви, будет Холла, когда выйду"
0,"Вернувшись в Брум! Спасибо, что поставили нас и держали нас всех и счастливы. До скорой встречи"
0,"Я не ДОННО, если они задумались"
0,& lt;#& gt;  Отличное обновление сжигания рождественского дерева Loxahatchee: вы можете полностью увидеть звезды здесь
0,"Да, но мне все равно! Ты мне нужен, принцесса!"
0,"Парень (Кадим) не продавал с момента перерыва, я знаю еще одного парня, но он параноик, как черт и не любит продавать без меня, и я не могу быть там до позднего вечера сегодня вечером"
0,"Извините, я позвоню позже"
0,TMR затем ü Brin Lar ... Aiya позже я прихожу в n c lar ... mayb ü neva правильно установлена ​​ü
0,Ты знаешь нет. & lt;#& gt; ?
0,"Тогда она DUN, поверите, что?"
0,К. Обратитесь к моей благодарности.
0,"Я знаю, что только жалуется, что я не знаю, что прямо перейти к BSNL Offc и подайте заявку на это .."
0,"Хорошо. Я видел это. Итак, я должен выбрать его в пятницу?"
0,Сколько она заплатила. Сугага.
0,"Левый десерт. Ты меня, 2 Go Suntec, посмотрите 4 u?"
0,"Абег, получает прибыль. Но это начало. Вы используете его, чтобы получить спонсоров для следующего события?"
0,"Оном Эла Па. Нормальный, чем."
0,К.К .. Как твоя сестра?
0,"Круто, я напишу тебе, когда буду в пути"
0,"Неа. Тем временем она говорит, скажи, что я приветствую тебя."
0,"Я не могу поговорить с вами сейчас. Я позвоню, когда смогу, продолжать звонить."
0,"Что -нибудь, ar ..."
0,"Роза нуждается в воде, сезонные потребности изменений, поэт нуждается в воображении .. мой телефон нуждается в ваших смс, и мне нужны ваши прекрасные Frndship навсегда ...."
0,"Добрый день, детка. Как дела в тот день? Какие -нибудь перспективы работы? Я скучаю по тебе, моя любовь ... * вздыхает * ... :-("
0,Они заберут и бросят в машину. Так что нет проблем ..
0,"С. Я думаю, что он пуст на rr .."
0,Он мир Фамамус ....
0,Будет ли в пятницу уйти в Понгал? Вы получаете какие -либо новости с вашего рабочего места.
0,"LOL хорошо, не делай этого без меня. Мы могли бы иметь большую продажу вместе."
0,* Я в своем пути
0,Ешьте на Old Airport Road ... но теперь 630 Oredi ... получил много Pple ...
0,"SRY не может разговаривать по телефону, с родителями"
1,"Последний шанс! ТРЕБОВАНИЕ ВАУ ВАРОСНЫЕ ВАУЧЕРЫ СИДА БОЛЬШЕ! Текст да на 85023 сейчас! Savamob, участник предлагает мобильные устройства! T CS SAVAMOB POBOX84, M263UZ. 3,00 фунтов стерлингов 16"
0,"ОК, wat Time ü финиш?"
0,"Принцесса, мне нравится заниматься любовью & lt;#& gt;  раз за ночь. Надеюсь, это не проблема!"
0,"Мм, я на пути к железной дороге"
0,я не буду
0,"Я задолбался. Мне жаль. Я надеюсь, что ваше следующее пространство даст вам все, что вы хотите. Помните, что вся мебель ваша. Если меня нет рядом, когда вы его перемещаете, просто заблокируйте все замки и оставьте ключ с Дженн."
0,"Еще нет. Просто я хотел бы поддерживать связь, и это будет самый простой способ сделать это из Барселоны. Кстати, как RU и как дом?"
1,"SPPOK UP UR MOB с коллекцией Halloween Collection of Nokia Logo & Pic Message Plus Plus бесплатный жуткий тон, TXT Card Spook To 8007"
1,Срочный! Позвоните 09066612661 с стационарной линии. Ваш дополнительный 4* Tenerife Holiday или 10 000 фунтов стерлингов.
0,К. :)
0,"Панси! Вы жили в джунглях в течение двух лет! Это мое вождение, которое вы должны больше беспокоиться!"
0,"У мм есть кандзи, не ешьте ничего тяжелого ОК, ОК"
0,"Только если вы пообещаете выходить, как только сможете. И вы напишите мне утром, чтобы сообщить мне, что вы сделали это в ОК."
0,"Лол, это по -другому. Я не пытаюсь найти каждую реальную фотографию, которую вы когда -либо делали."
0,"Я не знаю, это неправильный звонок между нами"
0,"K Я пить. Тогда что делать. Мне нужна модель SRS, пожалуйста, отправьте его на мой почтовый идентификатор PA."
0,"Айя Э дождь, как довольно большой лех. Если я сбрызнул, я могу хотя бы бежать домой."
0,"У меня есть 2 встречи с документами на следующей неделе. Тьфу, почему у меня не было нормального тела?"
0,Dun B грустно .. все кончено .. dun thk уже. Сконцентрируйтесь на ваших других документах к.
0,"Приветствую меня,! Считайте себя извиненным."
0,"Никакой драмы, пожалуйста, у меня было достаточно от вас и семьи, пока я борюсь за горячее солнце в странном месте. Нет причины, почему должно быть эго не идти «, если не приглашен», когда на самом деле его необходимость пойти. Ждите за очень серьезные повторения."
0,"Они выпустили еще один итальянский сегодня, и у него есть вариант Cosign"
0,"Ты в Му? Вы должны попытаться выяснить, сколько денег все получают на газ и алкоголь, мы с Джей пытаемся выяснить наш бюджет сорняков"
1,Победитель! В качестве ценного клиента сети вы были выбраны для получения вознаграждения за 900 фунтов стерлингов! Чтобы собрать звонок 09061701444. Действительно только 24 часа. ACL03530150PM
0,HCL Chennai требует новичков для голосового процесса. Excellent English Need.salary до & lt;#& gt; .Call Ms. Suman & lt;#& gt;  Для телефонного интервью -via indyarocks.com
0,"Дай, что это да .. могу я отправить свое резюме на это удостоверение личности."
0,"Я знаю, где & lt;#& gt;  это, я буду там около 5"
0,"Да, я закончил, c ü там ..."
0,Не забудьте спросить Алекса о его пицце
0,Нет да .. Тодей тоже я забыл ..
0,"Ола вернется к вам, может быть, не сегодня, но я сказал ему, что вы можете быть его прямой ссылкой в ​​США в получении автомобилей, которые он предлагает онлайн, вы организуете доставку и получаете сокращение. Или ты ????? Для партнерства, где ты ????? Инвестируйте деньги на доставку, и он заботится об остальном! U?"
0,"FWIW. Причина, по которой я только нахожу"
0,"Привет, мой мальчик! Я сделал это домой, и моя постоянная мысль о тебе, моя любовь. Я надеюсь, что у тебя будет хороший визит, но я не могу дождаться, пока ты не вернешься ко мне ...*Поцелуй*"
0,"Поздравляю, Кано .. чему угощение?"
0,О ком ты говоришь?
0,Ага...
0,Хорошо...
0,"Ты уже просыпаешься? Что ты делаешь? Ты поднимаешь нас позже обряда? Я принимаю SQ825, достигаю ARD 7 SMTH 8, как DAT. Вы можете проверить время прибытия. C YA скоро ..."
0,"Юньни, я иду по Сити -Линк, сейчас быстрее спустился ... я очень голоден ..."
0,"Э -э -э -э, конечно. Реквизит?"
0,"Привет, ты платил деньги на мой счет? Если так, спасибо. Получил приятный сюрприз, когда я проверил свой баланс -e C, я не получаю заявления 4, что ACC"
1,"Вы выиграли Nokia 6230 плюс бесплатная цифровая камера. Это то, что вы получаете, когда выиграете наш бесплатный аукцион. Чтобы принять участие, отправьте Nokia в 83383 сейчас. POBOX114/14TCR/W1 16"
0,"ОК, я пришлю вам в & lt; Decimal & gt;  хорошо."
0,БОГОГОР! Должен быть великолепным в это время года.
0,Да. Я в офисе да :)
0,"Извините, я позвоню позже"
0,Отец Джой - Джон. Тогда Джон - имя отца Джой. Мандан
0,Хорошо. Я спрашиваю только Abt E фильма. U wan ktv oso?
0,"Неуместно ваш номер и отправлял тексты на ваш старый номер. Интересно, почему я не слышал от вас в этом году. Всего наилучшего в вашем MCAT. Получил этот номер от моих друзей в Атланте"
0,"Извините, я позвоню позже"
0,"Не знаю, Лей ... Я мог бы съесть свои свободы ... если я буду есть, тогда я жду 4 ü lar"
0,"Извините, я позвоню позже"
1,Бесплатный вход в нашу еженедельный комплекс в размере 250 фунтов стерлингов. 18 T & C www.txttowin.co.uk
0,"Скажи это медленно.? Боже, я люблю тебя & amp; Ты мне нужен, очистишь мое сердце твоей кровью. Получите это десяти особым людям и amp; U C Miracle завтра, сделайте это, пожалуйста, пожалуйста, сделайте это ..."
0,"Вы нет, как 2 отправляют файлы между 2 компьютерами?"
0,"Ммммм ... я любил просыпаться к твоим словам сегодня утром! Я тоже скучаю по тебе, любовь. Я надеюсь, что ваш день пройдет хорошо, и вы счастливы. Я жду, когда мы снова будем вместе"
0,"Джей говорит, что он встанет на;#& gt;"
0,"Можете ли вы просто зайти на секунду? Здесь кто -то я хочу, чтобы ты увидел"
0,Так что солнце - это лекарство от сна.
0,Что с тобой происходит. Вы получили работу и начали регистрацию на постоянное место жительства
0,"Да, хорошо ..."
0,"Рад, что все прошло хорошо :) Приходите в 11 лет, потом у нас будет достаточно времени, прежде чем Клэр уйдет на работу."
0,"ОК, наслаждайся. Ты там дома."
0,"Можете ли вы, пожалуйста, прислать мне письмо о том, что вы знаете о родственниках, которые приезжают здесь? Все, что вы знаете о затратах, рисках, льготах и ​​во всем остальном. Спасибо."
0,"Ты делаешь то, что тебе нравится"
0,"Это у нас, чтобы объединить n c, как ..."
0,"Ежемесячная сумма не такая ужасная, и вы не будете платить ничего до 6 месяцев после окончания школы."
0,Хммм :) Сколько игроков выбрано?
0,"Они сказали, что если это снег, он начнется около 8 или 9 часов вечера! Они предсказывают дюйм накопления."
0,Я не. Вы можете прислать его мне. Плюс как режим.
0,"Аййо, пожалуйста, у меня есть время, Мех."
0,Хорошо упаковать все ваши программы
0,"Она наша сестра .. она принадлежит 2 нашей семье ... она надеется на завтра ... Молитесь 4, она была в обречении 4 -го инцидента с поездом Шоранур. Давайте держим руки вместе & amp; подпитывается любовью & amp; Озаботиться о предыдущих 2 ее горе & amp; боль. PLS присоединяется к DIS CANE & amp; пройти его. Остановить насилие в отношении женщин."
0,"Так вы, ребята, просите, чтобы я снова получил эти тапочки или ушел в прошлом году"
0,"Компания очень хороша. Окружающая среда потрясающая, а еда действительно хорошая :)"
1,"Text82228 >> ​​Получите больше рингтонов, логотипов и игр от www.txt82228.com. Вопросы: info@txt82228.co.uk"
0,"Честно говоря, я только что сделал прекрасную чашку чая и быстро бросил в него свои ключи, а затем сжег пальцы, вытащив их!"
0,"Да, но не изучать серфинг, лор. Я сегодня в ленивом режиме."
0,"Пожалуйста, Sen :) Мой добрый совет :-) Пожалуйста, приходите сюда и попробуйте :-)"
0,Я задолбался. C ü там.
0,"О, хорошо, я буду сегодня вечером"
0,Ü Дай мне время ходить туда.
0,Я доберусь до 20 минут ОК ...
1,"Freemsg вы получили бесплатную мини -цифровую камеру, просто ответьте, чтобы собрать свой приз! (Quizclub отказался? Stop 80122300p/WK SP: RWM PH: 08704050406)"
0,"Черт, детка ... что с тобой случилось? Почему ты никогда не вернулся?"
1,Это сообщение передается вам GMW Ltd. и не связано с
0,"Некоторые друзья хотят, чтобы я водил их куда -нибудь, вероятно, займите время"
0,"Я тоже слишком быстро ... xy предлагаю, чтобы не я. Ты, ты, все в порядке. Пойдем 2 дождя, где получил GD."
0,Вы все еще получаете товар.
0,"И, может быть, несколько пресс"
0,"Да, я, так что я оставлю, может быть, 7ish?"
0,K..K.. Я тоже в порядке :) Когда вы закончите курс?
0,Под морем там лежит камень. В скале есть конверт. В конверте есть бумага. На бумаге есть 3 слова ... '
0,"Я сказал ей, что на следующей неделе у меня есть DR Appt. Она думает, что я умру. Я сказал ей, что это просто чек. Не о чем беспокоиться. Но она не слушала."
0,Ты в своей комнате? Мне нужно несколько
0,Я не хочу ничего слышать
0,"Привет. Для меня в пятницу нет отпуска. Подожди, я спрошу своего начальника и скажу тебе .."
0,В конечном итоге
0,От 5 до 2 только времени моей работы.
0,"… И не волнуйся, что мы закончим к марту ... Иш!"
0,Дом находится на воде с док
1,"Поздравляю 2 мобильные 3G видеофоны r your. Позвоните 09063458130! VideoChat vid ur mates, играйте в игры Java, Dload Polyph Music, Noline Rentl. BX420. IP4. 5 мы. 150p"
1,"Ваше следующее удивительное видео XXX PicsFree1 будет отправлено вам наслаждаться! Если одного VID недостаточно для 2 -дневного текста, верните ключевое слово picsfree1, чтобы получить следующее видео."
0,Теперь это испортит вашу диссертацию!
0,"В Sch, но не разум, ты ешь 1 -й лор .."
0,"Эй, как жизнь? Ты спишь все утро?"
0,"Торм. Я думал, что контракт закончился 4 октября."
0,"Я не знаю, когда ... давай изучим пилатес ..."
1,"Вы подписаны на лучший сервис мобильного контента в Великобритании за 3 фунта стерлингов за десять дней, пока не отправите остановку на 83435. Hellpline 08706091795."
0,"Да, я уточняю аспекты безопасности и некоторые другие проблемы .."
1,"3 бесплатные тексты Таро! Узнайте о своей личной жизни сейчас! Попробуйте 3 бесплатно! Текст шанс на 85555 только 16! После 3 бесплатно, msgs 1,50 фунта стерлингов каждая"
0,"Goodmorning, сегодня я опоздал на 1 час."
0,"Привет с днем ​​рождения. Привет, привет привет привет привет"
0,"Я буду за пределами офиса, возьму все оттуда"
0,"Если вы не отвечаете IMMA, предположим, что вы все еще спите, и IMMA начинайте звонить и дерьмо"
0,"Aight, увидимся немного"
0,"Мой превосходный рассказ о том, что пятница уходит для всех других отделов, кроме нашего :), так что это будет оставлено для вас :) Позвоните Вахиду Фатима HR и соответствует этому :)"
1,"Присоединяйтесь к самой роговой службе в Великобритании, и вы можете заняться сексом 2nite!. Просто зарегистрируйтесь и следуйте инструкциям. TXT вход в 69888 сейчас! Nyt.ec2a.3lp.msg@150p"
0,"Лол, я должен взять это. Член, как я сказал, что моя тетя не посещает в течение 6 месяцев? Это потому, что я разработал кисты яичников. BC - единственный способ уменьшить их."
0,Все еще продолжается работа :) Это очень маленький дом.
0,"Мой друг только что пришел сюда и говорит, что он увеличивает свой заказ на несколько граммов (у него есть $ & lt;#& gt;), когда можно сюда попасть?"
0,"TMR Timin по -прежнему то же самое, потому что я получил урок до 6 ..."
0,"Это вещь с обезьянами, ты можешь сражаться до смерти, чтобы что -то сохранить, но в ту минуту, когда у них есть, когда ты отпустишь, вот и все!"
1,"Sunshine Quiz Wkly Q! Выиграйте лучшего DVD -игрока Sony, если вы знаете, какую страну Ливерпуль сыграл в середине недели? TXT ANSR до 82277. £ 1,50 SP: Tyrone"
0,"Нет, я не смогу. || Слишком поздно уведомление. || Я все равно буду дома через несколько недель. || Какие планы"
0,"Получил Fujitsu, IBM, HP, Toshiba ... Получил много модели, как сказать ..."
0,Оки ... спасибо ...
0,"Черт возьми, какая боль. Сангроз, мне лучше приехать тогда."
0,"Как обычно ..ам, лайт, счастливая & amp; все хорошо .. :)"
0,Оки
0,"Так что, когда вы получите доступ Rimac"
0,"Я в Arestaurant et Squid! Я выйду около 10:30, хочу что -нибудь, или это поздно?"
0,"Вы звоните по времени работы сегодня, ОК, Умма и просите их ускорить"
0,"Здравствуйте, U.Call Wen u закончите Wrk.i Fany Within Wiv u All Tonite, так как мне нужен перерыв от Dabooks. Сделал 4 часа в последний раз+2 сегодня WRK!"
0,"R U & Sam P в друг другу. Если мы встретимся, мы сможем пойти 2 мой дом"
0,":-) ага! Ржу не могу. К счастью, у меня не было такой главной роли, как ты!"
0,"Привет, мадам, как ты?"
0,"Потрясающе, напиши мне, когда пополнено"
0,"Как обычно ..ам, лайт, счастливая & amp; все хорошо .. :)"
1,"Knock Txt Txt, чьи там до 80082, чтобы войти в r еженедельный розыгрыш 4 a Gift Voucher £ 250. T & CS www.tkls.com Age16 до остановки £ 1,50 в неделю"
0,Да. Это все невинное веселье. O :-)
0,"Спасибо, что отправили этот вопрос о умственных способностях .."
0,"Сэр, надеюсь, ваш день пройдет гладко. Я действительно надеялся, что мне не придется вас беспокоить. У меня есть несколько счетов, которые я не могу урегулировать в этом месяце. Я вне всех дополнительных денег. Я знаю, что это сложное время для вас, но я должен сообщить вам."
0,Только 2 удара. Ср в & lt;#& gt;  до 2 ага.
0,"Я ходил в Ур -Хон Лабораторию, но там никого нет."
0,"Я не могу выбрать телефон прямо сейчас. Пожалуйста, отправьте сообщение"
0,"Привет, Pple ... $ 700 или 900 долларов за 5 ночей ... Отличное местоположение WIF Lawgeforge Raber !!!"
1,"<Передооокурен с 21870000> HI - это ваше предупреждение об обмене сообщениями об обмене сообщениями почтового ящика. У вас 40 матчей. Пожалуйста, перезвоните по телефону 09056242159, чтобы получить ваши сообщения и соответствовать CC100P/MIN"
0,Почему?
0,"Ржу не могу! Нет, было не так уж и плохо, спасибо. Это хорошо для дома, но это была настоящая проверка реальности. Как был твой день? Вы что -нибудь сделали с веб -сайтом?"
0,"ОК, Лор ..."
0,Я прихожу домой 4 ужин.
0,S da..al R выше & lt;#& gt;
1,"Бесплатный тон ринга просто текст «Полис» на 87131. Затем каждую неделю получают новый тон. 0870737910216YRS только 1,50 фунтов стерлингов/недель."
0,"Унни, спасибо, дорогой, за перезарядку .. Ракхеш"
0,"Я знаю, что мне не хватает большинства деталей этой драмастормы, но по большей части я не беспокоюсь об этом"
0,"Ха -ха ... они не могут, что ... в самом разгаре TMR ... ха -ха, так как?"
0,"Привет! Рад, тебе лучше сейчас. Я слышал, что ты относился к себе на дигинг -камеру, это хорошо? Мы уходим в 9 вечера. Удачного Нового года, C U в Coupla WKS!"
0,Я не вернусь туда!
1,"СРОЧНЫЙ! Ваш мобильный № 077XXX выиграл приз для абонента в 2000 фунтов стерлингов 02.06.03! Это вторая попытка связаться с вами! Позвоните 09066362206 как можно скорее! Box97n7qp, 150ppm"
0,"Я буду сбивать с вами, сэр. На встрече"
0,"Это то, что я люблю слышать: v Увидимся в воскресенье, тогда"
0,"Извините, да Тангам, очень жаль, что меня задерживают Прасад."
0,Tiwary до rcb.battle между Бангом и Кочи.
0,"Слава Богу, они в постели!"
0,"Нет, у меня нет рака. Мамы делают большую сделку из регулярного осмотра, так и мазок"
0,Я в Гоби искусствский колледж
0,Почему она хочет поговорить со мной
0,Панди присоединился к 4W Technologies сегодня. У него есть работа ..
1,"Вам гарантирован последний телефон Nokia, 40 ГБ iPod MP3 -плеер или приз в размере 500 фунтов стерлингов! TXT Word: Соберите нет: 83355! Ibhltd ldnw15h 150p/mtmsgrcvd18"
0,"Они могут попробовать! Они могут потеряться, на самом деле. Ти Хи"
0,"Привет! Вы только что поговорили с Maneesha V. Мы хотели бы знать, если бы вы были удовлетворены этим опытом. Ответить бесплатно с да или №"
0,Мои друзья называют то же самое.
0,"Извините, я позвоню позже"
0,"Эм, его olowoyey@ usc.edu прекрасно проведет время в Аргентине. Не грустно о секретаре, все это благословение"
0,"Это ,, S A A Taxt Massage .... Tie-Pos argh Ok! Лул!"
0,"Привет, могу я получить A & lt;#& gt;  Долларовый кредит от вас. I.ll заплатите вам к середине февраля. Плс."
0,"Возможно, вы захотите вытащить больше на всякий случай и просто планировать не тратить его, если сможете, я не уверен в управлении Дерека и Тейлором"
0,Вам нравится встряхнуть свою добычу на танцполе?
0,"Напишите мне, когда вы выйдете, не звоните, у моих телефонов возникают проблемы"
0,Больше нет необходимости в препарате.
0,"Извините DA :) Я думал, что вам много раз :) Lil занят. Я позвоню вам в полдень .."
0,Его сарказм ..
0,"Большой! Я должен бегать сейчас, так что ttyl!"
0,Хотите снова попробовать Кадим? : V.
0,Dai & lt;#& gt;  Наал Эруку.
0,Еще не чикку ..
0,Хорошо...
0,Хотите наконец пообедать сегодня?
0,"Вы знаете, когда папа вернется?"
1,"Привет, дорогая, как ты сегодня? Я хотел бы поболтать, почему бы вам не сказать мне, как вы выглядите и что вы в сексуальном?"
1,8007 бесплатно на 1 -й неделе! №1 Nokia Tone 4 UR Mob каждую неделю только Txt nokia до 8007 Получите Txting и расскажите о своих товарищам www.getzed.co.uk pobox 36504 W4 5wq Norm 150p/Tone 16+
0,Он остается братом среди братьев
0,Вы встречаете DA GE в NITE TMR?
0,"* Был хороший день, и, впечатляюще, я был разумным, пошел домой рано и теперь чувствовал себя хорошо. Или я просто скучно?! Когда у тебя, я не могу вспомнить."
0,Почему де. Ты хорошо выглядишь только :-) ..
1,"Хотите уложить 2nite? Хотите, чтобы реальные места для подрыва были отправлены прямо на UR Mobile? Присоединяйтесь к крупнейшей в Великобритании сети полязков. TXT Park до 69696 сейчас! Нью -Йорк EC2A. 3LP £ 1,50/MSG"
1,"Мы попытались связаться с вами в ответе на наше предложение о новом Nokia Fone и Camcorder, получите ответный ответ или позвоните по номеру 08000930705 для доставки"
0,Да. Они ответили на мою почту. Я собираюсь в офис управления позже. Плюс будет и в банке позже. Или в среду.
0,"Это круто, я приду как & lt;#& gt; Иш"
0,Super MSG DA :) Наллая времени.
0,"Добрый день, мой мальчик ... как ты сегодня чувствуешь? Лучше я надеюсь? Ты мой хороший мальчик? Ты мой послушный, раб? Вы пожелаете свою королеву?"
0,Мне 6 футов. Мы будем хорошей комбинацией!
0,Я болен !! Я нуждаюсь !! Я хочу тебя !! * надуты** топает ноги* Где ты?! * Надувание** Топает ноги* Я хочу своего раба !! Я хочу его сейчас !!
0,"* Я в поезде обратно из Нортгемптона, так что я не боюсь!"
0,Где в ABJ вы служите. Ты остаешься с папой или в одиночестве.
0,Был игрой 9 дверей Playng и GT Racing по телефону LOL
1,"Новые тона на этой неделе включают в себя: 1) McFly-All Ab .., 2) Сара Хорхе-Шок .. 3) Уилл Смит-Шитч .. Чтобы заказать следующие инструкции по следующему сообщению"
0,"Решите дело: мужчина был найден убит на; Decimal & gt; Полем & lt;#& gt;  Полдень. 1, его жена позвонила в полицию. 2, полиция допросила всех. 3, жена: сэр, я спал, когда произошло убийство. 4.cook: я готовил. 5.garderer: я выбирал овощи. 6. Дом: я пошел 2 D почтового отделения. 7. Кидки: мы пошли 2 игры. 8. ОТДЕЛАЕТ: Мы пошли 2 брака. Полиция немедленно арестовала Убийца. Кто это? Ответьте с разумом, если ты блестящий."
0,"Я на автобусе DA, иду домой ..."
0,Мне позвонили с стационарного номера. Полем Полем Меня просят приехать в Анну Нагар. Полем Полем Я пойду днем
0,Я в порядке. Погоня за мечтой. Что хорошо. Что ты делаешь дальше.
0,"Юпз ... Я Ореди забронировал слоты 4 мои выходные, Ляо ..."
1,"СРОЧНЫЙ! Мы пытаемся связаться с U. Сегодняшним рисунком, которые вы выиграли гарантированную гарантированную призовую сумму в размере 800 фунтов стерлингов. Позвоните 09050003091 от земли. Претензия C52. Действительно только 12 часов"
0,"Есть много модели .. Sony Ericson также Der .. & lt;#& gt; .. это Лукс, хороший, я забыл модл нет"
0,Оки
0,"Да, я знаю сырные песни от Frosty the Snowman :)"
0,"Я ОК, Vikky Vl C Witin & lt;#& gt; МИНС И ИЛ ОТВЕТ У .."
1,Поклонники спорта - Получите последние спортивные новости Str* 2 UR Mobile 1 Wk Free и бесплатный Tone Txt Sport на 8007 www.getzed.co.uk 0870141701216+ norm 4txt/120p
0,"Привет, TMR, встреча в Bugis 930?"
1,"Срочно срочно! У нас есть 800 бесплатных рейсов в Европу, чтобы раздать, позвоните в B4 10 сентября и взять другу 4 бесплатно. Позвоните сейчас, чтобы претендовать на 09050000555. BA128NNFWFLY150PPM"
0,"Все эти красивые новые рубашки и единственное, на что я могу их носить, - это нудистская тематическая; _; ты в му?"
0,"Эй, сексуальные булочки! Что из этого дня? Ни слова от тебя сегодня утром на YM ... :-( ... я думаю о тебе"
0,"И всякий раз, когда вы и я видим, мы все еще можем подключиться."
0,"Нет, но я сейчас иду домой, а потом иди накачать бензин, лор ... как скоро идти 2 дождя ..."
0,"Можете ли вы использовать иностранные марки для того, для чего вы их отправили?"
1,Из 88066 потерял 12 фунтов стерлингов
0,"О, детка дома. Почему у вас нет новых фотографий на Facebook"
0,"Февраль & lt;#& gt;  День ""Я люблю тебя"". Отправьте DIS на все UR ""Valued frnds"". Если 3 вернется, ты замужем за человеком, ты любишь! Если вы проигнорируете, что вы потеряете свой luv 4 evr"
0,"Привет, извините, не имел сигнала. Я не видел и не слышал, и не было, что само по себе необычно! Я постановлюсь на дело и заставлю его разобраться! Объятия и обнурания."
0,"OMW обратно в Тампу из West Palm, вы слышите, что случилось?"
0,"Да, уже не больше ... спасибо 4 Печать и передача."
1,"Freemsg: Хотите флирт? Дата ответа сейчас и присоединяйтесь к наиболее быстро растущей службе мобильных знакомств UKS. MSGS RCVD всего 25 пенсов, чтобы отказаться от остановки TXT на 83021. Ответить дата сейчас!"
0,"Что я имею в виду, так это то, что они выходят за вами, когда все закончится или говорится, что вы можете посмотреть столько фильмов, сколько захотите."
0,S теперь только я взял таблетки. Реакция только утро.
1,Отличное новое предложение - Double Mins & Double TXT на лучших апельсиновых тарифах и получение последних телефонов камеры 4 бесплатно! Позвоните MobileUpd8 бесплатно на 08000839402 сейчас! или 2stoptxt t & cs
0,"Нет, я вечный DD"
0,"Извини, де, я пошел в магазин."
1,"Надеюсь, вам понравился ваш новый контент. Текст останавливается на 61610, чтобы отписаться. Помощь: 08712400602450P предоставлен TONES2YOU.CO.UK"
0,"Когда ты любишь, черт возьми, разгневаешься, не относишься к этому серьезно .. потому что злится, это самый детский и правдивый способ проявить глубокую привязанность, заботиться и luv! .. kettoda manda ... хорошего дня да."
0,"Эй, ты все еще хочешь пойти на йогасану? Потому что, если мы закончим на Кане"
0,"Нет, я не ездил ... я нево разработал фото, Лей ..."
0,"Я думаю о том, чтобы спуститься в Рег на уроки практической практики .. бросил свой аванс .. ха -ха, время, когда ты собираешься?"
0,"Прохладный. Я - & lt;#& gt;  дюймы в длину. Надеюсь, они вам понравятся!"
0,"Домашняя-убийца, потому что мужчина был убит на & lt;#& gt; Январь .. в качестве государственного праздника все правительство. Внедрение закрыта, в том числе почтовое отделение .. понял?"
0,Оки .. спасибо ..
1,18 дней до начала Euro2004! Вам будет информироваться обо всех последних новостях и результатах ежедневно. Отправьте подпись отправить Euro Stop до 83222.
0,"Иди куда купить? Джуз купите, когда мы доберемся туда."
0,"ОК, Лор ..."
0,Я работаю технической поддержкой :) Голосовой процесс.
0,"Это Justbeen Overa Week с тех пор, как мы расстались, и наш мозг собирается заглушить!"
0,"Тунде, как у тебя дела. Это просто желаю вам отличного дня. Абиола."
0,Нет ... C ü тогда ...
0,Нет. Но мы сделаем медицинские миссии в Нигерию
0,"Нет, у меня нет фильмов в моем ноутбуке"
0,Что там. Не хочешь спать
1,Срочно позвоните по телефону 09066612661 от стационарной линии. 5000 фунтов стерлингов или роскошь 4* Канарские острова. Награда T & CS SAE. 20m12aq. 150 млрд. 16+ «
1,"Срочный! Пожалуйста, позвоните по телефону 0906612661 с вашего стационарного линии, ваш бесплатный 4* Lux Costa Del Sol Holiday или 1000 фунтов стерлингов. PPM 150 SAE T & CS Джеймс 28, EH74RR"
0,Я не Лей .. следующий пн?
0,ММ чувствует себя сонным. Сегодня сам я получу такую ​​дорогую
0,"Как ты смеешь, глупый. Я тебе ничего не скажу. Слушайте после того, как я не буду с тобой поговорить:-."
0,"До -то, если Бен собирается?"
0,Можете ли вы в какой -то момент провести встречу с MAG?
0,Я имел в виду средний левый или правый?
0,Действительно? Я разбил обнимался на своем диване.
0,"Привет, Чачи попытался позвонить тебе, не в состоянии связаться с тобой .. пл дай мне пропущенного кала"
0,"Я отправил вам цены и вы имеете в виду & lt;#& gt; г,"
0,Ты так много бузи
0,Ничего. Может...
1,"Я не знаю тебя, и ты меня не знаешь. Отправьте чат в 86688 сейчас и давайте найдем друг друга! Только 150p/msg rcvd. HG/SUITE342/2LANDS/ROW/W1J6HL LDN. 18 лет или старше."
0,"Нет * я работаю над кольцом, но у меня есть целый дом кричащих чертов, так что * вытаскиваю свои волосы! Люблю тебя"
0,"Но моя семья ни за что не отвечает. Сейчас я в комнате не пошел домой в Дивали, но никто не позвонил мне, и почему бы не прийти. Это заставляет меня чувствовать себя смертью."
0,"Тик, тик, тик ... детка"
0,R ü сегодня на сегодняшний день?
0,K DA :) Сколько страниц вы хотите?
0,Я только сейчас.
0,"Отправьте его номер и дайте ответ завтра утром за то, почему вы так сказали ему это"
0,Ты сказал не сейчас. Без проблем. Когда можно. Дайте мне знать.
0,"Хорошо, но скажи мне половину ЧСС, ты приходишь, мне нужно 2, подготовишься."
0,Играть в компьютер? Айя я Ток 2 ты?
0,"Сил, верно? Хорошо, спасибо ..."
0,"Дрэк Что еще хуже, чувак, который всегда хочет повеселиться или чувака, который подает жалобу на трех наркоманов, с которыми он живет"
0,"ОК Китайская еда на своем пути. Когда я толлю, ты платите за мой липо."
0,Мы уже снаружи.
0,"Хорошей поездки. Остерегайтесь. Помните, когда вы вернетесь, мы должны решить о Пасхе."
0,"Эй, мы смотрим фильм на Netflix"
0,Сколько времени. Я выхожу до вероятности 3 или около того
0,"Можно Мех? Thgt некоторые столкнутся ... действительно, а, я разум ... я видел, что потерял вес ... дела ..."
0,"Я не знаю, это неправильный звонок между нами"
0,Я не уверен насчет ночного меню. Полем Полем Я знаю только о полуденье меню
0,"День день рождения Arr :) Я хочу, чтобы он получил больше Оскара."
0,"Скажи это медленно.? Боже, я люблю тебя & amp; Ты мне нужен, очистишь мое сердце твоей кровью. Получите это десяти особым людям и amp; U C Miracle завтра, сделайте это, пожалуйста, пожалуйста, сделайте это ..."
0,"Открыть Ребтель с Firefox. Когда он загружается, просто поместите плюс подпись в местополосное место пользователя, и он покажет вам два номера. Более низкий номер - мой номер. Как только вы выберете этот номер, PIN -код отобразится в порядке!"
0,и поднять их с разных точек
1,Сейчас женаты на местных женщинах ищут осторожных действий! 5 настоящих матчей мгновенно с вашим телефоном. Текстовое совпадение с 69969 MSG стоимостью 150p 2 Stop Txt Stop Bcmsfwc1n3xx
0,Вау V V впечатлен. Побавлюсь по магазинам!
0,Я на пути к твоему дому
1,"Burger King - Хотите сыграть на первом стадионе? Получите 2 Burger King до 1 сентября, идите большим или супер с Coca-Cola и выходите на победителя"
0,Без проблем. Поговорим позже
0,Тогда ура сестренка?
0,Все еще в месте клиента
1,"Почему для ребенка, который боится темноты, чтобы стать подростком, который хочет остаться на всю ночь?"
0,"Чувак, ты тоже телугу .."
0,Мы подтверждаем еду в Esplanade?
0,Отправьте мне свой идентификатор и пароль
0,"Вроде. Взял его в гараж. Центральная часть выхлопных потребностей нуждается в замене. Частично заказал n принять его, чтобы исправить утро томо."
1,"За ваш шанс выиграть 250 фунтов стерлингов. Каждый WK TXT: действие к 80608. T's & C's www.movietrivia.tv Custcare 08712405022, 1x150p/Wk."
0,"Ну, тогда я не могу прийти ..."
0,"Вскоре после того, как я ухожу. Я получаю всего 5 минут в день, как есть."
0,"Тогда его наиболее вероятно называется Миттельшмерц. Google это. Если у вас нет парацетамола, не волнуйтесь, это пойдет."
0,"Что ж, прямо мне придется встать и проверить сегодняшние продажи паров/моча, так что напиши мне, когда ты хочешь, чтобы я пришел тебя"
0,"Только что прибыл, увидимся через пару дней"
0,"К, что инцидент?"
0,"Да, получи без ограничений"
0,CTHEN I THK SHD B ENUFF .. все еще получил заключение.
0,"Забыл, что мне нужно 3 года, извините. Где ты уже на своем телефоне?"
0,"Ü заставил Ват, чтобы купить, расскажите нам, а затем не нужно снова войти."
0,Когда ты большой .. | Бог принесет успех.
1,"У тебя Бин присудил 50 фунтов стерлингов, чтобы сыграть 4 мгновенных деньга. Позвоните 08715203028, чтобы претендовать. Каждый 9-й игрок выигрывает мин £ 50-500. Optout 08718727870"
0,"… Мы остаемся здесь на дополнительную неделю, вернувшись в следующую среду. Как мы делали в регби в эти выходные? Привет, и, с тобой скоро """
0,"Ну, все еще немного осталось, если вы, ребята, хотите сегодня вечером"
0,Не из этого кампуса. Вы в библиотеке?
0,"Аффидевит говорит & lt;#& gt;  E Twiggs St, Division G, Courtroom & lt;#& gt; , & lt; время & gt;  ЯВЛЯЮСЬ. Я дважды проверю и напишу вам снова завтра"
0,Как я буду ползть на тебя сейчас? ; _;
0,"Расскажите своим друзьям, что вы планируете делать в День Святого Валентина @ & lt; url & gt;"
0,"Если я доберусь до тебя после твоих десяти миллиардов звонков и текстов, так что помоги мне Богу"
0,"Чистота дружбы между двумя не о улыбке после прочтения перенаправленного послания ... это о улыбке, просто увидев имя. GUD EVNG MUSTHU"
0,"Я сказал ему, что вернул это. Что я должен заказать это."
0,"Домашняя-убийца, потому что мужчина был убит на & lt;#& gt; Январь .. как государственный праздник, все правительство."
0,"Зависит от того, куда ты идешь."
0,"И улыбнись мне прямо сейчас, когда ты пойдешь, и мир будет удивляться, о чем ты улыбаешься, и думаешь, что ты сумасшедший и держись подальше от тебя ... *Уплотняется *"
1,Freemsg> любимые рождественские тона! Ответьте настоящим
0,Lil Fever :) Теперь хорошо :)
0,"Я думаю, что все еще в моей машине"
0,Не может?
1,Только декабрь! Были ли ваши мобильные 11 метров+? Вы имеете право на обновление до последней цветной камеры мобильного телефона бесплатно! Позвоните в мобильное обновление CO бесплатно 08002986906
0,"Да, принцесса! Я хочу поймать тебя своими большими сильными руками ..."
0,"О да, я забыл. Вы можете взять только 2 покупки одновременно."
0,"Мм, так что вы попросили меня не звонить по радио"
0,"Думайте о ком -то, это хорошо. Нет лекарств для этого"
0,"Скажи это медленно.? Боже, я люблю тебя & amp; Ты мне нужен, очистишь мое сердце твоей кровью. Получите это десяти особым людям и amp; U C Miracle завтра, сделайте это, пожалуйста, пожалуйста, сделайте это ..."
0,"Наслаждайтесь душем, налитыми на вас любимыми, BCOZ в этом мире лжи, это золотой подарок, чтобы быть по -настоящему любимым .."
0,"Хорошо, если ты уверен, дай мне знать, когда уйдешь"
0,Некоторые длится целых 2 часа. Вам может повезти.
0,"Гений, что случилось. Как твой брат. Пожалуйста, отправьте свой номер в мой скайп."
1,"GR8 Poly Tones 4 All Mobs Direct 2u Rply с титулом Poly на 8007, например, Poly Beatch1 Названия: Crazyin, Sleepwith, Finest, YMCA: Getzed.co.uk Pobox365O4W45WQ 300p"
0,Через некоторые из них находят wtc слишком далеко ... Вейи не уходи ... e rest i no dunno ... r ur ur in nunice den Я мог бы присоединиться ...
0,"Не забывайте, кто вас владеет частной собственностью ... и всегда будь моим хорошим мальчиком ... *страстным поцелуем *"
1,"Interflora - Еще не поздно заказать цветы Interflora на рождественский звонок 0800 505060, чтобы разместить заказ до полуночи завтра."
0,"О, боже .. набрал зубы? Это больно"
1,"Romcapspam, все вокруг должны хорошо реагировать на ваше присутствие, так как вы такие теплые и общительные. Вы делаете настоящий дыхание солнечного света."
0,Тогда ты попросишь Даррена иди и выберите тебя ... но я Осо Сьян Тмр Хаф 2 встречаю лекцию ...
0,Не нужно покупать для меня обед .. я ем Maggi Mee ..
1,"Поздравляю - благодаря хорошему другу, вы выиграли рождественский приз в 2000 фунтов стерлингов. 2 Утверждение легко, просто позвоните по номеру 08712103738! Только 10 пенсов в минуту. BT-National-Rate"
0,"ОК, Лор ..."
0,"О, верно, хорошо. Я позабочусь о том, чтобы я выполнял много работы в течение дня!  Сегодня у меня есть действительно неприятный кашель, и это сухой n выстрел, так что это действительно поможет!"
0,Жена. Как она знала время убийства точно
1,"Отправить логотип 2 Ураита - 2 имена, соединенные сердцем. Txt love name1 name2 mobno, например, любовь Адам Ева 07123456789 до 87077 Yahoo! POBOX36504W45WQ TXTNO 4 NO ADS 150p."
0,"How, это рассказ о людях"
0,Спасибо 4 отправить мне домой ...
0,Это обычно горячая почта. Ком видите!
1,"Вы выиграли TKTS в финале Кубка Euro2004 или 800 фунтов стерлингов, чтобы собрать звонок 09058099801 B4190604, POBOX 7876150PPM"
0,Ты больной все еще можешь пойти по магазинам?
0,"Я в порядке, они хорошо и хорошо., BBD (Pooja) Полные прыщи ... даже она становится довольно черной ... и у вас здесь, слишком холодно, носить Sweatter .."
0,Nice.nice. Как это работает?
0,"1 о досягаемости, позвони мне."
0,Пытались найти здесь китайское продуктовое место
0,"Легкий приятель, * Угадай, быстрый напиток был немного амбициозен."
0,"Детка !!! Я miiiiiiissssssssss вам! Ты мне нужен !!! Я жажду тебя !!! :-( ... ладно ... мне так грустно без тебя, детка ... я люблю тебя ..."
0,"ОК, спасибо ..."
0,"аати .. где ты, дорогая .."
0,"Тунджи, как королева? как дела. Это просто желаю вам отличного дня. Абиола."
0,"Сегодня днем ​​желтой розы. Если ты любишь, мой frndship, дайте мне 1 Misscall & amp; Отправить это UR frndz & amp; Посмотрите, сколько вы звоните. Если ты получишь 6missed, ты женишься на твоем любовнике."
0,Будет вне класса через несколько часов. Извини
0,Что ты закончишь твою лекцию сегодня?
1,"Free-Message: Jamster! Получите сумасшедшую лягушку звук сейчас! Для Poly Text Mad1, для настоящего текста Mad2 до 88888. 6 сумасшедших звуков всего за 3 фунта в неделю! 16+только! T & C применяются"
0,"Печальная история о человеке - на прошлой неделе был мой день. Моя жена не пожелала мне. Мои родители забыли n, как и мои дети. Я пошел на работу. Даже мои коллеги не хотели. Когда я вошел в свою каюту, мой PA сказал: «Счастливого босса по дню !!». Я чувствовал себя особенным. Она спросила мне 4 обед. После обеда она пригласила меня в свою квартиру. Мы пошли туда. Она сказала: «Вы не возражаете, если я пойду в спальню на минуту? '' '' OK '', я сдался в сексуальном настроении. Она вышла из 5 минут лат в пироге ... и моя жена, мои родители, мои дети, мои друзья из моих коллег. Все кричат ​​.. сюрприз !! И я ждал на диване .. ... ..... 'голый ...!"
1,"Ваш шанс быть в реальности Fantasy Show Show Shall Now = 08707509020 только 20 пенсов за мин NTT Ltd, PO Box 1327 Croydon CR9 5WB 0870 - это национальный = ставка"
0,"Она в порядке. Приятно слышать от тебя. Как дела, моя дорогая? С Новым годом, о."
0,Собираетесь ли вы сегодня на интервью Wipro?
0,Какого роста у вас принцесса?
0,"Я сомневаюсь, что вы могли бы справиться 5 раз в ночи в любом случае ..."
0,"Ха -ха ... надеюсь, ü может услышать звук квитанции ... Удача!"
0,"Ты будешь смертью, если я. Я оставлю записку, в которой говорится, что все вина грабит. Отомстить за меня."
0,"Японская пословица: если можно это сделать, вы тоже можете это сделать, если никто не может этого сделать, вы должны сделать это индийскую версию: если можно это сделать, пусть он сделает это .. Если никто не может это сделать, оставьте это !! И, наконец, версия Кералы: если можно это сделать, остановите его делать ... если никто не может сделать это, сделайте удар по этому поводу ..."
0,"Сегодня я не работаю, но не бесплатно, Осо ... дела ..."
0,"В жизни, когда вы сталкиваетесь с выбором, просто бросайте монету, не потому, что речь идет о вопросе, но в то время как монета в воздухе вы узнаете, на что надеется ваше сердце. Gudni8"
0,"Вы знаете, почему Бог создал разрыв между вашими пальцами ..? Так что тот, кто создан для вас, приходит & amp; Заполняет эти пробелы, держа руку любовью ..!"
0,"Я хочу быть там, чтобы поцеловать тебя и почувствовать тебя рядом со мной"
0,"Я совсем не доволен тем, что вы говорите или делаете"
1,Взрослый 18 контент ваше видео будет с вами в ближайшее время
0,"Хорошо, это было бы прекрасно, если бы ты уверен. Подумайте о том, что вы хотите сделать, выпить, танцевать, есть, кинематографист, в, о ... до вас! Wot о?"
0,"Я говорю, что если вы не сказали Норе, я знаю кого -то, кого я, вероятно, просто не буду беспокоиться"
0,Он говорит привет и вернуть вашу задницу в Южную Тампу (желательно у кеггера)
0,Смит тратит впустую да. я хочу Гейл.
0,"Мама, я отправил вам много сообщений с тех пор, как попал сюда. Я просто хочу знать, что вы на самом деле их получаете. Наслаждайся остальной частью дня."
0,"Aight, завтра вокруг & lt;#& gt;  это"
0,"Домашняя-убийца, потому что мужчина был убит на & lt;#& gt; Январь .. в качестве государственного праздника все правительство. Внедрение закрыта, в том числе почтовое отделение .. понял?"
1,"Ваш шанс быть в реальности Fantasy Show Call Now = 08707509020 только 20 пенсов за мин NTT Ltd, PO Box 1327 Croydon CR9 5WB 0870 - это национальный = ставка."
0,"Я на самом деле это сделал впервые за время. Я ложился спать вскоре после того, как поговорил с тобой. Проснулся в 7. Как прошла твоя ночь?"
0,Увидимся там!
0,Я не понимаю твоего сообщения.
0,Распестои - это c. Вы должны были сказать мне ранее.
0,"Я не знаю. Вы продолжаете говорить, что вы не, но так как он переехал, мы продолжаем охватывать головы над свободой против ответственности. И я устал. У меня так много другого дерьма, чтобы справиться с тем, что я едва держу себя вместе, как только это будет добавлено."
0,"Черт возьми, Сидар Ки и трахни ее (все равно иди, хотя)"
0,"Двадцать последнее пять он сказал, что этот поезд уже был в Дареме или нет, потому что я нахожусь в зарезервированном месте"
1,"Привет, мальчики. Хотите горячие XXX фото отправлены Direct 2 UR Phone? TXT порно до 69855, 24 часа бесплатно, а затем всего 50 пенсов в день. Чтобы остановить текст stopbcm sf wc1n3xx"
0,Ты все еще рисуешь свою стену?
1,"Последний шанс! ТРЕБОВАНИЕ ВАУ ВАРОСНЫЕ ВАУЧЕРЫ СИДА БОЛЬШЕ! Текстовый магазин до 85023 сейчас! Савамоб, предлагает мобильный! T CS SAVAMOB POBOX84, M263UZ. 3,00 фунтов стерлингов. 16"
0,Принтер крутой. Я имею в виду гнойно. Вино наносит канавку
0,Аренда Hi Harish была переведена в UR ACNT.
0,"Что -нибудь, она придет?"
0,CBE действительно хорош в настоящее время :)
0,Ü Все еще посещаете разговоры?
0,"Нет проблем, дорогая! Как ты делаешь Мо?"
0,K Я позабочусь об этом
0,"Я понимаю, что у нас не было телефона в пятницу. Можем ли мы предположить, что у нас не будет этого в этом году сейчас?"
0,Моя батарея низкая детка
0,"Shuhui купил подарок Рона, это часы Swatch ..."
0,"Да, осталось немного, я заканусь завтра, когда встачу"
0,"Детка? Вы сказали 2 часа, и это было почти 4 ... ваш интернет падает?"
0,"K Я обязательно встаю до полудня и посмотрю, что есть"
0,K ... K ... вчера я был в CBE.
0,Пошел в магазин платьев Ganesh
1,"PDATE_NOW - двойные минуты и 1000 TXT на апельсиновых тарифах. Последние Motorola, Sonyericsson & Nokia & Bluetooth бесплатно! Call MobileUpd8 по телефону 08000839402 или Call2optout/! YHL"
0,"Ü Сбор вашего ноутбука, а затем собирается настроить настройки DA Izzit?"
0,Если вы будете домой
0,"Aight, я должен быть там, а не 8, вероятно, ближе к 7. Джей и Тайлер вниз или мы должны просто совершить две поездки?"
0,Приходите Aftr & lt; Decimal & gt; .. теперь я убираю дом
1,"Ваша денежная баланс в настоящее время составляет 500 фунтов-чтобы максимизировать UR Cash-In, теперь отправьте деньги на 86688 только 150p/msg. CC: 08718720201 PO Box 114/14 TCR/W1"
0,"Билл, как в: Есть ли для меня какие -нибудь письма. Я ожидаю одного от Orange, который не является счетом, но все еще может сказать на него апельсин."
0,"Скажи мне, Па. Как боль де."
0,"Привет, дорогая, я надеюсь, что у тебя была хорошая ночь, я бы хотел, чтобы я не мог дождаться, чтобы увидеть, как ты любишь Фрэн Пс, я хочу грязный анальный секс, и я хочу банд с 10 мужчинами"
0,"Ха Вы тоже не знаете. Я сделал умную, но простую вещь с грушами на днях, идеально подходящей для Рождества."
0,Черт возьми ... Проснись ..! «Сладкое» «утреннее» «приветствует» «тебя» «наслаждается» «в этот день» с полной радостью »..« Gud Mrng ».
0,Альрит
0,"Почему мы должны сидеть и ждать летних дней, чтобы отпраздновать. Такое волшебное зрелище, когда миры, одетые в белое. Оооооо, пусть будет снег."
1,СРОЧНЫЙ! Ваш номер мобильного телефона был награжден гарантированным призом в 2000 фунтов стерлингов. Позвоните 09058094454 от земли. Требование 3030. Действительно только 12 часов
0,"Как вы, ребята, ходите посмотреть фильмы на вашей стороне."
0,"Извините, на встрече я позвоню позже"
0,Тебе не нужно было сказать мне это ... теперь я думаю. Плюс он остановит все ваши пробежки
0,Любезно отправьте кого -нибудь в нашу квартиру раньше & lt; Decimal & gt;  сегодня.
1,Извини! Вы еще не можете отписаться. Пакет Mob Presest имеет мин срока 54 недели> PLS запрос на повторный порядок после истечения срока действия. Ответьте Themob Помощь 4 Подробнее
0,"Ничего, лор ... тоже немного скучно ... потом ты иди домой рано 2 Сон сегодня ..."
0,В какое время я должен сказать своему другу быть рядом?
0,Да. Это будет хорошо. Люблю тебя. Быть в безопасности.
0,"Спасибо, Чикку .. :-) GUD NYT:-*"
0,"XY в вашей машине, когда вы меня поднимаете?"
0,"Спасибо 4 Время, которое мы потратили 2geva, его мята! Ты мой ребенок и все, что я хочу, это ты! Xxxx"
0,"Эй, как бы мы могли что -нибудь забрать сегодня вечером?"
0,Я не отправил это. Он может прислать меня.
0,"Хорошо, я просто сижу."
0,"Божий дар для птиц, как людей, имеет какой -то естественный дар от Бога .."
0,Вы приходите в день на занятия.
0,Я задолбался. Просто изучение в библиотеке
0,Хорошо ... тебе нравится твои шоу ...
0,Что-либо...
0,"Где я буду без ребенка? Одна мысль только разбивает меня, и я не хочу сойти с ума, но каждый буйна нуждается в своей леди xxxxxxxx"
0,"Ват мой дорогой? Спать, а?"
0,Привет 'Тест на & lt;#& gt; rd ....
0,"Только 2% студентов решили этот вопрос CAT в «Xam ... 5+3+2 = & lt;#& gt;  9+2+4 = & lt;#& gt;  8+6+3 = & lt;#& gt;  Тогда 7+2+5 = ????? Скажи мне ответ, если ты блестящий ... 1thing.i получил d ответа."
0,"Йо, ты знаешь кого -нибудь,#& gt;  или в противном случае можно купить ликер? Наш парень сложился и прямо сейчас, если мы не получим кого -то, это всего лишь 4 локо всю ночь"
0,"Да, ее френал. Я встречаюсь со своим безумным в 730."
0,"Да, у нас есть один выстроен для нас"
0,"И перестань задаваться вопросом: «Ух ты, она когда -нибудь остановит меня?!» Потому что я буду твоим, когда захочу, потому что ты мой ... *смеется *"
0,"Лол да, сделал это вчера. Уже получил свой камин. Теперь это просто еще одна иконка, сидящая для меня."
0,"Эй, я уже забронировал урок пилатеса и йоги ... ха -ха"
0,"Ты в порядке. Что случилось так, как это"
1,"У вас есть 1 новое сообщение. Пожалуйста, позвоните по телефону 08712400200."
0,"Мой руководитель нашел 4 меня, я получил его ученики. Я еще не спрашиваю ее. Скажи тебе, я спрашиваю ее."
0,"Привет. Нет новостей на работе, они заставляют меня ждать пятой недели! Да, я готов к некоторым ухам и ласкам ... в Эксетере все еще, но будь дома около 3."
0,Нет сообщения .. нет ответа .. что случилось?
1,"В настоящее время у нас есть сообщение, ожидающее вашей коллекции. Чтобы собрать ваше сообщение, позвоните по телефону 08718723815."
0,"Эй, детка, извини, я не стал раньше. Гэри может прийти и исправить это, потому что он думает, что знает, что это такое, но он не заходит на PTBO, и он говорит, что это будет стоить &#& gt;  Бакс Я не знаю, может ли быть там дешевле? У нас сейчас нет никаких подержанных машин, дайте мне знать, что вы хотите сделать, детка"
0,Сделай это 3! 4 трахается?! х
0,Оставить это. Ты всегда будет невежественным.
0,"Нет, но я буду на 2 SCH на пт довольно рано, потому что у Mys Sis есть бумага в Da Morn :-)"
0,в Bruce B Downs & amp; Флетчер сейчас
0,"Где ты ? Вы сказали, что будете здесь, когда я проснулся ... :-("
0,"Эй, теперь я свободен, ты можешь позвонить мне."
0,"Скажи мне, что это, пожалуйста :-)"
1,СРОЧНЫЙ! Ваш мобильный телефон получил приз в размере 1500 фунтов стерлингов 27.06.03. Наша последняя попытка 2 Свяжитесь с вами! Звоните 08714714011
0,"Думаю, мне, возможно, придется пропустить. Я преподаю до двенадцати лет, а затем прохожу лекцию на двоих. Черт возьми, это рабочее дело."
0,"Я должен проверить, но осталось всего 1 миску"
0,"Да, было много сладостей"
0,"Я бы был бы, но я все еще уютный. И измотан с прошлой ночи. Nobody пошла в школу или на работу. Все закрыто."
1,"У тебя есть секретный поклонник. Раскрыть, кто думает, что ты такой особенный. Позвоните по номеру 09065174042. Отказаться от ответа, выявить остановку. 1,50 за MSG Recd. CUST CARE 07821230901"
0,"Узло! * Ухмыляется* Я гул твою задницу? Гудеть грудь? Гул свой член? Где вы держите свой телефон? Вибратор включен? Вы чувствовали, что это дрожит?"
0,"Сэр отправил в группу почту, проверьте это."
0,Я делаю DA Intro охватывает энергетические тенденции и в минусах ... Краткое описание ядерного слияния n Oso Краткая история Iter N Jet получила 7 N Later Pages ..
0,Нет! Нигде я не могу дискритировать! Дерьмовый
0,"Ты не знаешь, что Джабо меня Аби."
1,"Вы когда -нибудь замечали, что, когда вы едете, кто -нибудь идет медленнее, чем вы идиот, и все ехали быстрее, чем вы - маньяк?"
0,"Еще не имел ... тетушка Сапна Манеж, ты, хогдхэ, полный слабый и черный агидхан Свальпа .."
0,"Ты в порядке, детка? :)"
0,NEFT Transaction с контрольным номером & lt;#& gt;  для рупий & lt; Decimal & gt;  был зачислен на учетную запись бенефициара на & lt;#& gt;  at & lt; время & gt; : & lt;#& gt;
0,"В основном спортивный тип .. Lyk Footbl, Crckt .."
0,"Ma Head Dey Swell Oh. Спасибо, что сделали мой день"
0,Ты должен составить список ФБ
0,"Высота уверенности: все профессора аэронавтики были Calld & amp; Они просили 2 сидеть в самолете. А так они сидели, они сказали, что самолет, сделанный их учениками. Dey All вышел из D -самолета .. Bt Только 1 не двигался ... он сказал: «Если это сделано моими учениками, это даже не начнет ........ Доверие Датца .."
0,"Сарри просто нужен Тим в болксе, и это очень больно, поэтому он менял мне!"
0,С Новым годом принцесса!
0,"Я напишу Карлосу и дам тебе знать, держись"
0,"Не волнуйтесь, * легко иметь ингредиенты!"
0,"Я люблю тебя 2, мой маленький поэо -колокол, мне жаль, но я люблю тебя"
0,"ОК, ом, ты в Касторе?"
0,Яр Лор ... Продолжайте дождь без остановки ... Или вы не выходите в другое место?
1,"Рождественское предложение! Последние Motorola, Sonyericsson & Nokia & Free Bluetooth или DVD! Двойные минуты и 1000 TXT на Orange. Call MobileUpd8 по телефону 08000839402 или Call2optout/4qf2"
0,"Что ты имеешь в виду, ты почти сделал? Готово спят? Но я собираюсь вздремнуть .. да, я посылаю ей Ляо, так что я поднимаю ее в ARD 4 Smth Lor .."
0,"7 чудеса в моем мире 7 -й ты 6 -й стиль, 5 -й твоя улыбка, 4 -я личность 3 -я природа, 2 -й ур смс и 1 -й ""твоя прекрасная дружба"" ... доброе утро, дорогой"
0,"Сегодня вечером? Да, я бы был за это"
0,Что мне съесть для обеда сеньор
0,"Он сказал, что у него был правильный хихиканье, когда увидел тебя снова! Вы, возможно, станете первым человеком 2die от NVQ, но подумайте, сколько вы могли!"
0,Нет времени перерыва ... как ... я выхожу и получаю свои вещи от Флэк?
1,"Ответьте, чтобы выиграть 100 фунтов стерлингов в неделю! Какой профессиональный вид спорта играет Тайгер Вудс? Отправить остановку на 87239, чтобы закончить обслуживание"
0,"Я там и вижу тебя, но ты не видишь меня? Может, вам следует перезагрузить YM? Я видел гул"
0,У тебя еще есть шлифовальный шлифовальный отверстие?
1,Нет 1 полифонический тон 4 Ур -толпа каждую неделю! Просто TXT PT2 до 87575. 1 -й тона без тона! Так что возьмите TXTIN сейчас и расскажите своим друзьям. 150p/тон. 16 Ответ HL 4INFO
0,"Любовь - это не решение, это чувство. Если бы мы могли решить, кого любить, тогда жизнь была бы намного проще, но тогда менее волшебно"
1,"Hot Live Fantasies Call Now 08707509020 только 20p за мин NTT Ltd, PO Box 1327 Croydon CR9 5WB 0870 - это национальный звонок"
0,К. Я не увидел тебя.
0,Так что я составляю список покупателей.
0,"Не знаю, я думаю, мы разберемся через час после того, как мы должны уйти, так как, как обычно, никто не заинтересован в том, чтобы выяснить дерьмо до последней секунды"
0,"ММ не совсем уверен, что понял этот текст, но эй. Хо Какие выходные?"
0,"Они выпустили рубашки vday, и когда вы накладываете их, делает ваше дно наполовину обнаженным, а не белое нижнее белье."
0,ДОН ЗНАЕТ .. он смотрит фильм на компьютере ..
0,Нет B4 в четверг
0,"О, тогда твой телефон позвонил мне, но он отключен"
0,"ID Onluy имеет значение, когда вы будете"
1,Это сообщение бесплатно. Добро пожаловать в новый и улучшенный клуб секса и поднятия! Отказаться от подписки от этой службы Ответ остановка. MSGS@150p 18+только
0,"Отлично, я посмотрю, какие планы Райли"
0,Я увижу за полчаса
1,"Вы выиграли TKTS в финале Кубка Euro2004 или 800 фунтов стерлингов, чтобы собрать звонок 09058099801 B4190604, POBOX 7876150PPM"
0,"Эв, ты один из них?"
0,"Также привет Уэсли, как ты был"
0,"Ах, вы видите. Вы должны быть в жаргоне. Я дам вам знать, что на Земле это, когда закончил это сделать!"
1,Кредит на любую цель 500 - 75 000 фунтов стерлингов. Домовладельцы + арендаторы приветствуются. Вас ранее отказались? Мы все еще можем помочь. Позвоните бесплатно 0800 1956669 или отправьте сообщение «Помощь»
1,Update_now - 12mths половина цены Аренда апельсина: 400 минут ... Call MobileUpd8 по телефону 08000839402 или Call2optout = j5q
0,"Представьте себе жизнь без меня ... видите .. как быстро вы меня ищете? Не волнуйтесь .. L'M всегда там, чтобы беспокоить вас .. Goodnoon .. :)"
0,"HM Доброе утро, головная боль кто -нибудь? :-)"
0,"Да, нет проблем - прошлая ночь явно догоняет вас ... Говорите скоро"
1,"Бесплатный неограниченный хардкорный порно -прямой 2 Мобильный порно TXT до 69200 и получить бесплатный доступ в течение 24 часов, затем chrgd@50p в день TXT Stop 2Exit. Этот MSG бесплатный"
0,Я мог бы пойти 2 Sch. Яр в E Salon теперь v Boring.
0,"& lt;#& gt;  Минс, но мне пришлось где -то остановиться в первую очередь."
0,"& lt;#& gt;  быстро приближается. Итак, желаю вам счастливого Нового года Счастливого Санкранти Счастливого Дня Республики Счастливого Дня Святого Валентина Счастливого Шивратри Счастливого Угади Счастливого Дня дураков Счастливого Дня Май Счастливого Дня Независимости, Счастливой дружбы, Мать, Отец, Учителя, День детей, и амп; С Днем Рождения 4 U. С праздником Ganesh Happy Dasara счастливого Дивали счастливого Рождества & Lt;#& gt;  Доброе утро после обеда, вечера вечера. Помни, я первый, кто пожелал тебе все это ... твой Радж"
0,"Одна из радостей в жизни просыпается каждый день с мыслями о том, что какое -то дело достаточно, достаточно теплое утреннее приветствие .. -"
0,Я не получил вторую половину этого сообщения
0,Что ты время 2 встретишь меня позже?
0,"Я очень благодарю вас за все, что вы делаете с самоотверженностью. Я тебя много люблю."
0,"Я в кино, я позвоню тебе позже."
0,Как ты посмел изменить мое кольцо
0,Вы очень -очень -очень -очень плохая девушка. Или леди.
0,"Я тоже люблю тебя, но постараюсь лучше сдать свои деньги, детка. Гэри будет волноваться, если бы знал"
0,Какая часть «не инициативы» не понимает
0,Я уже закончил обед. Ты уже просыпаешься?
0,Вы все еще в игре?
0,"Вы выросли, но вы тратите."
0,Какова ваша запись на одну ночь? :)
0,"Также сэр, я отправил вам электронное письмо о том, как войти в платежный портал USC. I.ll отправьте вам еще одно сообщение, которое должно объяснить, как все вернулось домой. Удачных выходных."
0,"Собираюсь, дайте мне знать, потому что в тот день придет Бак из праздника.  идет. Не 4get2text меня номер."
0,"Jokin только Lar ... :-) зависит от того, какой телефон мой отец может получить LOR ..."
0,"Aight, я знаю, что случилось"
0,Будьте готовы к & lt;#& gt;  дюймы удовольствия ...
0,"Раджи .. плс сделаю мне одолжение. Пожалуйста, передаю мои пожелания дня рождения Нимью. Плс. Сегодня ее день рождения."
0,;-) хорошо. Я чувствую себя Джоном Ленноном.
0,"Потому что Даррен сказал, рассмотрим, что я спрашиваю ..."
0,"Ты не беспокоишь меня, но ты должен доверять моим ответам. Плс."
0,"Желаю вам и вашей семье весело ""X"" MAS и с новым годом заранее .."
0,"Однажды на морском берегу бегал краб ... волны пришли и очистили следы краба. Крэб спросил: будучи моим Фрндом, вы очищали мои прекрасные следы? Волны ответили: лиса следила за вашими следами, чтобы поймать вас! вот я я очистил :) frndsship никогда не позволяет вам DWN :-) Gud NYT .."
0,"В какое время вы хотите, чтобы я пришел?"
0,Slaaaaave! Где ты ? Должен ли я призывать тебя все время все время? Вы больше не хотите прийти ко мне самостоятельно?
0,"Ваш счет в 3 - 33,65 фунтов стерлингов, так что это неплохо!"
0,"Дайте мне знать, как это изменится в следующие 6 часов. Это может быть даже приложение, но вы вышли из этого возрастного диапазона. Однако это не невозможно. Так что просто расслабься и дай мне знать за 6 часов"
0,"Здравствуйте, да, я только что вышел из ванны и должен был сделать волосы, так что я приду, когда я закончу, да?"
0,Так как там погода?
0,"Хорошо. Однако здесь не так много дел. H & M Пятница, не могу дождаться. Не знаю, что, черт возьми, я собираюсь сделать еще 3 недели! Станьте неряшкой- ох, подождите, уже сделал это!"
0,Умри ... теперь у меня снова есть e toot fringe ...
0,"LOL они не знают о моем потрясающем телефоне. Я мог бы нажать Delete прямо сейчас, если захочу."
0,Хорошо
0,"Потрясающий вопрос с милым ответом: кто -то спросил мальчика: «Как твоя жизнь?» Полем Полем Он улыбнулся & amp; ответил :. Полем ""Она в порядке!"" Гуднит"
0,"Пожалуйста, оставьте эту тему .. о себе за то, чтобы рассказать об этом .."
0,"Пожалуйста, пришлите мне правильное имя да."
0,Что случилось с нашим свиданием?
1,Eastenders TV Quiz. С каким цветом дот сравнивается себя? D = фиалка E = tulip f = lily txt d e или f до 84025 Теперь 4 шанс 2 выиграть 100 фунтов стерлингов Wkent/150p16+
0,Веб -страница S недоступна!
0,"Просто проснулся. Да, это поздно. Но я не заснул, чем,#& gt; являюсь :/"
1,Теперь вы отписаны все услуги. Получите тонны сексуальных малышей или ханков прямо на телефон! Перейдите на http://gotbabes.co.uk. Нет подписок.
0,"Уважаемые все, как мы знаем & lt;#& gt; th & lt;#& gt; День рождения нашего любящего Гопалеттана. Мы планируем сделать небольшой подарок в тот день. Те, кто любит участвовать в этом, добро пожаловать. Пожалуйста, свяжитесь с нашей командой администратора для получения более подробной информации"
0,K..K ... с завтрашнего дня начался ах?
0,"Что ты говоришь рано утром? Это почти полдень, где ты в!"
0,Отлично. Ты помнишь меня.
1,"Привет, детка, это Джордан, как ты? Я дома из -за границы и одинокой, напиши мне обратно, если вы хотите поговорить xxsp visionsms.com Текстовая остановка, чтобы остановить 150p 08712400603"
0,Хорошо. Сколько мне следует купить.
0,"Звучит хорошо, держите меня в курсе"
1,"Получите совершенно новый мобильный телефон, будучи агентом толпы! Плюс больше вкусностей! Для получения дополнительной информации просто напишите на 87021."
0,"Хорошо. Итак, апрель. Не могу дождаться"
0,"Мальчик, ты лучше всего задницу"
0,Ай Вана встречается на SAT? Ü WKG на SAT?
0,"Я сейчас, но мне придется подождать до 2, чтобы автобус, чтобы выбрать меня."
0,"Помимо того, о чем я сказал вам вчера?"
0,"ОК, лор ... но купить ват?"
0,Кто -то должен пойти в Андрос и украсть лед
0,Дон знает. Я недавно его не сделал.
0,"Убери нас по магазинам, и Марк отвлечет Исаию. = D"
0,"Мама, надеюсь, у тебя отличный день. Надеясь, что этот текст встретится с вами хорошо и полон жизни. Хорошего дня. Абиола"
0,В моей ноге и пенисе нет смысла.
0,"Хорошо, но я думал, что ты был экспертом"
0,"* глубокий вздох* ... Я скучаю по тебе :-( ... я действительно удивлен, что ты еще не пошел в сетевое кафе, чтобы добраться до меня ... Разве ты не скучаешь по мне?"
0,S.S :) Я тонкая роль похожа на Сачин. Просто стоит. Другие должны ударить.
0,"Удачной поездки в Индию. И принесите свет всем не только с проектом, но и со всеми, кому повезло, что вы улыбаетесь. Пока. Абиола"
0,"И очень важно, что все, что мы обсуждаем, только между тобой и я."
0,K..K :) Как насчет вашего тренировочного процесса?
0,"ОК Лор. Я ned 2 иди на то, что выпейте 4 a white 2 return smth u wan 2 отправить меня туда или что?"
0,На автостоянке DA
0,"Я бы хотел, чтобы я был с тобой. Крепко держа вас. Заставляя вас увидеть, насколько вы важны. Как сильно ты значит для меня ... Насколько ты мне нужен ... в моей жизни ..."
0,"Поэтому я спросил, как Энтони. Папа. И твой парень"
0,"Wnevr я вана в luv vth, мои книги, мои кровать фальс в luv vth me ..! ''. Йен Мадоду, Нави Прецоргинта, Намманна Претсовру ВАЖНО АЛВА .... !! :) GUD EVEB-)."
0,Что сегодня-воскресенье .. по воскресенье-праздник .. так что нет работы ..
0,"Я собираюсь принять ванну, плохо поместите ключ в окне :-)"
1,Властелин колец: возвращение короля в магазине сейчас! Ответьте LOTR до 2 июня 4 Sance 2 Win Lotr Soundtrack CDSTXTrate. Ответить остановитесь до конца txts
0,"Дорогой, береги себя. Я просто добираюсь до дома. Я много тебя тебя не могу."
0,Staff.science.nus.edu.sg/~phyhcmk/teaching/pc1323
0,"Вы эмигрировали или что -то в этом роде? Хорошо, может быть, 5,30 был немного надежды ..."
0,"Олол я распечатал сообщение на форуме парнем с такой же проблемой, которая была зафиксирована с заменой графического процессора. Надеюсь, они не игнорируют это."
0,Мы шли от моих мам. Прямо на провале Стагвуда прямо на Винтерстоуне налево на холме Витерс. Адрес: & lt;#& gt;
0,"Эй, ты в JP и голодны, как мофо?"
0,Это все просто жутко и безумно для меня.
0,"Хорошо ... я чувствую, что я получаю мсг ..."
0,"Tessy..pls сделаю мне одолжение. Пожалуйста, передайте мои пожелания на день рождения Нимья .. PLS DNT забудьте об этом. Сегодня ее день рождения Шиджас"
0,Pathaya enketa maraikara pa '
0,"Даже если он мой друг, он сейчас священник, позвонит ему"
0,"Ты такой паршивый, беги уже вернись, тогда наполовину мертвый ... Хи ..."
0,"Это я сказал, что это плохо, что все, что знают тебя ... как ты делаешь сейчас?"
0,Или напомнить мне за несколько часов.
0,"Я надеялся, что мне не придется отправлять вам это сообщение. Моя арендная плата должна, и мне не хватает этого. Мои резервы полностью исчезли. Это кредит, который мне нужен, и надеялся, что вы сможете ей. Баланс -#& gt; Полем Есть ли способ, которым я мог бы получить это от вас, до середины марта, когда я надеюсь заплатить."
0,"Привет. С Новым Годом. Я не хочу вторгаться, но вы можете, пожалуйста, сообщите мне, сколько платы за обучение вы заплатили в прошлом семестре и сколько это семестр. Спасибо"
0,"Привет, хун, как ру? Это здесь, кстати. Я в порядке. Был на 2 свиданиях с тем парнем, которого я встретил в Walkabout. Мы должны встретиться в ближайшее время. Как все остальные?"
0,"Лол, я собирался в прошлом месяце. Я обналичил немного, но я ушел & lt;#& gt; на всякий случай. Я собирал больше в течение недели, потому что они объявили об этом в блоге."
1,Удачи! Розыгрыш состоится 28 февраля. Удачи! Для удаления отправить остановку на 87239 службы клиентов 08708034412
0,"Коротко, но мило: «Будь хорошим человеком, но не пытайтесь доказать» ..... Gud Mrng ..."
0,"Просто не решил, где еще а?"
0,"Что время, Ляо, где все еще"
0,"Да, смотрю Footie, но беспокоитесь, что мы собираемся взорвать это - Фил Невилл?"
0,Я жду 4 ü на автостоянке да ...
0,Дядя Аббатство! С Новым Годом. Абиола
0,Теперь я бесплатно позвони мне.
0,"Вы говорите, что я должен заказать тапочки, потому что я должен был заплатить за возвращение его."
0,Перестань знать меня так хорошо!
0,Добрый вечер! Это Роджер. Как вы?
0,Небольшая проблема на аукционе :) Пендж теперь спрашивает Tiwary
1,"Бесплатный вход в 2 в неделю, чтобы получить шанс выиграть iPod. TXT POD до 80182, чтобы получить вход (STD TXT)."
0,Он говорит никому не говорить. Если так угостите мне привет привет
0,"Мои дяди в Атланте. Желаю вам, ребята, отличного семестра."
1,1 -й недель бесплатно! GR8 Tones str8 2 u каждый недель. TXT Nokia на 8007 для классических тонов Nokia или начиная с 8007 для Polys. Nokia/150p Poly/200p 16+
0,"Ты приедешь 2, выберите меня?"
0,Это круто. Мне понравились твои фотографии. Ты очень сексуален!
0,"Вы, черт возьми, поверили, что они не знали, что у меня был предварительно забронирован четверг, поэтому они снова отменили меня! это должно уволить"
0,"Ха -ха, лучше поздно, чем когда -либо, как я мог пройти мимо?"
0,Хорошо. Но я заканчиваю в 6.
1,"Lookatme!: Спасибо за покупку видеоклипа у Lookatme!, Вам было зачислено 35 пенсов. Думаешь, ты можешь сделать лучше? Почему бы не отправить видео в MMSTO 32323."
0,"Мне было запрещено из всех магазинов B и Q на всю жизнь! Это пиздовая в Orange Dungerees подходила ко мне и спросил, хочу ли я настил? Итак, я получил первый удар !!"
0,Так что нет сообщений. Была еда?
0,"Хорошо, иду спать. Надеюсь, я смогу встретиться с ней."
0,"Ват делает некоторых людей дороже - это не просто счастье, которое ты чувствуешь, когда встречаешь их, но ты чувствуешь, что ты чувствуешь, когда скучаешь по Дем !!!"
0,"Можете ли вы сообщить мне подробности пятницы, когда узнаете, потому что я не в Томе или Пт. упомянули китайцы. Спасибо"
0,"Ты прав, у меня есть сейчас, когда я думаю об этом"
0,Что ты делаешь сейчас?
0,Ура лекция закончилась?
1,"Сексуальная сексуальная сперма и напиши мне, я мокрый, теплый и готов к порно! ты собираешься повеселиться? Этот MSG - бесплатный Recd MSGS 150p INC НДС 2 Отменить текстовую остановку"
0,Место клиента я позвоню вам
0,"Еще не запланировано :) Собираюсь присоединиться к компании только 5 января. Дан знает, что произойдет после этого."
0,"Мальчик; Я люблю тебя GRL: Хоголо мальчик: Золотая цепочка Kodstini Grl: Agalla Boy: Ожерелье Madstini Grl: Agalla Boy: Hogli 1 Mutai Eerulli Kodthini! GRL: я люблю тебя, Кано ;-)"
0,"Ха -ха, я слышал, напиши мне, когда ты рядом"
0,И.
0,"Дерьмо, детка .. Таса немного испорчена."
0,"О, это поздно! Хорошо, спокойной ночи, и завтра я позвоню тебе. Я теперь пойду ко сну ночь ночью"
0,"Ураги, ты, ты, ты будешь запланировать! Да, Окден Ханни Р. Уин Вк? Держите обновления Countinlots Loveme XXXXX."
0,"Извините, на встрече я позвоню вам позже"
0,Йо! Как ты? Девочки никогда не звонили после Индии. Л
0,"Да, но это хуже для я"
1,Hard Live 121 чат всего 60p/min. Выберите свою девушку и подключитесь вживую. Позвоните 09094646899 сейчас! Дешевый чат Великобритания крупнейший живой сервис. VU BCM1896WC1N3XX
0,"Я пометил своих друзей, что вы, казалось, считали своими друзьями."
1,"Не слышал от U4 некоторое время. Позвоните 4 грубому чату частную строку 01223585334, чтобы кончить. WAN 2C Фотографии меня помахали, затем текстовый PIX до 8552. 2END Отправить остановка 8552 SAM XXX"
0,Хорошо...
0,Много времени. Ты помнишь меня сегодня.
0,"Не шоппинг сейчас, я только я приезжаю"
0,"Спасибо. Лучше тренироваться, потому что я буду чувствовать себя подержанным иначе"
0,"Вы готовы к вызову? Я знаю, что я есть :)"
0,Сколько стоил корпуса HDD UR.
0,"Тайна решена! Только что открыл мою электронную почту, и он прислал мне еще одну партию! Разве он не милый"
0,"Я не могу описать, как тебе повезло, что я на самом деле не спит к полудню"
1,"Это второй раз, когда мы пытались связаться с вами. Вы выиграли приз в размере 1450 фунтов стерлингов, чтобы претендовать только на звонок 09053750005 B4 310303. T & CS/Stop SMS 08718725756. 140PPM"
0,"Сегодня извини.! Если я когда -либо был злим на тебя, если я когда -нибудь плохо себя вводил или причинил тебе боль? пожалуйста, пожалуйста, просто пощечитесь, bcoz, это ваша вина, я в основном хорошо"
0,Приветствия за карту ... это уже время года?
1,"Hot Live Fantasies Call Now 08707509020 только 20 пенсов за мин NTT Ltd, PO Box 1327 Croydon CR9 5WB 0870..K"
0,"Когда люди видят мои MSG, они думают, что я зависим от MSGING ... они не правы, они не знают, что я зависим от моих милых друзей .. !! Bslvyl"
0,"Надеюсь, что Asus ppl не делается случайным образом."
0,"Не видел мой Facebook, а? Ржу не могу!"
0,"Мах, я заберу его завтра"
0,Все еще otside le..u приходите 2 -й заменить Мага ..
0,"У тебя все еще есть сантехники и гаечный ключ, который мы могли бы одолжить?"
1,"Уважаемый держатель ваучера, чтобы претендовать на предложение этой недели, на вашем компьютере, пожалуйста, перейдите по адресу http://www.e-tlp.co.uk/reward. TS & CS применяется."
0,Это все труднее ..
1,"Ур, иди 2 Багамских острова! Callfreefone 08081560665 и поговорите с оператором в прямом эфире, чтобы претендовать на либо в Багамском круизе в размере 2000 фунтов стерлингов, всего 18+. Отказаться от TXT X до 07786200117"
0,"Еще не ждали, как обычно ... ü Вернись, Шардеди?"
0,На встрече да. Я позвоню тебе
0,K K :-) :-) Затем посмотрите несколько фильмов.
0,"Cinema Plus Drink Appose Tomo? * ОБРАЗОВАНИЕ ТРИДЕР ОТДЕЛЕНИЕ, КОТОРЫЙ ОЧЕНЬ НРАВИТСЯ В МАК в 8.30."
0,"Там размер таблеток слона, и ты засушишься на твою задницу !!"
0,"Так много людей, кажется, особенные с первого взгляда, но лишь очень немногие останутся для вас особенными до вашего последнего взгляда ... сохраняйте их до конца жизни .. возьмите CR DA"
0,"Мои родители, мой ребенок, мои друзья из моих коллег. Все кричат ​​.. сюрприз !! И я ждал на диване .. ... ..... 'голый ...!"
0,"Не знаю, я juz askin, потому что я получил карту, получив скидку 20% 4 за салон под названием «Чувство волос», так что я буду это, это один, подстригающий твои волосы."
0,"Доброе утро Pookie Pie! Лол надеюсь, я тебя не разбудил"
0,"Может быть, если бы вы проснулись до траха 3, это не будет проблемой."
0,С Днем Рождения тебя .... дорогой с большим количеством любви. Ракхеш Нри
0,"How, это рассказ о людях"
1,"Это второй раз, когда мы пробовали 2 контакта с. Вы выиграли 750 -фунтовый приз. 2 претензия легко, позвоните 08712101358! Только 10 пенсов за мин. BT-National-Rate"
0,X2 & lt;#& gt; Полем Ты собираешься получить это
0,"Привет, Нева, беспокойство о правде, потому что правда приведет меня 2 твое сердце. Это наименьший уникальный человек, как ты заслуживаешь. Спать крепко или утро"
1,"YU присудил городскому перерыву и смог выиграть летние покупки в 200 фунтов стерлингов в каждом неделе. TXT Store до 88039.skilgme.tscs087147403231winawk! Age16+£ 1,50perwksub"
0,Твоя бумага сегодня в утро или в корме?
0,Я лижу каждую каплю :) Вы также готовы использовать свой рот?
0,"А ты! Будет ожидать вас всякий раз, когда вы отправляете текст! Надеюсь, все пойдет хорошо, Томо"
0,Большой. P Diddy - мой сосед и приезжает за зубную пасту каждое утро
0,"Я новенький номер. Буду только использовать это, та."
0,"Так что каждый каждый день выплюнуть человека, что они учат вас в Канаде Аби! Как вы. Просто сказать привет."
0,7 lor ... изменить 2 suntec ... что вы приедете?
0,"Нет, не видя в интернет -магазине, поэтому я спросил."
0,"Просто любопытно, потому что мой Куз спросил, чем я занимаюсь"
0,Nice.nice. Как это работает?
0,"Хорошо, лор ... вау ... как это, они не отпустят нас ... ха -ха ... что они сказали в условиях?"
0,"Ха -ха ... да, надеюсь, мы потеряем несколько кг по понедельнику. После того, как хип -хоп может пойти в сад и взвесить"
0,Она хороша. Как вы. Где ты сейчас работает
0,"О, да, я только что был немного в погоде, так что я как бы коккунс дома"
0,Дома тоже.
0,У этого телефона есть самый странный автоматический правильный.
0,"Ой, мой телефон умер, и я даже не знал. Да, мне это нравится больше."
0,"Не спрашивал, можно ли 1 -й ват. Встреча 4 обед ден и его встреча может уже. Или вы Wan 2 Go Mok Da Ge 1 -й, затем подтвердите меня как можно скорее?"
0,"Она сказала: «Вы не возражаете, если я пойду в спальню на минуту? '' '' OK '', я сдался в сексуальном настроении. Она вышла на 5 минут лат в торте ... и моя жена,"
0,"Ах да, и отлично провести время в Ньюкей-Осени меня открыт!"
0,Мы получили развод. Ржу не могу. Она здесь
0,Что у твоя булавка?
0,"Детка, у тебя достаточно денег, чтобы забрать хлеб и молоко? И я верну тебе это, когда ты вернешься домой?"
0,Я хочу снег. Это просто замерзает и ветренен.
1,"СРОЧНЫЙ! Мы пытаемся связаться с U. Сегодняшним рисунком, которые вы выиграли гарантированную гарантированную приз в размере 2000 фунтов стерлингов. Позвоните 09066358361 от земли. Претендует на y87. Действительно только 12 часов"
0,Приходите на автобусную остановку Махал .. & Lt; Десятичный & gt;
0,Дон знает :) На этой неделе я собираюсь в Тирунелвай да.
0,"Я тоже, детка! Я обещаю относиться к тебе хорошо! Бьюсь об заклад, вы позаботитесь обо мне ..."
0,"Я думаю, что это похоже на игру в отель. Вы решаете головоломки в районе"
1,"Спасибо за заказ рингтона, ссылочный номер x29. Ваш мобильный телефон будет взиматься 4.50. Если ваш тон не прибудет, позвоните по службе клиентов 09065989180"
0,"Привет, моя любовь! Как дела в тот день? Черт возьми, сегодня утром я проснулся и бросил свою камеру по дороге по лестнице, но все в порядке ... * Фус * Я скучаю по тебе!"
0,"Ну, это должно быть боль"
0,"Извините, да Тангам. Это моя ошибка."
0,Мне нужно ... потому что я никогда раньше не шел
0,"Поднялся на красную, красную для крови, кровь для сердца, сердце для тебя. Но ты для меня .... Отправьте это всем твоим друзьям .. Включая меня .. Если я тебе нравлюсь .. Если ты вернешься, 1-й, бедный в отношениях! 2-u нужно немного 1, чтобы поддержать 3-u R frnd 2 Многие 4-Some1 luvs u 5+-А-1 молится Богу, чтобы жениться на тебе. :-) Попробуй ...."
0,Жена. Как она знала время убийства точно
1,"Шесть шансов выиграть деньги! От 100 до 20 000 фунтов TXT> CSH11 и отправьте на 87575. Стоимость 150 пенсов/день, 6 дней, 16+ TSANDC. Примените ответ HL 4 Информация"
1,"Ваша денежная баланс в настоящее время составляет 500 фунтов-чтобы максимизировать UR Cash-In, теперь отправьте коллекцию до 83600 только 150p/msg. CC: 08718720201 PO Box 114/14 TCR/W1"
0,"Я чувствую себя членом, потому что я продолжаю спать по твоим текстам и сообщениям в Facebook. SUP, вы в городе?"
0,"Нет PLM, я приду. В пути."
0,"Думаю, он хочет в одиночестве. Мы могли бы просто появиться и посмотреть, когда они это делают .."
0,"Высота переработки: Читайте дважды. Люди тратят время на зарабатывание денег, и те же деньги тратят время на время! ;-) Доброе утро .. Продолжайте улыбаться :-)"
0,"Да, не comin :-("
0,"Да, принцесса. Толедо."
0,"Эйт напиши мне, когда ты вернешься в МУ, и я закануюсь, нужен кто -нибудь, чтобы получить дверь для меня"
0,"Рон СКАЗАТЬ ПРРИ ЛЕХ. Он сказал, что Дин Тай Фэн не может сделать бронирование. Но он сказал, подождите, лор."
0,Хороший. Купальный костюм не допускается :)
0,Я в порядке. Скоро закончится. Всего наилучшего
0,"Симпатичная мысль о дружбе: «Нет необходимости делиться каждым секретом с твоим близким Фрндом, но поделись с собой, должен быть правдой» ...."
0,"Хорошо, я отправил вам последнюю версию DA Project."
0,"Доброе утро, моя дорогая ........... Успешный день."
0,"Пожалуйста, примите меня на один день. Или я умоляю, чтобы вы изменили номер."
0,"Squeeeeeze !! Это рождественское объятие .. Если тебе нравится мой фндшп Ден, обними меня ... если ты получишь 3 ты милый :) 6 ты, ты, я люблю:* 9 ты так повезло;) нет? Люди ненавидят тебя:"
0,"Это нормально, если кто-то спрашивает меня, ты их течет .. :--p"
0,"Забавный факт, никто не преподает вулканы 2 извержение, цунами 2 возникает, ураганы 2 показывают № 1."
0,* Ты собираешься позвонить в эти выходные или wot?
0,"Также отсоедините любые зажигалки, которые вы можете найти"
0,"Извините, я не могу вам помочь."
0,"Детка, мне нужен твой совет"
0,"Я оставлю около четырех, хорошо?"
0,Приходите в медицинский колледж в 19:00 ......
0,K :) k .. это хорошо :) Когда вы идете?
0,Я могу сделать для тебя лазанья ... водка ...
0,"Привет, это Кейт, ты можешь дать мне кольцо как можно скорее xxx"
0,"Кто были эти люди? Вы были в туре? Я думал, ты делаешь то, что вы мне прислали? Ваш любопытный сахар"
0,"Нет, но вы сказали мне, что собираетесь, прежде чем напиться!"
0,"Он трахался. Он сообщил мне, что он опоздал, и побудил меня, а потом я не услышал от него ни слова"
1,"Поздравляю! Благодаря хорошему другу, вы выиграли рождественский приз в 2000 фунтов стерлингов. 2 Утверждение легко, просто позвоните 08718726978! Только 10 пенсов в минуту. BT-National-Rate"
0,"Я всегда ищу оправдание, чтобы быть в городе."
0,"Да, у меня все еще есть кофе, мой френс ... мой френа"
0,"O Shore, вы садитесь в автобус"
0,Так ты собираешься получить deus ex?
0,Я пришлю их на ваше письмо. Вы не против & lt;#& gt;  раз за ночь?
1,"44 7732584351, Хотите новый цветной телефон Nokia 3510i, доставленную? С 300 бесплатными минутами до любого мобильного телефона + 100 бесплатных текстов + бесплатный ответ на видеокамеру или позвоните по номеру 08000930705."
0,TAP & SPILE в семь. * Это этот паб на газовой улице от Broad St By Canal. Хорошо?
0,"ОК, тогда я прихожу и выбираю тебя в Энгин?"
0,Вот почему я никогда не хотел рассказывать вам что -то из этого. Вот почему я так коротко с тобой и на краю в последнее время.
0,Raviyog Периферийные устройства Bhayandar East
0,K На самом деле вы можете встретиться со мной в Sunoco на Говарде? Это должно быть прямо на пути
1,"У вас есть 1 новая голосовая почта. Пожалуйста, позвоните по номеру 08719181513."
0,"Луна пришла, чтобы раскрасить ваши мечты, звезды, чтобы сделать их музыкальными, и мои смс, чтобы дать вам теплый и спокойный сон. Спокойной ночи"
0,Только что закончил есть. Получил тебе тарелку. Не остатки на этот раз.
0,Большое спасибо ...
0,"Спешите домой, ты большая задница. Повесите трубку на своем последнем абоненте, если вам нужно. Еда готова, и я голодаю. Не спрашивайте, что я готовил."
0,Лол твое право. Какая диета? Каждый день я все равно обманываю. Я должен быть жирным :(
0,Это отличный день. Удари себе красивый.
0,Что случилось в интервью?
0,"Решите дело: мужчина был найден убит на; Decimal & gt; Полем & lt;#& gt;  Полдень. 1, его жена позвонила в полицию. 2, полиция допросила всех. 3, жена: сэр, я спал, когда произошло убийство. 4.cook: я готовил. 5.garderer: я выбирал овощи. 6. Дом: я пошел 2 D почтового отделения. 7. Кидки: мы пошли 2 игры. 8. ОТДЕЛАЕТ: Мы пошли 2 брака. Полиция немедленно арестовала Убийца. Кто это? Ответьте с разумом, если ты блестящий."
0,Бадрит только для Ченнаи :) Я обязательно выберу для нас :) Без соревнования для него.
0,"Я та, это мой приятель по группе ... повезло, что я не ответил ... как время нужно уйти ..."
0,"Привет, ты? У меня достаточно на половину + Десять я должен тебе"
0,"Привет, TMR, может быть, сможет встретиться с вами в YCK"
0,"Alrite Sam его NIC просто проверьте, что это ваш номер, так что это? T.B*"
0,"Они просто облегчают возврат. У меня есть & lt;#& gt; ys, чтобы сказать, но я могу заплатить раньше. Вы получаете?"
0,"Не волнуйтесь. Я уверен, что вы это получите."
0,"Заправочная станция похожа на квартал от моего дома, вы пройдете мимо нее с тех пор, как Армения заканчивается на Суонн, и вы должны взять Говард"
1,"Кто -то, кого вы знаете, попросил нашу службу знакомств 2 связаться с вами! Не могу догадаться, кто? Позвоните по номеру 09058097189 Теперь все будут раскрыты. Pobox 6, LS15HB 150p"
1,Камера - вы награждены цифровой камерой Sipix! Звоните 0906122066 FromM Landline. Доставка в течение 28 дней
0,Мое обучение на 330. Хм мы идем на 1120-1205 один? Вы не возражаете?
0,"Я не курю, пока люди используют «Уайли слишком много», чтобы оправдать разрушение моего дерьма"
0,"Дорогое доброе утро, как ты себя чувствуешь, дорогая"
0,"Немного. Медики говорят, что принимайте раз в 8 часов. Прошло всего 5, но боль вернулась. Итак, я взял еще один. Надеюсь, я не умру"
0,"Красиво завтра никогда не наступит .. Когда это придет, это уже сегодня .. В охоте на прекрасное завтра, не тратьте свое замечательное сегодня ... Goodmorning :)"
0,"Не знаю, что все решают. Как Абт Леона? Упс, я собираюсь, и я собираюсь."
0,"Всем привет. Теперь мы переехали в наш паб. Было бы здорово 2 C u, если бы вы пришли в голову."
1,"Сегодняшние номера Voda, заканчивающиеся 5226, выбраны для получения награды? 350. Если у вас есть матч, позвоните по телефону 08712300220 Код претензии 1131 Стандартные ставки приложение"
1,Это сообщение бесплатно. Добро пожаловать в новый и улучшенный клуб секса и поднятия! Отказаться от подписки от этой службы Ответ остановка. MSGS@150p 18
0,"Дошневинка сказала: * Я очень милый в мире. * Бог смеялся & amp; Сказал: * Подожди, ты не встретил человека, читающего это MSG * Мораль: даже Бог может шутить! GM+GN+GE+GN :)"
0,"Просто делай все, что тебе легче тебе"
1,Rct 'Thnq Adrian для u текст. RGDS Vatian
0,"Перестань звонить всем, говоря, что у меня может быть рак. У меня болит горло, чтобы говорить. Я не могу отвечать на все звонки. Если я получу еще один звонок, я не присматриваю за детьми в понедельник"
0,"Это будет тяжело, но я сделаю то, что должен"
0,"Я так много, я бы сказал, я бы сказал, что я отправлю тебе открытку о Берегах о большом шансе на то, что Мерем -Человек а не сломил его контракт! Luv Yaxx"
0,Ee msg na poortiyagi odalebeku: Хануманджи 7 Название 1-хануман 2-баджарангабали 3-марути 4-паванапутра 5-санкатмохан 6-рамадут 7-махавеер Ee 7 name & lt;#& gt;  Janarige ivatte Kalisidare в следующую субботу Olage Ondu Good News Keluviri ...! Maretare inde 1 dodda problum nalli siguviri idu matra & lt;#& gt; % true .. не отрицайте.
0,"Привет, дорогая, я заканчиваю в 3, ты 1 2 забираешь меня или встречаетсь? Текст на этот номер luv kate xxx"
0,"Установите место для меня в вашем сердце, а не в вашем уме, как легко забывает разум, но сердце всегда будет помнить. Желаю вам счастливого дня Святого Валентина!"
0,"Но я удивлен, что она все еще может догадаться, что ..."
0,Okie ü Wan Meet в Bishan? Потому что я сейчас в Бишане. Я не еду сегодня.
0,"О, хо. Это первый раз, когда вы используете эти слова"
0,"Привет, дорогая, как у тебя были проблемы? Я говорил с мамой все утро! Я действительно хорошо провел время вчера вечером, я скоро уйду, но позвони мне, если сможешь"
0,"Я знаю, что вы служите. Я имею в виду, что ты сейчас делаешь."
0,"Да ... Гайд Парк не в Мелх Ах, Оппс, смутился ... В любом случае, если ТТ E лучший выбор Den, мы должны взять это ..."
0,"О, гей. Это случилось со мной в Троне. Может быть, я не буду в 3D, когда он вышел"
1,"Бесплатное сообщение активируйте 500 бесплатных текстовых сообщений, ответив на это сообщение бесплатно для условий и условий, посетите www.07781482378.com"
0,"Я знаю, что девушки всегда в безопасности и эгоистично знают, что я получил это. Спасибо. Спокойной ночи."
0,"Не беспокойтесь, надежда фотосессия прошла хорошо. Получите веселье на рабочей силе."
0,Я замерзаю и жажду льда. FML
0,Кей ... так как мы уже нет
0,"Эх, извини, я ... я дин c ur msg. Не грустно уже ar. Я сейчас смотрю телевизор. Ты все еще в офисе?"
0,"Эй, я прав, работа"
0,"Хорошо, дорогая, я похищаю, что это было нормально, я просто слишком волнуюсь. Мне нужно снять что -то в кино, а потом снова придется присматривать за детьми! Но ты можешь позвонить мне туда.xx"
0,"Она сказала: «Вы не возражаете, если я пойду в спальню на минуту? '' '' OK '', я сдался в сексуальном настроении. Она вышла на 5 минут лат в торте ... и моя жена,"
0,"С тех пор я не буду пройтись. Я проверил этот материал и увидел, что это правда, не имеющих доступных мест. Пожалуйста, позвоните в посольство или отправьте им почту."
0,Нет ... Джуз от работы ...
0,"Да так быстро ... это означает, что ты не закончил живопись?"
0,На каком номере ты живешь? Это 11?
0,"Нет, мы проводим вечеринку 7 дней в неделю и легкомысленно учимся, я думаю, что нам нужно нарисовать некоторые пользовательские флажки, чтобы они знали, что мы хардкорны"
0,SAC будет набрать большие сотню.
0,"Пришлите мне номер Нотти, пожалуйста."
0,Сколько это будет стоить приблизительно. Помесячно.
0,"ОК ... Теорный тест? Когда ü собирается бронировать? Я думаю, что это 21 мая. Подумал, что хочет пойти с Цзяйином. Но она не свободна"
1,"С вами связывается с нашим службой знакомств кем -то, кого вы знаете! Чтобы узнать, кто это, позвоните с наземной линии 09050000928. POBOX45W2TG150P"
0,"Это нормально, попросите его позвонить мне, если он знает, что он хочет, или есть какие -либо вопросы"
0,"Извините, получил поздний старт, мы в пути"
0,Тогда ты вернешься в себя ...
0,Я на заправке. Иди туда.
0,"K, если тебе скучно, просто приходи ко мне домой .."
0,Детка !!!! Я ТЕБЯ ЛЮБЛЮ !!!! *покрывает ваше лицо в поцелуях*
0,"Как будто я заставил его вырвать, когда мы однажды курили в машине нашего друга, это было круто"
0,"Тем не менее, я не проверил это. Полем Полем"
0,Вы пойдете в Walmart. I.ll остановиться.
0,"Я не забыл тебя, у меня может быть пара баксов, чтобы отправить тебя завтра, k? Я тоже тебя люблю"
0,"О, здорово. I.ll беспокоит его больше, чтобы мы могли поговорить."
0,Реверс - это обман. Это не математика.
0,"Добро пожаловать ... Поймал тебя, снова используя сломанный английский ..."
0,"Нет проблем, детка. Это хорошее время, чтобы поговорить? Я позвонил и оставил сообщение."
0,"Извините, я позвоню позже"
0,"О, это! Какой бренд?"
0,"Извините, я не могу принять ваш звонок прямо сейчас. Так получилось, что там, что вы хотите. Она может прийти и плохо получить свою медицинскую страховку. И она сможет доставить и иметь базовый уход. В настоящее время я покупаю для нее правильную медицинскую страховку. Так что дайте мне пятницу утром. Вот когда я бы увидел основного человека, который может направить меня к правильной страховке."
0,В какое время ты приходишь.
0,"Позвони ему и скажи, что ты не придешь сегодня, хорошо, и не скажи им, чтобы не обмануть меня так хорошо"
0,Я отправил по электронной почте Yifeng мою часть Ореди .. Могу ли он получить его от него ..
0,"Вы уверены, что они это поймут! Вино * Хорошая идея просто была Slurp!"
0,Минимальная прогулка - 3 мили в день.
0,"Хорошо, не проблема не принесет им такси. Завтра и вторник. Во вторник думайте, что мы все пойдем в кино."
0,"Безусловная кукла ..:-D ;-), автомобиль Sariyag Drive Madoke Barolla .."
0,"Я не убегаю от тебя ... Я хожу медленно & amp; Меня убивает, что тебе все равно, чтобы остановить меня ..."
1,"Извините, я пропустил ваш звонок, давайте поговорим, когда у вас будет время. Я в 07090201529"
0,"Пожалуйста, посетите телефон :)"
0,"Ты только ненавидишь меня. Вы можете позвонить любому, но вы не приняли ни одного моего звонка. Или даже вам сообщили"
0,Никаких сообщений на ее телефоне. Я держу это сейчас
0,Может ... Я свободен ...
0,"Эй, моя поездка была отложена, ты все еще запастись?"
0,"Извините, я позвоню позже"
0,"Жду вашего звонка, сэр."
0,"Эй, что ты делаешь. Y Нет ответа pa .."
0,"Эй, Элейн, сегодня на сегодняшняя встреча?"
0,"Извините, я не пошел в это место. И. сделаю это завтра. Очень жаль."
0,"Большая часть Tiime, когда я не позволяю вам обнимать меня, это так, чтобы я не сломался."
0,"Завтра я не пойду в театр. Полем Полем Так что я могу приехать, куда бы ты мне ни звонил. Полем Полем Скажи мне, где и когда приедешь завтра"
0,А теперь электричество только что вышло из FML.
0,"Похоже, вы нашли что -то заняться, кроме дыма, отличная работа!"
0,Также Андрос Лед
0,
0,"Хороший день, любовь моя. Как сегодня? Я надеюсь, что у вас хорошие и, возможно, у вас есть интервью. Я просыпаюсь и скучаю по тебе, детка. Страстный поцелуй со всего моря"
0,"Ага. Вун, поверьте, ват? Ты действительно Нева, я послал Шухуи?"
0,Как это наблюдать за изменением размера
0,"Дорогая Умма, она позвонила мне сейчас :-)"
0,Только что закончил. Скучаю по тебе
1,"Бесплатный 4 -звездочный праздник Ibiza или 10 000 фунтов стерлингов, нуждается в вашей неотложной коллекции. 09066364349 Сейчас с стационарной линии, чтобы не проиграть! Box434SK38WP150PPM18+"
0,"Ну, я имел в виду, в отличие от моей пьяной ночи раньше"
0,K ... должен забронировать не да? Так ходите на йогу в воскресенье?
1,БЕСПЛАТНО MSG: Мы по ошибке выставили счет вашему мобильному номеру от Shortcode 83332.
0,"ОК, может ..."
0,"Ой - я у меня в маме в Сомерсете ... немного далеко! Назад Томо, увидимся скоро x"
0,Так ты работаешь сверхурочно нигпун?
0,"То же самое, что и Каллис увольнение во 2-м тесте :-)."
0,"О. Думаю, они оба стали закрученными"
1,"Пожалуйста, позвоните по телефону 08712402972, так как вас ждет срочное сообщение"
0,"Я на встрече, позвони мне позже в"
0,Что ты готовишь мне на ужин?
0,"ОК, спасибо ..."
0,"Бык Ваш план состоял в том, чтобы уйти со мной в Икеа без заботы в мире. Так что я должен жить со своим беспорядком в другой день."
0,Тогда я покупаю.
1,СРОЧНЫЙ! Ваш номер мобильного телефона был награжден призом бонусного абонента в 2000 фунтов стерлингов. Позвоните 09058095201 от земли. Действительно только 12 часов
0,"Хи -хи, это было так смешно, хотя"
0,Это только простая арифметика не процента.
0,"Да, мы бы не оставили, по крайней мере, на час, как 4 звучат?"
1,"Как ценный клиент, я рад сообщить вам, что после недавнего обзора вашей мафии №, вы получили бонусный приз в размере 1500 фунтов стерлингов, позвоните по номеру 09066364589"
0,"Спасибо, дорогая. Хорошего дня."
0,"Удивительная цитата '' - «Иногда в жизни трудно решить, что не так!"
0,"Спокойной ночи, моя дорогая .. Sleepwell & amp; Береги себя"
0,Затем ü Попроси папе забрать jup lar ... ü wan 2 остаться до 6 мех ...
0,"Jus chillaxin, как дела"
0,"Привет, дас, крутой ... Я знаю все 2 -й желоб Wellda StudentFinancial Crisis! Spk 2 U L8r."
0,"Красивая истина против гравитации .. Тщательно прочитайте: «Наше сердце чувствует себя легким, когда кто -то в ней ... но это кажется очень тяжелым, когда кто -то уходит ...» Goodmorning"
1,"Вы хотите, чтобы новый цветной телефон Nokia 3510i DeliteMorrow? С 300 бесплатными минутами до любого мобильного телефона + 100 бесплатных текстов + бесплатный ответы на видеокамеру или позвоните по телефону 08000930705"
0,"Что это произойдет над холмом ..... это монстр! Надеюсь, у вас будет отличный день. Все идет хорошо здесь, хотя!"
0,"Отец Джой - Джон. Тогда Джон - ____ отца Джой. Если у вас есть, у вас есть;#& gt;  По Это вопрос IAS Попробуйте ответить."
0,"Только один раз после того, как я не подчиняюсь всем твою."
0,"Нет, она не сделала. Я буду искать в Интернете и сообщить вам."
0,"Куда вам нужно пойти, чтобы получить это?"
0,"Нет фото. Пожалуйста, повторно распределите."
0,Он остается братом среди братьев
0,Uhhhrmm не испытывает плохую туберкулезу
0,Но я enuff Space получил около 4 МБ ...
1,"Жизнь никогда не была такой веселой и отличной, пока вы не вошли. Вы сделали ее по -настоящему особенным для меня. Я не забуду тебя! Наслаждайтесь @ One GBP/SMS"
1,"Вы хотите новый видео -телефон? 600 в любое время, когда любые сетевые минимальные видео 400 инклюзивных видеопроводов и загрузки 5 в неделю бесплатно Deltomorrow звоните 08002888812 или ответьте сейчас"
1,"Будучи ценным клиентом, я рад сообщить вам, что после недавнего обзора вашей мафии №, вы получили бонусный приз в размере 1500 фунтов стерлингов, позвоните по номеру 09066368470"
1,"Добро пожаловать! Пожалуйста, ответьте своим возрастом и полом, чтобы начать. например, 24 м"
1,Freemsg: 1-месячный неограниченные бесплатные звонки! Activate SmartCall TXT: Call To NO: 68866. SPOPICTN3GBP/WK Unlimited Calls Справка: 08448714184 Stop? TXT Stop LandlineOnly
1,"Был ваш мобильный 10 млн месяцев? Обновите последнюю оранжевую камеру/видео телефоны бесплатно. Сэкономьте £ с бесплатными текстами/звонками на выходные. Текст да, чтобы обратный вызов Орно отказался"
1,"Am New 2 Club & Don Dont Fink Мы встретились, пока B8 2 C U, пожалуйста, оставьте MSG 2Day Wiv UR Area 09099726553 Ответ обещано Carlie X вызывает 1/Minmobsmore Lkpobox177HP51FL"
0,Истинный. Это легче с ней здесь.
0,"Конечно, но, поскольку мои родители будут работать во вторник, мне не нужна история обложки"
0,"Ха -ха, хорошо ... сегодня выходные, Лех ..."
0,"Привет, дорогая, ты менял меня? Я athome, если вы поболтаете."
0,"Я не знаю Джека дерьмо о чем -либо или я бы сказал/спросил что -нибудь полезное, но если вы хотите, чтобы вы могли притворяться, что я сделал, и просто напишите мне в ответ на гипотетическую мухаахахахахахаггу"
0,Ты всегда был мозговым.
0,"Да, если нам нужно получить случайный чувак, нам нужно изменить наши информационные листы на вечеринку & lt;#& gt; /7 Никогда не учитесь, чтобы быть в безопасности"
1,Камера - вы награждены цифровой камерой Sipix! Звоните 0906122066 FromM Landline. Доставка в течение 28 дней.
0,"Рождество - это повод, который отмечается как отражение ур ... ценностей ..., желания ..., привязанности ... & amp; Традиции .... Идеальное Рождество ..."
0,Отправляя вам приветствия радости и счастья. Удаю вечер GR8
0,"Привет, дорогая, я могу что -нибудь потренироваться, так как MyParents Aretiking Me Out of a Feel. Когда ты свободен? Katexxx"
0,"Если Индия выигрывает или серия уровней означает, что это запись :)"
0,Тогда как насчет дальнейшего плана?
0,Приятно слышать от вас
0,"Потрясающе, как мне иметь дело с воротами? Чарльз сказал мне прошлой ночью, но, да, да,"
0,В какое время вы думаете о Goin?
1,"Получите бесплатный мобильный видеоплеер БЕСПЛАТНЫЙ фильм. Чтобы собрать текст, перейдите к 89105. Это бесплатно! Дополнительные фильмы могут быть заказаны T'S и C применяются. Только 18 лет"
1,Сэкономьте деньги на свадебном нижнем белье на www.bridal.petticoatdreams.co.uk Выберите из превосходного выбора с национальной доставкой. Принесен вам свадеб
0,Ваша доска работает нормально. Проблема перегрева также переживает. Но все же программное обеспечение Inst находится на рассмотрении. Я приеду около 8'O часы.
0,"Да, но мне все равно, потому что я знаю, что это там!"
0,"Wiskey Brandy Rum Gin пивное водка шотландское вино шамп ""kudi"" yarasu dhina vaazhthukkal. .."
0,"Mon Okie Lor ... ха -ха, лучше всего дешевая n Gd Food La, Ex Oso Okie ... зависит от того, есть ли Wana Eat Western или Cwink Food ... Den, которую вы предпочитаете ..."
0,"Сидеть и нечего делать, лор. Ты занят, работаем?"
0,"Это & lt;#& gt; K здесь, о. Должен ли я отправить домой на продажу."
0,Извини. || почта? ||
0,Я просто рассказываю об этом инциденте ..
0,"Да, мы были на улице в течение примерно 2 часа. И я позвонил всей своей семье, чтобы разбудить их, потому что она началась в 1 часа ночи"
0,Тьфу только что вышел из занятий
0,"В настоящее время люди уделяют ущерб лаксиноорфизированной возможности для того, чтобы позаботиться о энтропионности .... Вы когда -нибудь обличительно выбрали свои книги для мастеровизионного ампликатера подарков? Это очень шампласиса, я думаю, что это ужасно .. Wotz Ur мнение ???? Junna"
0,"У меня нет вашего файла в моей сумке .. Я был на работе, когда вы позвонили мне. Я скажу вам, найду ли я что -нибудь в своей комнате."
0,"Не нуждается в Lar. JUS Testing E телефонная карта. Dunno Network не GD I THK. Я жду 4, моя сестра 2 финишна купается, чтобы я мог купаться. Dun Reage u liao u убирает свою комнату."
0,Хорошо. I.ll вы правы позже.
0,"Стихотворение дружбы: дорогой, дорогой, ты не рядом, но я могу слышать, не страх, жив, не более, не разрывай тебя всегда, моя дорогая. Gud Ni8"
0,Пообедайте и приходите быстро и откройте дверь :)
1,"Не слышал от U4 некоторое время. Позвони мне сейчас, я здесь всю ночь с моими трусцами. Заставьте меня просить об этом, как в прошлый раз 01223585236 xx luv nikiyu4.net"
0,"Я вернулся. Немного долго, потому что авария на A30. Пришлось отвлечьсь через Уадебридж. У меня были блестящие выходные, спасибо. Говорите скоро. С любовью"
0,"К .. Я Ян Джиу Ляо ... САТ, мы можем пойти 4 Bugis Vill One Frm с 10 до 3 Den Hop в Parco 4 NB. Солнце может перейти Cine FRM с 1030 по 2, Den Hop to Orc Mrt 4 Hip Hop в 4 ..."
1,Bloomberg -Message Center +447777706009 Зачем ждать? Подайте заявку на свою будущую карьеру http: //. bloomberg.com
0,Я ищу даму на улице и урод в простынях. Это ты?
0,Мой телефон
0,"Хаха фигуры, ну, я нашел кусок и миску Присциллы"
0,"На самом деле трахни это, просто сделай что -нибудь, найди повод быть в Тампе в какой -то момент до января"
1,"СРОЧНЫЙ! Мы пытаемся связаться с U. Сегодняшним рисунком, которые вы выиграли гарантированную гарантированную призовую сумму в размере 800 фунтов стерлингов. Позвоните по номеру 09050001808 с земли. Претензия M95. Действительно только12 часов"
0,ура! Наконец лол. Я пропустил нашу поездку в кино на прошлой неделе :-(
0,Весь день рабочего дня :) За исключением субботы и воскресенья ..
0,"аати .. где ты, дорогая .."
0,Сердце пусто без любви .. разум пуст без мудрости .. глаза пустые без снов и amp; Жизнь пуста без FRND .. так что вы можете быть на связи. Спокойной ночи & amp; сладкие сны
0,"Думаю, я жду того же автобуса! Сообщите мне, когда доберетесь туда, если вы когда -нибудь попадете туда."
0,Вы скоро вернетесь в ближайшее время?
0,", как дела? Просто быстрый вопрос."
0,"Ночь закончилась еще на один день, утро пришло особым образом. Желаю вам улыбнуться, как солнечные лучи, и оставит свои заботы в голубом заливе. GUD MRNG"
0,"Я, вероятно, могу прийти, все закончили вокруг & lt;#& gt;  верно?"
0,"Я получил это до Нового года, Коси Йетонде сказала, что она хочет удивить вас этим, но когда я не видел денег, я вернул их в середине января, прежде чем & lt;#& gt; Дневной период возвращения закончился."
0,"Я могу спросить, но здесь не так много с точки зрения средней"
0,Обязательно проверьте свою электронную почту Yahoo. Мы отправили фотографии вчера
0,Что она искала?
0,Где мой мальчик? :-(
1,"Вы хотите новый видеолефон750 в любое время, когда любая сеть Mins 150 текст всего за пять фунтов в неделю звоните 08000776320 или ответьте на доставку завтра"
0,"Привет, любовь моя! Как дела в тот день? Я желаю, чтобы ты хорошо и хорошо, детка, и надеюсь, что ты найдешь некоторые перспективы работы. Я скучаю по тебе, Бойтой ... *дразнящий поцелуй *"
0,"Скажи моему плохому персонажу, что тебе нравится во мне. Я попробую измениться в & lt;#& gt; Полем Я добавлю тат 2 моего новогоднего решения. В ожидании вашего ответа. БЕЗИТЬ Фрэнк ... Доброе утро."
0,"Нет :-) У меня слухи, что вы собираетесь купить квартиру в Ченнаи :-)"
0,"Да, вероятно, раньше этого"
0,Измените звук отчега Windows ..
0,"Тем не менее, я не проверил это. Полем Полем"
0,Я тоже пришел в комнату.
0,"Да, но я получил урок в 4 Lei n Я подумал о том, чтобы поехать на SCH ранее в Паркине в Кент -Вейл ..."
0,Хорошо.
0,"Я доберусь до офиса вокруг & lt; Decimal & gt; Полем & amp; У моего мобильного появления проблемы. Вы не можете получить мой голос. Так что назовите вас ASA, я освобожу"
0,"Круто, напиши мне, когда уходишь"
1,"С вами связывается с нашим службой знакомств кем -то, кого вы знаете! Чтобы узнать, кто это, позвоните с наземной линии 09050000878. POBOX45W2TG150P"
1,"WAN2 выиграл встречу+приветствие с Westlife 4 U или M8? Они в настоящее время в каком туре? 1) Нерушимый, 2) Untaded, 3) Неупрекновенный. Текст 1,2 или от 3 до 83049. Стоимость 50p +std текст"
0,С Днем Рождения ... Можешь бы ты скоро найдешь свой принц очаровательным и слишком усердно работать ...
0,"О, у гранда есть немного вечеринки, но она не упоминает ни одного обвинения в обложке, так что, вероятно, впервые пришел впервые обслуживается"
0,"Вы сказали мне до того, как я вернулся в постель, что вы не можете спать ни для чего."
0,"Я надеюсь, что вы не разозлились, но ID действительно хотел бы увидеть вас завтра. Люблю меня XXXXXXXXXXXXXX"
1,"Dorothy@kiefer.com (Банк гранитных выпусков сильна-покупка) взрывной выбор для наших членов ***** более 300% *********** Символ NASDAQ CDGT, который составляет 5,00 долл. США за .."
0,говорит & lt;#& gt;  год с человеком и деньгами. Я нахожусь к своим последним Полем Все еще жду этого чека.
0,Я приеду к твоему дому сейчас
0,"Бесплатно в любой день, но я заканчиваю в 6 на пн."
0,Ты будешь здесь за едой
0,"Life Alle Mone, Eppolum oru Pole Allalo"
0,Номер ...
0,"Два основания классной жизни: «Прогуляйся, как ты король» ...! Или «Прогуляйся так, как тебе не волнует, кто бы ни был королем»! ... Гуд Нью -Йорк"
0,"Камера довольно хорошо, 10,1Mega пиксели, 3optical и 5digital Dooms. Хорошего отдыха, будьте в безопасности, и я надеюсь, что у вас будет хорошее путешествие! С Новым годом вас обоих! Увидимся через пару недель!"
0,"Привет, Пити!"
0,"Я только что видел, как Рон Бургундия, капитующий на вечеринке, так что да"
0,Я серьезно. Вы находитесь на денежной базе
0,Уже один парень любит тебя:-.
0,Сотрудники обучения по трудоустройству в колледже Амрита.
0,"Я всегда общаюсь с тобой. На самом деле мне нужны деньги, вы можете меня поднять?"
0,Я профиль работы кажется BPO ..
0,"Ну, я собирался сдаться, потому что они все сказали, что нет, они не сделали ни одного закуска. Я выстоял и нашел один, но это очень дешево, поэтому я прошу прощения заранее. Это просто где -то, что заснуть не так ли?"
0,"Итак, вы думаете, что я должен поговорить с ним? Не звоните своему боссу утром? Я пошел в это место в прошлом году, и он рассказал мне, куда я могу пойти и починить свою машину дешевле. Он продолжал говорить мне сегодня, как сильно он надеялся, что я вернусь, как он всегда сожалел, что не получил свой номер и т. Д."
0,Вы готовы пойти на класс приложений.
0,Тусуется с моим братом и его семьей
0,"Нет, он достигнет только на 9. Она говорит, что будет там. Я не знаю"
0,Эй ... ты скоро уйдет? Сюхуи и я работаем до конца месяца
0,"Мне жаль, что в прошлую ночь не было вины, что это я, супруг, это был PMT или Sumthin! Ты меняешь меня? Я думаю, что ты shldxxxx"
0,"Попробуй Неву, приятель !!"
0,"Да, это будет в значительной степени лучший сценарий случая"
0,"Сегодня я не свободен, я выбираю своих родителей в тоните ..."
0,"Эй, детка! Far 2 Spun-Out 2 Spk в Da Mo ... Dead 2 da Wrld. Весь день спал на диване DA, был крутой Nytho, TX 4 Fonin Hon, позвоните в 2MWEN IM BK FRMCloud 9! J x"
0,Стоит ли прислать вам непослушное пикс? :)
1,"Вы победитель в размере 1000 фунтов стерлингов или гарантированный приз абонента, это наша последняя попытка связаться с вами! Чтобы требовать звонка 09071517866 сейчас! 150ppmpobox10183bhamb64xe"
1,"Билеты на Рождество и Новый год теперь продаются в клубе, в течение дня с 10 до 8 часов вечера, а в четверг, пт и суббота на этой неделе. Они продаются быстро!"
0,"Тайлер (получая 8 -е место) должен уйти вскоре после 9, вы можете попасть сюда за час?"
0,"Приготовьтесь, чтобы их стучали каждую ночь ..."
0,"На самом деле, мой мобильный телефон полон MSG. И я делаю работу в Интернете, где мне нужно отправить их & lt;#& gt;  отправил MSG, я буду объяснить вам позже."
0,"Извините, я позвоню позже"
0,Добрый вечер! Как вы?
0,"Я дома. Пожалуйста, позвоните"
0,"OIC, потому что я сегодня не получил обеда, мой папа вышел ... так что не знаю, есть ли 2 в Sch или Wat ..."
0,"Ммммм ... было так хорошо просыпаться сегодня утром, любовь моя !! Мммм, трахая ... я тоже тебя люблю, мой лев ... *пожирал поцелуй через море *"
0,"Мы рады сообщить, что ваша заявка на широкополосную связь Airtel успешно обрабатывается. Ваша установка произойдет в течение 3 дней."
0,"Что случилось, дорогая. Почему ты молчашь. Я напряжен"
0,"Я приеду туда в 3 года, если вы, ребята"
0,"Если вы не кашляете, то это ничего"
0,Ü Приходите 25 н.
0,"Я человек, который проводит EMS -опрос ..."
0,"Лол, хорошо, я попробую отправить. Будьте осторожны, спринт мертв медленно. Вы сможете получить это завтра"
0,"Спасибо, познакомьтесь с понедельником"
0,"Так что это то, что я есть, где я!?! Как ты человек? Все хорошо в Уэльсе, плохо, БОНГ. С ты это неделю? Кто был MSG 4? Случайно!"
1,"Рок йр Чик. Получите 100 Pillthy Films & XXX Pics на YR Phone. rply filth до 69669. Saristar Ltd, E14 9yt 08701752560. 450p за 5 дней. Остановка2 отменить"
0,"Одиночная строка с большим значением ::::: «Пропустите что -нибудь 4 UR« Лучшая жизнь », но не пропустите вашу лучшую жизнь ни для чего ... Gud NYT ..."
0,"Я получил как $ & lt;#& gt; Я могу получить еще немного позже. Получите все, что вы чувствуете"
0,"Папа хотел поговорить о квартире, поэтому я получил поздний старт, омв сейчас"
0,Я тоже люблю вас обоих :-)
0,"Лол, ты все еще чувствуешь себя больным?"
0,"Дин, я говорю тебе, что сейчас 420"
0,Я нахожусь на глазах в философии
1,"Со следующего месяца добраться до 50% больше звонков 4 UR Standard Network Charge 2 Activate Call 9061100010 C Wire3.net 1st4terms Pobox84 M26 3UZ стоимость 1,50 мин. Mobcudb больше"
0,"ОК Лор. Я сейчас в городе, Лей."
0,У меня это уже было ... Сабариш попросил меня уйти ..
0,Нет да. Полем Виджай собирается поговорить на Джая -телевидение
1,"СРОЧНЫЙ! Мы пытаемся связаться с вами сегодняшними шоу, которые вы выиграли гарантированную призовую гарантию в размере 800 фунтов стерлингов. Позвоните 09050000460 от земли. Претензия J89. PO BOX245C2150PM"
0,"Лол, я знаю! Эй, кто -то сделал отличное влияние на блох на форумах. Я люблю это!"
1,"Текст Банналк на 89555, чтобы увидеть! Стоимость 150p Textoperator G696GA 18+ XXX"
0,"Все еще шанс там. Если вы усердно найдете, вы получите это .. попробуйте :)"
1,"Аукционный раунд 4. Самая высокая ставка сейчас составляет 54 фунтов стерлингов. Следующая максимальная ставка составляет 71 фунт. Чтобы сделать ставку, отправьте ставки e. глин 10 (чтобы предложить 10 фунтов стерлингов) до 83383. Удачи."
0,Вы всегда празднуете Нью -Йорк со своей семьей?
0,"Мы знаем Тадж Махал как символ любви. Но другие менее известные факты 1. Мумтаз был 4 -й женой Шахджахана, из его 7 жена. 2. Шахджахан убил мужа Мамтаза, чтобы жениться на ней. 3. Мамтаз умер в ней.#& Gt; Th доставка. 4. Затем он женился на сестре Мамтаза. Возникает вопрос, где, черт возьми, любовь?:-| -великий хари-"
0,"Это нормально .. приведите мой дом, это приятно познакомиться, и V может поболтать .."
1,Соберите свои выходные Валентина в Paris Inc Flight & Hotel + 200 фунтов стерлингов гарантированно! Текст: Париж в нет: 69101. Www.rtf.sphosting.com
0,Прислал мне де ВЕБЕРЫ за получение зарплаты
0,Она в порядке. Посылает ее приветствия
1,Предложение лояльности клиентов: новый Nokia6650 Mobile всего от 10 фунтов стерлингов на txtauction! TXT Word: Начните нет: 81151 и получите свое сейчас! 4t & ctxt tc 150p/mtmsg
0,Но ты связываешься со мной.
0,"Да, уйду прямо сейчас, скоро вернемся"
1,"Вы не поверите в это, но это правда. Это невероятные txts! Ответьте G, чтобы выучить по -настоящему удивительные вещи, которые поразит вас. От O2FWD только 18p/txt"
0,"Да, конечно, я уйду в минуту"
0,"И у вас есть кто -нибудь, кто может научить меня, как отправлять машины."
0,"Знак зрелости - это не тогда, когда мы начинаем говорить большие вещи ... но на самом деле это так, когда мы начинаем понимать мелочи ... * Хорошего вечера * bslvyl"
0,"Да, подтвердил, что вы остановитесь на эти выходные"
0,"Они сказали, что паспорт Dun Haf, как Dat .. или ü juz отправить в мою учетную запись электронной почты .."
0,"Умножьте числа независимо и подсчитайте десятичные точки, тогда для деления толкайте десятичные места, как я вам показал."
0,"Хорошей ночи, и когда вы проснетесь, чтобы увидеть это сообщение, я надеюсь, что вы улыбнетесь, зная, что все, как и должно быть. Хорошего утра"
0,Ard 4 lor ...
0,"Ты прав. Между тем, как проходят близнецы Project"
0,"Я послал твою магу вчера эти деньги, о."
1,Привет 07734396839 IBH Предложение лояльности клиента: новый мобильный Nokia6600 от 10 фунтов стерлингов на Txtauction! TXT Word: № 81151 и Get Your Now! 4T &
0,Сердце пусто без любви .. разум пуст без мудрости .. глаза пустые без снов и amp; Жизнь пуста без FRND .. так что вы можете быть на связи. Спокойной ночи & amp; сладкие сны
1,"Мне горячо и возбужден и желаю, чтобы я живу локальным для вас - напишите ответ, чтобы услышать от меня 150p за MSG Netcollex Ltdhelpdesk: 02085076972 Ответ Остановка до конца"
0,Наша поездка одинаково без осложнений - не слишком много из этих надоедливых велосипедистов в то время ночи;).
0,"Если бы вы были/свободны, я могу дать. В противном случае Налла Ади Эней Натил Киттум"
0,"Я отправил жене ваш текст. После того, как мы купим их, она скажет вам, что делать. Так что просто расслабься. Мы должны пойти и получить им этот Wkend."
0,Я сейчас в эвапании театра. Полем Собираюсь посмотреть Кавалан через несколько минут
0,Сколько будет стоить нанять наемного человека
0,"Я что -нибудь, лор ..."
0,"Извините, я позвоню позже"
1,"Вы хотите, чтобы завтра новый цветной телефон Nokia 3510i? С 200 бесплатными минутами до любого мобильного телефона + 100 бесплатный текст + бесплатный ответы на видеокамеру или позвоните по телефону 08000930705"
0,"Да, но я не могу пойти 2 Ур дома с пустыми руками, верно?"
0,"Доброе утро, принцесса! С Новым Годом!"
1,"Поздравляю, что вы выиграли. Вы победитель в нашей розыгрыше призов в августе за 1000 фунтов стерлингов. Позвоните 09066660100 сейчас. Призовой код 2309."
0,"Aight, мы отправимся в несколько"
0,Тогда ты делаешь сейчас? Занятая работа WIF?
0,Я знаю тебя сегодня настроение
0,"Джей уже сказал мне, подойдет"
0,CPS заставляет перебои сохранять энергию.
0,"Я не уверен, я просто проверял, что происходило в этом районе"
0,"Эй, утро, что ты приходишь, чтобы спросить :-) Па ..."
0,Джордан был проголосован в прошлую ночь!
0,"Это означает, что у вас есть A в Epi, она в порядке. Она здесь сейчас."
0,"Я понятия не имею, где ты"
0,"Пожалуйста, приходите быстро, не могу обнажить это."
0,"Отец Джой - Джон. Тогда Джон - ____ отца Джой. Если у вас есть, у вас есть;#& gt;  По Это вопрос IAS Попробуйте ответить."
0,Позвоните мне. Я не могу калевать. Давай встретимся с Бхаскаром и глубоко
0,Нет. I.ll встретить вас в библиотеке
0,"K, мой сосед по комнате также хочет, чтобы Dubsack, и другой друг может также захотеть немного, поэтому планируйте принести дополнительное значение, я скажу вам, когда они точно узнают"
0,"Зависит от индивидуального лорного комода, скажем, красиво, но мои родители говорят, что смотри Гонг. U Kaypoh .. Я тоже не знаю, как она собирала."
0,"ОК, c ü тогда."
0,Мне нравится смотреть и играть в футбол и баскетбол. Что -нибудь на свежем воздухе. А ты?
0,"Не могли бы вы спросить Мачо, каков его ценовой диапазон, хочет ли он что -то новое или использованное, плюс его он только вмешивался в Blackberry Bold & lt;#& gt;  или любой BB"
0,"Извините, снова отправил пустой MSG. Да, но попытка 2 сделать серьезное обучение сейчас."
0,"Эй, проверь это да. Я перечислил да."
1,8007 25p 4 Alfie Moon's Need In Wongle Song на Ur Mob. Расскажите Ur M8s. TXT Tone Charity To 8007 для Nokias или Poly Poly Fortion for Polys: Zed 08701417012 Прибыль 2 Благотворительная организация
0,"Я имел в виду извинения от меня за то, что я отправил вам текстовые сообщения, чтобы принести мне наркотики в & lt;#& gt; ночью"
0,"Это означает, что с февраля по апрель я получу место, чтобы остаться там, чтобы мне не приходилось суетиться взад -вперед во время сезона прослушивания, как и с тех пор, как моя сестра отошла от Гарлема."
0,"Пойдем на тренировку, и"
0,"Черт, бедный Зак не имеет шансов"
0,Нет сообщения .. нет ответа .. что случилось?
0,"Я хочу подать тебе одну вещь, которую ты не должен ошибаться, К. Это сообщение, которое ты отправил :)"
0,"Да, верно! Я принесу свою рулетку пятницу!"
0,"Все еще шанс там. Если вы усердно найдете, вы получите это .. попробуйте :)"
0,"Встреча с тобой - моя работа. Полем Полем Получите меня, когда я сделаю свою работу завтра"
0,Я должен отправиться прямо туда или что
1,"Получите официальный полингтон Англии или цветовой флаг на Yer Mobile для Tonight Game! Текст Текст или Флаг до 84199. Оптут TXT ENG STOP BOX39822 W111WX £ 1,50"
0,"Спасибо, принцесса! Ты такой сексуальный ..."
0,"Ооо, у меня есть много из них!"
0,Хуи Синь в да.
0,Это большая разница.  & lt;#& gt;  против & lt;#& gt;  каждый & lt;#& gt; HRS
0,"Дело не в том, что ты заставляешь меня плакать. Просто когда все наши вещи происходят поверх всего остального, это толкает меня через край. Вы не недооцениваете, как часто я плачу из -за своей извинения, извините жизнь."
0,"Я 2, детка, я чувствую то же самое, давайте только 4get об этом+оба попробуйте+chear Up+не подходят так много"
0,"Вы знаете, что означает подключение, верно?"
1,"Объявление о обслуживании клиентов. Недавно мы попытались сделать вам доставку, но не смогли этого сделать, пожалуйста, позвоните по номеру 07090298926, чтобы повторно выходить. Ссылка: 9307622"
0,Wat's DA MODEL NUM of YOR PHONE?
0,"Теперь он действительно увлекается скейтбордингом, несмотря на то, что его отбрасывают из него и заливаются повязками и дерьмом по всему рукам каждые пять минут"
1,"Вы можете остановить дальнейшие клубные тона, отвечая «Stop Mix», см. My-tone.com/enjoy. HTML для условий. Клубные тоны стоят gbp4.50 в неделю. MFL, PO Box 1146 MK45 2WT (2/3)"
0,"Мой дом здесь e Sky довольно темное, Liao ... если дождь, тогда получите оправдание, а не 2 пробега уже обряда ... Хи ..."
0,"Извините, оставил телефон наверх. Хорошо, может быть беспокойным, но все мои птицы с одним палком. Это дата."
0,"* Думал, что не вижу тебя."
1,"Вамма уложена? Хотите, чтобы настоящие места для собак были отправлены прямо на ваш мобильный? Присоединяйтесь к крупнейшей сети сглаживания UKS. TXT собаки до 69696 сейчас! NYT. EC2A. 3LP £ 1,50/MSG."
0,"Карлос говорит, что мы можем забрать у него позже, так что да, мы настроены"
0,"Эй, детка, мой друг должен был отменить, все еще в гости?"
0,"Согласно вашему запросу «Maangalyam (alaipayuthe)» был установлен в качестве вашего Callertune для всех вызывающих абонентов. Нажмите *9, чтобы скопировать своих друзей Callertune"
0,"Хм, я должен подумать об этом ... хорошо, вы прощены! = D"
0,"Мы надеемся уйти на 7, из Лэнгпорта. Вы все еще готовитесь к городу сегодня вечером?"
0,Хотите прислать мне виртуальное объятие? ... мне нужен один
0,"Наверное, нет, все еще проходил здесь кое -что"
0,У него есть проблемы прямо сейчас. Я исправлю ее к завтрашнему дню.
0,"Почему я захожу между вами, люди"
0,Компания Senthil Group Apnt 5 вечера.
0,Да неужели?? Вы сделали это в эфире? Какой у тебя талант?
0,Изучение. Но я буду свободен в следующие выходные.
0,Ты уже здесь? Я ношу синюю рубашку и черные брюки.
0,Подожди. Я выйду .. & lt;#& gt;  мин :)
0,Я доберусь до вашего дома в & lt;#& gt;  минуты
0,"Ну, тогда у тебя отличные выходные!"
0,"Что ты делаешь в Лэнгпорте? Извините, но я, вероятно, буду в постели к 9 вечера. Это отстой, будучи больным на Рождествох! Когда вы и Go2sri Lanka?"
0,"Frnd S не Juz, ни слова ..... не просто отношения ... это тихое обещание, которое говорит ... «Я буду с тобой», где ... когда -то внесен .. Форевр ... Гуднит, дорогой .."
0,Хм? 6 тоже не может? Тогда только сколько ошибок?
0,Ха ... ты ела мед? Так мило...
0,"Я выключаю свой телефон. Мои мамы говорят всем, что у меня рак. И моя сестра не перестанет звонить. Больно говорить. Не могу с этим мириться. Увидимся, когда вернетесь домой. Люблю тебя"
0,"Мед ? Дорогой ? Милый ? Сексуальные булочки? Сахарная слива? Любовник? Я скучаю по тебе, Бойтой ... * ударяет твою задницу * Ты тоже ходил в спортзал?"
0,"Спасибо, что любите меня так. Ты рок"
0,"Да, имма, потому что Джей хочет употреблять наркотики"
0,"ОК, спасибо ... позаботитесь тогда ..."
0,"Ага. Там у тебя, скучный ват."
0,"Пришел посмотреть на квартиру, кажется, в возрасте 50 лет? * Удаляется много работ. Получила женщину тоже в 6.30."
0,"Моджи только что сообщил мне, что вы спас нашу жизнь. Спасибо."
1,"Вы выиграли Nokia 7250i. Это то, что вы получаете, когда выигрываете наш бесплатный аукцион. Чтобы принять участие, отправьте Nokia в 86021 сейчас. Hg/Suite342/2lands row/w1jhl 16+"
0,Кто это в классе :-)
0,"Привет, все еще онлайн? Я закончил форматирование ..."
0,Большой! Так что же привлекает вас к булорам?
1,"Промо -номер: 8714714 - UR присудил городскому перерыву и может выиграть летнюю покупки в 200 фунтов стерлингов в каждом неделе. TXT Store до 88039. Скилгме. TSC087147403231WINAWK! Возраст16 £ 1,50PERWKSUBUB"
0,Глупый. Это невозможно
0,"Я не могу выбрать телефон прямо сейчас. Пожалуйста, отправьте сообщение"
0,"Лол, что происходит в Вегасе, остается в Вегасе"
0,"Здравствуйте, привет, Привет, Лу, извини, что потребовалось 2 ответа- я покинул мобильный в «Друзьях в Ланкастере», только что получил это, небери, я прости, что я не смог сделать свой день 2 дня!"
0,"Когда я использовал SOC ... Я использую его только дома ... ü Не знаю, как 2 введите его в Word Ar ..."
0,"Папа говорит, поторопись, черт возьми"
0,Разбудить меня в & lt;#& gt;  утро утром :)
0,"Я выхожу из класса в BSN в подобном & lt;#& gt;  Протоколы, вы знаете, где консультирование?"
0,"Большой! Я стреляю в большие грузы, так что будьте готовы!"
0,Я встречу тебя в вестибюле
0,Ты все еще приходишь сегодня вечером?
0,"Что случилось, дорогой, скажи мне"
0,"Сэр, я жду вашего звонка, однажды бесплатно позвоните мне."
0,"Нет, у меня нет фильмов в моем ноутбуке"
0,"Я собирался сделать это, когда написал. Я закончил давным -давно, принял душ и разбирался!"
0,"Хорошо, я не уверен, в какое время я закончу завтра, но я хочу провести вечер с тобой, потому что это было бы очень видно! Люблю меня ххх"
0,"Здравствуйте, согласно запросу от & lt;#& gt;  5 рупий был передан вам"
0,Я в Тирупуре.  назовите вас да.
1,"Вы победитель, вы были специально отобраны, чтобы получить 1000 фунтов стерлингов или награду за 2000 фунтов стерлингов. Поговорите с оператором в прямом эфире, чтобы потребовать звонка 087147123779:00 до 19:00. Стоимость 10 с"
0,S :) Но ему повезло. 2 Уловы положили :)
0,Как я не ... указал ли DA домен как NUSSTU ... ü все еще в SCH ...
0,Ох ... я попросил развлечения. Ха -ха ... Береги себя. ü
0,Я получу сумку?
0,"Эй, Лавербой! Я тебя люблю !! Я должен был сказать ... Я смотрю на твою фотографию и болит, чтобы почувствовать тебя между моими ногами ... Черт, я хочу тебя ... ты мне нужен ... Я жажду тебя."
0,"Как мой мальчик? Сегодня утром для меня не осталось сладких слов ... * вздыхает * ... как у тебя день, любовь моя? Вы начали учиться?"
0,Кент Вейл Лор ... ü Подождите 4 мне там?
0,"Хорошо. Очень хороший. Все дело в том, чтобы заработать эти деньги."
0,Чтение привычки GUD .. Nan Bari Hudgi Yorge Pataistha Ertini Kano :-)
0,Айс ты все еще хочешь получить деньги
1,БЕСПЛАТНО Top Top Ringtone-Sub to Weekly Ringtone-Get 1-й недельный подполирование бесплатной распределения до 81618-? 3 в неделю SMS-08718727870
0,ОК.
0,Вы в городе? Это V. Важно
0,"Извините, па, я не знаю, кто ru pa?"
0,Что ты там делаешь?
0,"Если я не встречусь с всем обрядом, я пойду домой, лор. Если я чувствую себя так, это нормально."
0,"О, мне заплатят. Самый выдающийся для рекламы, который я сделал для Hasbro ... в августе! Они заставили нас прыгать через так много обручей, чтобы получить плату. Все еще нет."
0,"Я опаздываю, так что позвони тебе завтра утром. Сладкие сны по уходу ... ты и я ... Уммируй ... пока."
0,Сетевая техническая поддержка.
0,Я собираюсь вырвать матку.
0,Прохладный. Тебе нравится плавать? У меня есть бассейн и джакузи в моем доме.
1,"Спасибо за заказ рингтона, ссылочный номер x49. Ваш мобильный телефон будет взиматься 4.50. Если ваш тон не появится, позвоните в службу поддержки клиентов 09065989182. Из: [color = red] Text [/color] txtstar"
0,"Да, почему бы и нет, банда готова"
0,Бланк пуст. Но что будет пустым? Ржу не могу
0,Я в фильме ... Соберите машину Ореди ...
0,Мы уже оставили мы сейчас в Orchard.
1,"Привет, 2 ночи, ты счастливчик! Вам был приглашен 2 XChat, чат UKS! TXT Chat к 86688 сейчас! 150p/msgrcvdhg/suite342/2lands/row/w1j6hl ldn 18 лет"
0,Ничего Spl .. Wat abt u и whr ru?
0,Пока нет чикку ... я свободен
0,"Aldrine, Rakhesh Ex Rtm здесь. PLS Call.Ugrent."
0,"Поиск 4 счастья - это 1 из D Основных источников несчастья! Примите жизнь так, как это приходит! Вы найдете счастье в каждый момент, когда живете."
0,"Я дома. Пожалуйста, позвоните"
0,"Я думаю, ты мог бы быть таким же хорошим оправданием, как и любое, лол."
0,"Разве FRND не является необходимым в жизни? Представьте себе, что вы чувствуете себя в что ты сделаешь с твоей ячейкой? что ABT функционирует? Thnk abt события Espe Will, пропущенные, пропущены & amp; раздражен тебя? 4wrd это для всех тех дорогих, любивших фрнды, с которыми ты не можешь жить .. Я сделал это .."
0,"Gud mrng, дорогой, хороший день"
0,Старый сад возле Univ. А ты?
0,"4 Тако + 1 Раджас Буррито, верно?"
0,"Это 6 фунтов стерлингов, это нормально?"
0,"Как улица, где находится конец библиотечной прогулки?"
0,"Примечание: если кто -то звонит из Mobile Co. & amp; просит вас ввести # & lt; # & gt;  или # & lt; # & gt; Полем Не делай этого. Отключите звонок, потому что это попытка «террориста» использовать SIM -карту №. ITZ подтвердил Nokia N Motorola N был проверен CNN IBN."
0,"Мы остановились, чтобы получить мороженое, и вернемся после"
0,Ты сшивал его брюк
0,Нет да. Полем Виджай собирается поговорить на Джая -телевидение
1,2/2 146tf150p
0,"Эй, мне скучно ... так я думаю о тебе ... так что ты делаешь?"
0,"Нет, среда. Когда я должен принести мини -сумку Cheetos?"
0,"Никто не называет свой пенис, название девушки, эта история не складывается вообще"
0,"Aight, дайте мне знать, когда вы будете рядом с USF"
0,Я нет. Она синхронизировала с Шангелой.
0,"Ü neva, расскажи мне, как я ... я не дома в а -й, что ..."
0,"Немного твоя улыбка - это моя hppnss, капля твоей слезы - это моя печаль, часть твоего сердца - это моя жизнь, сердце, как мое, заботится о тебе, как мой хороший друг"
1,"Уважаемый держатель ваучеров 2 утверждайте, что ваш лаундж аэропорта 1 -го класса при использовании вашего праздничного ваучера звоните 08704439680. При бронировании цитаты 1 -й класс x 2"
0,"Гул! Эй, моя любовь! Я думаю о тебе и надеюсь, что твой день пройдет хорошо. Вы спали? Я скучаю по тебе, детка. Я очень на данный момент мы снова вместе*любящая улыбка*"
0,"Ха -ха ... звучит безумно, не знаю, как тахан ..."
0,Почему ты так рано?
0,"Ты, что один медленный, как какашка"
1,Bloomberg -Message Center +447777706009 Зачем ждать? Подайте заявку на свою будущую карьеру http: //. bloomberg.com
0,"Я на Глостеруд, что нужно позже?"
0,Да :) Здесь телевизор всегда доступен на рабочем месте ..
1,"ДА! Единственное место в городе, чтобы встретиться с захватывающими взрослыми синглами, сейчас в Великобритании. TXT Chat к 86688 сейчас! 150p/msg."
0,"Лол нет, но желаю, чтобы я остался немного дольше"
0,"Бог спросил: ""Что такое прощение?"" Маленький ребенок дал прекрасный ответ: «Это чудесные фрукты, которые дает дерево, когда его болит камень .. Спокойной ночи ......"
0,Мы присоединимся к & lt;#& gt;  автобус
0,"Как только собирался спросить. Будет держать это. Может быть, поэтому вы не получили все сообщения, которые мы отправили вам на GLO"
1,Бесплатно на 1 -й недели! №1 Nokia Tone 4 Ur Mob каждую неделю только Txt nokia до 8007 Получите Txting и расскажите Ur Mates www.getzed.co.uk pobox 36504 W45WQ Norm150p/Tone 16+
0,K.i отправит в & lt;#& gt;  мин :)
0,"Буду ли я курить тебя, помогу нам работать в это трудное время"
1,"Кто -то, кого вы знаете, попросил нашу службу знакомств 2 связаться с вами! Не могу догадаться, кто? Позвоните 09058095107 Теперь все будут раскрыты. Pobox 7, S3xy 150p"
0,Да.
0,"Сэр Гудморс, однажды бесплатно позвони мне."
0,Куда ты меня зовишь.
0,"Был GR8, чтобы увидеть это сообщение. Итак, когда ты уходишь? Поздравляю, дорогая. Какая школа и планы."
0,"Любить это! Девушки в офисе могут задаться вопросом, почему вы улыбаетесь, но болит ..."
0,"Привет, вернулся назад, задавался вопросом, съел ли вас льва или что -то в этом роде, ничего особенного"
0,Помогает ли дядя Тими в очистке автомобилей
0,"Я пришел в общежитие. Я иду спать. Пожалуйста, позвони мне перед занятием. Хриши."
0,ОК ... но снова сумки ..
0,"Привет! Вы только что поговорили с Maneesha V. Мы хотели бы знать, если бы вы были удовлетворены этим опытом. Ответить бесплатно с да или №"
0,ОК Лор. Msg me b4 u sall.
1,"Мила, возраст 23, блондинка, новая в Великобритании. Я смотрю на секс с британскими парнями. Если тебе нравится веселье со мной. Текст mtalk до 69866.18. 30pp/txt 1st 5free. £ 1,50 приращения. Help08718728876"
0,"Однажды Fishrman проснулся в начале DNG. Было очень темно. Он немного ждал & amp; Нашел мешок с камнями. Он набрал время в море 2 прохода. Атласт у него был jus 1stone, Sun поднялся & amp; Он узнал, что эти камни, это были бриллианты. Мораль: «Не просыпайтесь рано в Drng '' Спокойной ночи"
1,"Претендуйте 200 покупок, просто позвоните 08717895698 сейчас! Вы выиграли! MOBSTOREQUIZ10PPM"
0,Тогда твоя физика получает А-?
0,"Дорогие друзья, извините за позднюю информацию. Сегодня день рождения нашего любящего Ar.Praveesh. Для получения более подробной информации войдите в Face Book и посмотрите. Его номер + & lt;#& gt; Полем Не пропустите восхитительное угощение."
0,Как r ü собирается отправить его мне?
0,Можете ли вы выполнять онлайн -транзакцию?
0,Уважаемый поезде и сиденье нижнее сиденье
0,"Дайте мне знать, если вам нужно что -нибудь еще. Салат или пустыня или что -то в этом роде ... сколько пива я получу?"
0,Что ты делаешь?
0,"Шлюша, ты невероятна."
1,"Хочу фантазировать ур -фон с еженедельным новым тоном ответом Tones2u 2 Этот текст. www.ringtones.co.uk, оригинал N Best. Применяются тарифы операторов сети 3GBP"
0,"Вы уверены, что не имеете в виду ""Got сюда, мы заставили вас держать все сорняки"""
0,"Я тебя люблю !!! Ты знаешь? Вы можете это почувствовать? Это делает ваш живот теплым? Я бы хотел, чтобы это было, любовь моя ... Я встречу с тобой во сне, Ахмад ... *Обожая поцелуя *"
1,"Твинк, медведей, горы, шкуры и спортсмены звонят сейчас. Не пропустите веселье на выходных. Позвоните по телефону 08712466669 в 10p/min. 2 Стоп текст звоните 08712460324 (ставка NAT)"
0,Любить это! Я хочу затопить эту красивую киску спермой ...
0,"Эй, ты злишься на меня. Ответь мне, доктор."
0,"Коротко, но мило: «Будь хорошим человеком, но не пытайтесь доказать это ..»."
0,"Также помните, что бусы не отрываются. Всегда."
0,"У них есть ветка в разделе «Пожелания» на форумах, где PPL публикуют запросы Nitro. Начните с последней страницы и соберите снизу вверх."
0,Впервые в истории «нужно» «комфорт» и «роскошь» продаются по той же цене в Индии .. !! Лук-RS. & lt;#& gt;  Бензин-RS. & lt;#& gt;  Пиво-рс. & lt;#& gt;  Shesil & lt;#& gt;
0,"Февраль & lt;#& gt;  День ""Я люблю тебя"". Отправьте DIS на все UR ""Valued frnds"". Если 3 вернется, ты замужем за человеком, ты любишь! Если вы проигнорируете, что вы потеряете свой luv 4 evr"
0,"На самом деле nvm, получил Hella Cash, мы все еще продолжаем для & lt;#& gt; ИС?"
1,"Мы попытались связаться с вами в ответ на наш предложение о телефонах видео? 750 В любое время, когда какие -либо сети мин? Неограниченный текст? Видеокамера? Ответить или позвонить 08000930705 СЕЙЧАС"
0,"Все в порядке, по крайней мере, Арманд все еще рядом"
0,"Нет да. Я счастлив, что мы сидим вместе на"
0,Yup Song Bro. Нет творчества. Качество теста Невы. Он сказал проверить обзор онлайн.
0,"Нет, чувак, это не фальшиво .. у меня есть деньги. rs и il getiing & lt;#& gt; rs .. Я могу нарисовать свой ACC Wen It It & lt;#& gt; rs .."
0,"Чувак, когда были эти странные пирожные, моя сестра сделала потрясающее печенье. Я сделал фото."
1,"СРОЧНЫЙ! Мы пытаемся связаться с вами. В прошлые выходные вытягивают, что вы выиграли приз в 900 фунтов стерлингов. Звоните 09061701851. Код претензии K61. Действительно только 12 часов"
0,"Пожалуйста, не ограничивайте ее от еды, а она любит в течение следующих двух дней."
0,"ММ, ты просишь его прийти достаточно :-)"
0,В похоронном бюро с Одри и папой
0,"Aight, вы можете написать мне адрес?"
0,"Отличный! Желаю, чтобы мы были вместе прямо сейчас!"
0,"Да, тогда нормально 7,30 или 8,30 для ледникового периода."
0,"Пожалуйста, я не буду верить Богу. Не только Иисус."
0,"Может. Не знаю, чтобы получить 4 ее ..."
0,"Еще не Чикку ..К, тогда, как и парень, он остановил раздражение или мсминг тебе .."
0,"Сколько времени нужно, чтобы получить его."
0,Это мой номер от Вивека ..
1,"74355 Рождественский Iscoming & UR присудили либо в подарочные ваучеры на CD, так и бесплатный вход 2 R £ 100 Weekly Draw Txt Music для 87066 TNC"
0,"извините, брат, только что закончил последний из моих экзаменов, как дела"
0,"Меня арестовали за владение, я не держу тебя, не так, как;  премьер -министр"
0,"Вы правы, хотя. Я не могу дать вам место, которое вы хотите и нуждаетесь. Это действительно начинает становиться проблемой. Я собирался предложить установить определенное движение-если я все еще там-после Греции. Но, может быть, вы готовы и должны сделать это сейчас."
0,Просто нормально здесь :)
0,"Пожалуйста, защитите себя от электронных угроз. SIB никогда не просит конфиденциальную информацию, такую ​​как пароли, ATM/SMS PIN -код по электронной почте. Никогда не делитесь своим паролем ни с кем."
0,"Я так по тебе скучаю, я так отчаянно отчаянно записал сообщение, которое вы оставили для меня на днях, и послушайте его, чтобы услышать звук вашего голоса. Я тебя люблю"
0,Привет. Я всегда онлайн на Yahoo и хотел бы поболтать с вами когда -нибудь
0,"Гудмор, срок его деда истек ... так что я сегодня в отпуске."
1,"Поздравляю, вы можете претендовать на 2 VIP -ряд билетов 2 C Blu в концерте в ноябре или гарантированном подарке Blu 09061104276, чтобы претендовать на TS & CS www.smsco.net стоимость £ 3,75max"
0,"Где ты ? Что ты делаешь ? Вы работаете над получением компьютера к маме? Вы нашли место, где это сработает? Ты мне нужен"
0,"Конечно, я посмотрю, смогу ли я немного пройти"
0,Я согласен. Так что я могу перестать думать об iPad. Не могли бы вы задать Мачо тот же вопрос.
0,"Давайте объединим наши деньги вместе и купим кучу билетов на лотерею. Если мы выиграем, я получим & lt;#& gt; % u Get & lt;#& gt; % Иметь дело?"
0,Хорошо.
0,Я задал вам вопрос несколько часов назад. Его ответ
0,"Смотрю телевизор. Хороший, тогда мне нравится Лор."
0,"Я думаю, что Ченнаи забыл приехать на аукцион .."
0,Тогда ü Приходите и выберите меня в 530 AR?
0,Ранняя птица! Есть еще какие -нибудь покупки?
0,"Пошел, чтобы заплатить арендную плату. Поэтому мне пришлось пойти в банк, чтобы разрешить платеж."
0,"Эрм ... я заберу тебя около 6:45 вечера. Это даст достаточно времени, чтобы добраться туда, парк и это."
0,"Эй, приятель! Как ты, дорогая? Ты получил хороший отпуск? Гимми де Госс! X."
0,Howz Pain. Это произойдет сегодня. Как я уже сказал ystrday.ice и медицина.
0,"Чили, пожалуйста! Это только десятичный;  Часовая езда для меня. Я спускаюсь все время и буду субаренду в апреле для сезона прослушивания."
0,"Да, Амма ... Жизнь занимает много поворотов, ты можешь сидеть только и попытаться удержать рулевое управление ..."
0,"Да, это то, что я подумал, я знаю, что что -нибудь пойдет позже"
0,"Мммм .... я не могу дождаться, чтобы лизнуть!"
0,"Пожалуйста, пойдет туда сегодня & lt;#& gt; Полем Я не хочу никаких оправданий"
1,"Фэнтезийный футбол вернулся на ваш телевизор. Зайдите в Sky Gamestar на Sky Active и сыграйте команду мечты в 250 тысяч фунтов стерлингов. Забивание начинается в субботу, так что зарегистрируйтесь сейчас! Sky откажитесь до 88088"
0,"Можете ли вы, пожалуйста, сказать мне ANS. Bslvyl отправлен через fillonsms.com"
0,Ты в одном в городе?
0,Я с нетерпением жду всех объятий секса ... всего лишь два сна
0,У нас есть все круглее :) Так что не требуется :)
0,"Нет, это правда .. k, ты не знаешь нет. & lt;#& gt; ?"
0,"Не волнуйся, 1 день очень большой ламбу джи vl, приезжайте .. потом наслаждайтесь партией Batchlor :-)"
0,"О, я ... открылся хип -хоп. Ха -ха, я думал, можно пойти на джазовый"
1,"БЕСПЛАТНО MSG: Одиночный? Найдите партнера в вашем районе! 1000 с реальными людьми ждут чата сейчас! Отправьте чат на 62220cncl Отправить остановки 08717890890 £ 1,50 за сообщение"
0,Я в порядке. Сделаю свое дело завтра
0,"Нет! Но мы нашли магазин Diff Farm, чтобы купить сыр. Сейчас я могу позвонить?"
0,Ты все еще работаешь сейчас?
1,"Выиграйте новейший Гарри Поттер и Орден Феникса (книга 5) Ответьте Гарри, ответьте 5 вопросов - шанс стать первым среди читателей!"
0,"Ага. Мне нравится розовая мебель, хотя."
1,БЕСПЛАТНО MSG: Рингтон! От: http: // tms. widelive.com/index. WML? ID = 1B6A5ECEF91FF9*37819 & First = true18: 0430-Jul-05
0,"Место для клиента, я буду сэр."
1,"Боже мой! Я снова нашел ваш номер! Я так рад, напишите мне обратно, Xafter, это MSGS CST std ntwk chg £ 1,50"
0,"Чистый сердечный человек может иметь замечательную улыбку, которая заставляет даже своих врагов чувствовать себя виноватым за то, что он враг ... так что поймайте мир своей улыбкой .. :) Goodmorning & amp; Удачного воскресенья .. :)"
0,"Эта милая девушка, ты знаешь, что Гейл неверна !! Береги себя, сладко и не беспокойся."
0,"Теоретически да, он мог бы прийти"
0,"Хорошо, мы подключены, где вы, ребята, в"
0,"Не то чтобы я знаю, большинство людей здесь все еще не в городе"
0,"Нет, позвольте мне сделать математику. Ты не умеешь это."
0,"О, хорошо, подожди 4 там ... моя лекция не закончилась"
0,"Да, мой обычный парень ушел из города, но есть определенно люди вокруг, я знаю"
0,Я присоединяюсь сегодня формально. PLLS продолжаю молиться. Позвольте поговорить позже.
0,"Счастливого или грустного, одна вещь о прошлом-«это больше нет», доброе утро :-) :-)."
0,Нет.
0,"Оки, но я боялся, ты сказал, что я жира ... Тогда ты уже меня заманишь ..."
0,ты получил это сообщение
0,"Извините, сэр, я позвоню вам завтра.  Senthil.hsbc"
0,"Что вам нужно. У вас есть человек, чтобы дать NA."
0,"Она оставила это очень расплывчатым. Она просто сказала, что сообщит человеку в бухгалтерском учете о задержанной арендной плате и о том, что я должен обсудить с жилищным агентством о моей аренде другого места. Но проверяя онлайн сейчас, и все места вокруг USC являются & lt;#& gt;  и вверх"
0,"Привет, Хуан. Я прихожу домой на пятницу, эй. Конечно, я ожидаю желанной вечеринки и много подарков. Я звоню тебе, когда вернусь. Множество любви Ники x x x x x x x x x x x"
0,"Можете ли вы, пожалуйста, сказать мне ANS. Bslvyl отправлен через fillonsms.com"
0,"Коротко, но мило: «Будь хорошим человеком, но не пытайтесь доказать это ..»."
0,"Gumby's имеет особенное, где A & lt;#& gt; ""Сырная пицца - 2 доллара, так что я знаю, что мы делаем сегодня вечером"
1,Ссылка на вашу фотографию была отправлена. Вы также можете использовать http://alto18.co.uk/wave/wave.asp?o=44345
0,Как личный размер или что
0,"То же самое, я на юбилейной вечеринке в Тарпон -Спрингс"
0,Кабина доступна. Они забирают и падают на дверных ступенях.
0,ОК .... Береги себя.umma тоже ...
0,Неограниченные тексты. Ограниченные минуты.
1,"Двойные минуты и 1000 TXT на апельсиновых тарифах. Последние Motorola, Sonyericsson & Nokia с Bluetooth Free! Вызовите MobileUpd8 по телефону 08000839402 или Call2optout/HF8"
0,Без проблем. Мы будем проводить много времени вместе ...
1,Срочно это наша вторая попытка связаться с U. Ваша приз в 900 фунтов стерлингов со вчерашнего дня все еще ожидает коллекции. Чтобы требовать звонка сейчас 09061702893. ACL03530150PM
0,Вы слышали на этой неделе?
1,"Уважаемый Дейв, это ваше последнее уведомление, чтобы собрать 4* Тенериф. Позвоните 09061743806 с стационарной линии. TCS SAE Box326 CW25WX 150PPM"
0,Да. Последняя практика
1,"сообщает U 2 звонить 09066358152, чтобы получить приз в 5000 фунтов стерлингов. У вас есть 2 Введите все ваши мобильные и личные данные @ подсказок. Осторожный!"
0,Нет. Спасибо. Вы были замечательными
0,В противном случае была работа на неполный рабочий день.
0,"Ü Означает, что это подтверждено ... Я, они, они говорят, он ... ОК, тогда ..."
0,Оки
0,"Это зависит. Как бы вы хотели, чтобы с вами обращались? :)"
0,"Прямо на брате, увидимся позже"
0,"Жду в E Car 4, моя мама лор. Ты Лех? Добраться до дома?"
1,Ваша учетная запись 2004 года для 07xxxxxxxxx показывает 786 негативных точек. Чтобы претендовать на звонок 08719181259 Код идентификатора: XXXXX истекает 26.03.05
1,"Вы хотите новый видео -телефон? 750 В любое время, когда какие -либо сетевые мин? Аренда половины ценовой линии? Видеокамера? Ответить или позвонить 08000930705 для доставки завтра"
0,"Быстро заснул, дорогой, позаботитесь."
0,"Нет, это просто означает, что у вас толстая голова"
0,Похоже на план! Кардифф все еще здесь и все еще холод! Я сижу на радиаторе!
0,"Серьезный? Что любило правильное так, как она играла"
0,"Она хорошо. Она задавалась вопросом, не скажете ли вы привет, но она улыбается сейчас. Так как ты справляешься с большим расстоянием"
0,"Как я не ... она сейчас в машине да ... позже, тогда, я ношу шорты ..."
1,У вас есть важное объявление о обслуживании клиентов. Позвоните Freephone 0800 542 0825 сейчас!
0,"Да, что бы ни лол"
0,Сегодня принять день .. вы принимаете меня как? Брат сестра Lover Dear1 Best1 Slock1 lvblefrnd jstfrnd cutefrnd lifpartnr belovd swtheart bstfrnd no rpl
0,"ARD 530 LOR. Я в порядке, тогда сообщение ü lor."
0,Хорошо. C U тогда.
0,"Эх у тебя ноутбук не получил запаса, Лей ... он говорит, что Мон Муз снова пришел, чтобы взглянуть на, не получил ..."
0,Не нужно ке Qi ... ü Слишком скучно Izzit y Вдруг этого ...
0,"Если бы! Я не думаю, что это снег так сильно. Но это будет больше, чем те, что мы обычно получаем таяние, прежде чем они попадут на землю. Эк! У нас не было снега с момента & lt;#& gt; Еще я родился!"
1,Бесплатно> рингтон! Ответить Real или Poly Eg Real1 1. Pushbutton 2. Dontcha 3. Babygoodbye 4. Golddigger 5. Webeburnin 1 -й тона
0,"Сделай 1 вещь! Изменить это предложение на: «Потому что я хочу, чтобы 2 концентрировались в моей образовательной карьере, я уезжаю здесь ..»"
0,"Да неужели? Выполнить, написать бумагу, пойти в фильм и быть дома до полуночи, а?"
0,"Хорошо, лор ... они все еще отпускают нас, не ах? Потому что они не узнают до позже. Мы бросаем наши карты в коробку, верно?"
0,Как? Иззит все еще дождь?
0,Как будто у меня не было достаточно проблем со сном.
0,Я еще не добавил ü верный ..
0,"LOL ... Мне действительно нужно помнить, чтобы поесть, когда я пью, но я очень ценю, что вы держите мне компанию в ту ночь, детка *улыбается *"
0,Детка? Я потерял тебя ... ты попробуешь перезагрузить?
0,"Да. Приятно, ты не можешь ага."
0,Я должен идти домой. Потому что я выхожу по магазинам 4 мои свободы присутствуют.
0,"НЕОООООООО, мне будет скучно до смерти весь день. Кабельный и интернет -отключение."
0,"СОС! Любая сумма, которую я могу получить, пожалуйста."
0,"Играть в космический покер, ты?"
0,Почему Гуян и сказал ей? Тогда ты ей сказал?
0,Тебе нужно встать. Сейчас.
0,Они дают второй шанс на Рахул Денгра.
0,"Да, на самом деле он просто спросил, нужно ли нам что -нибудь, как час назад. Когда и сколько?"
0,"Когда первый удар - красный. Птица + антилопа начинает топлей в области самостоятельности, верьте, что этот цветок раздора будет расти."
0,Ты будешь ходить туда? С Доктор?
0,У папы теперь есть BB.
1,"БЕСПЛАТНО MSG: Получить рингтон Gnarls Barkleys ""Crazy"" Полностью бесплатно, просто ответьте на это сообщение прямо сейчас!"
0,"Она граница, но да, что угодно."
0,Мне позвонили с стационарного номера. Полем Полем Меня просят приехать в Анну Нагар. Полем Полем Я пойду днем
0,"До 545 Лор ... да, может пойти на 4 ужина вместе ..."
0,Я буду нежной принцессой! Мы сделаем сладкую нежную любовь ...
0,"Как у тебя дела, девочка ?? Надеюсь, с тобой все в порядке, каждый раз, когда я звоню, телефон выключен! Я скучаю по тебе"
0,"Извините, рано ложился спать, ночная ночь"
0,"Мне нравится думать, что всегда есть возможность быть в пабе позже."
0,"Хм, да, если ты не слишком насыщен! И я с нетерпением жду своего Special :)"
0,"Я добрался до видео ленты Pple Type в сообщении LOR. Ты так бесплатно, что мне помогишь? ХИ ... Потому что я не буду наблюдать за адскими делами, так что спросите тебя. Спросить Шухуи Осо."
0,"Привет, чувак, hw r u dal"
0,"Я голоден купить еду, хороший lei ... но мама н Юнь Дун Ван Джуз купите немного ..."
1,"Отказался от ссуды? Защитный или необеспеченный? Не можете получить кредит? Позвоните бесплатно сейчас 0800 195 6669 или отправьте сообщение «Помощь», и мы будем!"
0,"Я, наверное, вообще не буду есть сегодня. Думаю, я собираюсь заскочить. Как прошли ваши выходные? Ты скучал по мне?"
0,Я это знал ... ты спал в позднем прошлом? Проснись так поздно ...
0,Ха -ха ... не сердись на себя ... воспринимайте это как практику для настоящей вещи. =)
0,Где это однажды тренировки :-)
0,Так что я мог поцеловать и почувствовать тебя рядом со мной ...
0,"Хорошего дня, дорогая."
0,Я отправил в почтовый ящик Ланре Фейкей
0,Ваш папа вернулся в PH?
1,Вы были специально выбраны для получения «премии 3000! Позвоните 08712402050 до закрытия линий. Стоимость 10 частей.
0,"Если вы спросите ее или она скажет что -нибудь, пожалуйста, напишите."
0,"Если время времени может, тогда я иду с ..."
0,"Люблю тебя, ати .. люблю тебя много .."
0,"Я просто позвонил, чтобы сказать привет. Береги себя, Брув!"
1,"Вы выиграли! Будучи ценным клиентом Vodafone, наш компьютер выбрал вас, чтобы выиграть приз в 150 фунтов стерлингов. Собирать легко. Просто позвоните 09061743386"
0,Ты включил обогреватель? Нагреватель был включен и установил на & lt;#& gt; градусы.
0,"Спасибо за ваше сообщение. Я очень ценю вашу жертву. Я не уверен в процессе прямой заработной платы, но завтра узнаю о своем обратном пути из теста. Я сейчас в классе. Удачный день."
0,"Это проблема с занятиями, которые идут хорошо - вы должны уклоняться от того, что ждет мой томо! Увидимся для выздоровления, в то же время, то же место"
1,Бесплатные телефоны видеокамеры с арендой линейки на полцены на 12 мест и 500 кросс -NTWK MINS 100 TXT. Call MobileUpd8 08001950382 или Call2optout/674 &
0,Ты вверх 2 Дж?
0,"Ночь, увидимся завтра"
0,"Заметано. Мы, наверное, пойдем примерно в 20"
0,"Ты думаешь, что любая девушка предложит тебе сегодня, увидев твое кровавое прикольное дерьмо, чертовое лицо ............... Асссшолиэе ................"
0,"Я бы хотел, чтобы ты был здесь. Я чувствую себя таким одиноким"
1,Отличное новое предложение - Double Mins & Double TXT на лучших апельсиновых тарифах и получение последних телефонов камеры 4 бесплатно! Позвоните MobileUpd8 бесплатно на 08000839402 сейчас! или 2stoptxt t & cs
0,"Причина в том, что бюджет команды доступен наконец, они покупают непроданных игроков по базовой ставке."
0,"CERI U Rebel! Сладкий мечта мне, маленький приятель !! C YA 2MORO! Кому нужны парни"
1,Рингтонекинг 84484
0,"Да, я не могу больше Ореди, сколько у нас страниц?"
0,"Его свобода уходит, тогда он в Лор. Не одинока, моя мама и сеса."
0,Общенациональный автомобильный центр (или что -то в этом роде) на Ньюпорт -роуд. Мне они нравились там
0,"Эй, я скучал по тебе вчера вечером, когда мой телефон был на зарядке ... * улыбается * ... я скоро встречаю друга"
0,"Что угодно, Джулиана. Делай все, что хочешь."
0,"Дружба - это не игра для игры, это не слово, чтобы сказать, она не начинается в марте и заканчивается в мае, это завтра, вчера, сегодня и E"
1,Ringtone Club: GR8 Новые полисы прямо на ваш мобильный телефон каждую неделю!
0,"Привет. Вроде как в городе уже. Что . Так что не спешите домой, я ем начос. Даст вам знать ETA."
0,"ОК Лор. В любом случае, я не могу получить билеты сейчас, как уже довольно поздно. Ты, ты будешь, посмотри 4 Ур Френс, нет? Даррен сейчас их WIF ..."
1,(Bank of Granite Assusts Sound Buy) Взрывной выбор для наших членов ***** более 300% *********
0,Я на пути к твоему дому
0,"Dizzamn, Aight, я спрошу своих соседей, когда вернусь"
0,"Нимбоссоны. Да, телефон знает это. Очевидно, потому что это настоящее слово"
0,Я люблю обниматься! Я хочу держать тебя в сильных руках прямо сейчас ...
0,Ты на этом континенте?
0,"Мы заплатим, как & lt;#& gt; лет, так что это не так уж сложно"
1,Скучные домохозяйки! Чат и свидание сейчас! 0871750.77.11! BT-National ставка 10 пенсов/мин только с стационарной линии!
1,Мы попытались позвонить вам на ваш ответ на наши SMS для видео мобильного мобильного 750 мин. Неограниченный текст бесплатный ответы на видеокамеру или позвоните сейчас 08000930705 Del
0,K ... k ... когда ты дадишь угощение?
1,"Это второй раз, когда мы пытались связаться с вами. Вы выиграли приз в 400 фунтов стерлингов. 2 Утверждение легко, просто позвоните 087104711148! Только 10 пенсов в минуту. BT-National-Rate"
0,"Он просто не будет волноваться. И он не даст вам денег, это бесполезно."
0,Вы получили какой -нибудь подарок? В этом году я ничего не получил. Так плохо
0,"Где -то там под бледно -лунным светом кто -то думает о тебе, где там сбываются мечты ... Гуднит & amp; сладкие сны"
0,"Что ж, появляется образец, когда мои друзья говорят мне поехать и курить с ними, а потом сказать, что я злодей"
0,", OW U Dey.i заплатил 60,400 -йусад. Я сказал, что вы позвоните."
0,"Я в порядке, детки, не были на 2 много! Видел страшный фильм, это довольно смешно! Хотите 2 млн днем? В городе или торговом центре или самере? Xx"
0,Я достигаю дома через 5 минут.
0,"Забыл, что ты сегодня работал! Хочу поболтать, но все в порядке, так что бросьте мне текст, когда ты свободен / скучно и т. Д., И я звоню. Надеюсь, все в порядке, эссе носа и все xx"
0,"Ха ... Тогда мы должны ходить везде ... не можем принять трамвай. Мой двоюродный брат сказал, что может идти до Vic Market из нашего отеля"
1,"WAN2 выиграл встречу+приветствие с Westlife 4 U или M8? Они в настоящее время в каком туре? 1) Нерушимый, 2) Untaded, 3) Неупрекновенный. Текст 1,2 или от 3 до 83049. Стоимость 50p +std текст"
1,"Пожалуйста, позвоните на нашего представителя по обслуживанию клиентов на Freephone 0808 145 4742 с 9:00 до 11 вечера, так как вы выиграли гарантированные 1000 фунтов стерлингов или 5000 фунтов стерлингов!"
0,"Обсудил с матерью, а?"
0,Хорошо.
0,"Извините, я не могу написать & amp; Следительно проехать, увидимся в двадцать"
1,В ближайшее время вы получите рингтон Triple Echo на этой неделе. Наслаждайся этим!
0,В каком месте я могу получить комнаты дешево :-)
0,"Эк, это много времени, тем более что американский пирог длится 8 минут. Я не могу перестать петь его."
0,Gran только выйти из -за дни назад. Cusoon honi
1,"Вы были выбраны, чтобы остаться в 1 из 250 лучших британских отелей - ничего! Праздник оценивается в 350 фунтов стерлингов! Наберите 08712300220, чтобы претендовать - национальный звонок по ставке. BX526, SW73SS"
0,Университет Южной Калифорнии.
0,Мы должны выбрать Райана Маклерана там.
0,U Gd Lor Go Shopping У меня есть занятия. Ты не смотришь на адские дела не? Приходите в лар ...
0,Хорошо. Шарики Время совершать звонки
0,Что время ü wan сегодня?
0,& lt;#& gt;  в MCA. Но не соответствует.
0,"О, хорошо .. У тебя электронное письмо?"
0,"Да, принцесса. Ты собираешься заставлять меня стонать?"
0,"Лол, все в порядке, я не помнил, пока в последний раз"
0,"[…] В любом случае, много хороших вечеров для тебя! с"
0,"Круто, я напишу тебе несколько"
0,"Извините, Викки, я смотрю фильм Олава Мандара Кано в Театре Тришула с моими фндами .."
0,"Я очень рад за тебя, детка! Уо -уу, вечеринка на чуваке!"
0,Я беру тебя за итальянскую еду. Как насчет красивого платья без трусиков? :)
0,Ты вверх 2? Ты собирался мне позвонить !! Txt bak luv k
1,"Вы решили получить награду за 350 фунтов стерлингов! Пожалуйста, позвоните по номеру требования 0906364311, чтобы собрать свою награду, которую вы выбрали для получения в качестве ценного мобильного клиента."
0,Как ты держишься?
0,"Не льстись себе ... Скажи этому человеку две пинты Карлина за десять минут, пожалуйста ...."
0,"Надеюсь, ты не боишься!"
0,"Я не могу выбрать телефон прямо сейчас. Пожалуйста, отправьте сообщение"
0,Я дома и готов ...
1,"Пожалуйста, позвоните на нашего представителя по обслуживанию клиентов на Freephone 0808 145 4742 с 9:00 до 11 вечера, так как вы выиграли гарантированные 1000 фунтов стерлингов или 5000 фунтов стерлингов!"
0,В какое время ты уходишь?
0,"Я буквально в постели и был в порядке, как & lt;#& gt;  часы"
0,"Да, мой рег Ciao!"
0,Если вы имеете в виду сайт. Да.
1,Выиграть денежный приз в размере 1000 фунтов стерлингов или приз стоимостью 5000 фунтов стерлингов
1,"Спасибо за ваш заказ рингтона, ссылочный номер x49. Ваша мобильная мобильная связь будет взиматься 4.50. Если ваш тон не прибудет, позвоните в службу поддержки 09065989182"
0,LOL или я мог бы просто голодать и потерять фунт к концу дня.
0,"Да, это впечатление, которое я получил"
0,"ОК, ОК, Береги себя. Я могу понять."
0,"Мотивируйте каждую тьму, ждет сияющий свет"
0,"Я в порядке, потом ужинал?"
0,Я спал в то время. Ты там?
0,"Не строить планы на NXT WKND, потому что она хочет, чтобы мы спустились, тогда хорошо"
0,"Когда начинается школа. Где ты останешься. Какая там погода. И еда. У вас есть такая система социальной поддержки, как друзья в школе. Все это важно."
0,"Ha ha nan yalrigu heltini..iyo kothi chikku, ты поделился многими вещами с со мной ... так что я не сказал ни одного тела и даже не произнесло слово abt u .. Если ты так доверяешь мне, как я могу сказать это другим .. пл."
0,"Noice. Напиши мне, когда ты здесь"
0,"Привет, диджи, мы встречаемся в 7 часов вечера в Esaplanade сегодня вечером."
1,"Moby Pub Quiz.win приз в Хай -стрит за 100 фунтов стерлингов, если вы знаете, кем будет новая герцогиня Корнуолл? TXT ее имя на 82277. Unsub Stop £ 1,50 008704050406 SP"
1,"В этой неделе предложения участников Savamob теперь доступны. Просто позвоните по телефону 08709501522 для деталей! Savamob, Pobox 139, LA3 2WU. Только 1,50 фунтов стерлингов в неделю. Savamob - предлагает мобильный!"
0,"Айс я был освобожден, думаете, что вы можете написать мне адрес Блейка? Это пришло для меня, я не так уверен, что делаю, как я думал"
0,"Привет, дорогой, мы видели дорогой. Мы оба счастливы. Где ты моя батарея низкая"
0,Как вы. Это были возрасты. Как ABJ
0,Проф.: Вы прошли во всех документах в этом SEM поздравляю. Полем Полем Полем Студент: Enna Kalaachutaarama .. !! Проф.: ???? GUD MRNG!
0,"Не пинай Коко, когда он вниз"
0,"К вашему сведению, я собираюсь называть тебя спорадически, начиная с как & lt;#& gt;  до н.э. мы не делаем это дерьмо"
1,"С вами связывается с нашим службой знакомств кем -то, кого вы знаете! Чтобы узнать, кто это, позвоните с вашего мобильного или стационарного линии 09064017305 Pobox75ldns7"
1,"TBS/Persolvo. С сентября преследовал нас за 38 фунтов стерлингов, определенно не платят сейчас благодаря вашей информации. Мы проигнорируем их. Кат. Манчестер."
0,"Надеюсь, ты не повеселяешься без меня !! Увидимся завтра, люблю Джесс Х"
0,"Хорошо, я не буду звонить и не беспокоить никого. Я знаю, что все избегают меня. Я бремя для всех"
0,Я добрался до дома и купаю Ляо ... ты можешь позвонить мне сейчас ...
1,"Кредиты для каких -либо целей, даже если у вас плохой кредит! Добро пожаловать. Позвоните Noworriesloans.com по телефону 08717111821"
0,"Был ли фактический экзамен труднее, чем NBME"
0,"Многое из этой болезни идет вокруг. Не принимайте близко к сердцу. Надеюсь, тебе скоро станет лучше. Ржу не могу"
0,"Бог поднял цветок и Diphiphitinadew, с любовью тронул его, который у вас, и он одаренная TomeandAde, этот друг 4U"
1,87077: Начните новый сезон с 2WKS Free Hole & News для UR Mobile! Txt ur Club Название до 87077 EG Villa To 87077
0,"Эй, Сатья До сих пор мы не встречаемся ни на одну раз, чем я могу увидеть ситуацию Сатья."
0,Гам ушел после выдающихся подач.
0,O Я играл в Smash Bros & lt;#& gt;  религиозно.
0,"Сэр, доброе утро. Надеюсь, у вас были хорошие выходные. Я позвонил, чтобы сообщить вам, что я смог поднять & lt;#& gt;  От моего отца. Однако он сказал, что сделает остальное доступным к середине февраля. Эта сумма все еще довольно короткая, и я надеялся, что вы поможете. Хорошего дня. Абиола"
0,Спешите домой. Суп готов!
0,Нет. Я проверю все комнаты за мероприятиями
0,"Добрый день, любовь моя. Было приятно видеть ваши слова на YM и получить свой TM. Очень умный ход, мой раб ... * улыбается * ... я пью свой кофе и жду тебя."
0,"Довольно хорошо, но немного бывш ... тебе лучше пойти поесть, сейчас, я чувствую себя виноватым ..."
1,"Orange приносит вам рингтоны из Heroes All Time Heroes, с бесплатным хитом каждую неделю! Перейдите на рингтоны и фото на WAP. Чтобы прекратить получать эти советы, ответ Остановка."
0,"Лемм узнай, когда ты здесь"
1,ЧАСТНЫЙ! Ваша заявление учетной записи 2003 года за 07973788240 показывает 800 не вырученных S. I. M. Points. Звоните 08715203649 Код идентификатора: 40533 истекает 31/10/04
0,Ему нужно перестать ложиться спать и делать с чертовой сделки
0,"Как ты, моя любовь ? Вы со своим братом? Время поговорить с ним по -английски? * Ухмыляется* Скажи: Привет, Мухаммад, Пенни говорит привет со всего моря"
1,Мы попытались позвонить вам в ваш ответ на наши SMS для видео мобильного мобильного 750 мин.
0,"Эй, док, пожалуйста, я хочу получить хорошую футболку для моего мужа, красивые благи, мой бюджет:#& gt; k Помогите, пожалуйста, я буду загружать D Card Abi HW, держите меня в курсе. 2 MJ"
0,"Я остаюсь неубедительным, что это не тщательно продуманное испытание моей силы воли"
0,"Жизнь - это ничего, что все получит. Но «Жизнь - это все, что ты что -то скучаешь». Реальная ценность людей будет реализована только в их отсутствие .... GUD MRNG"
0,Как вы? Я скучаю по тебе!
0,"Я не отвечаю на телефон в том, что на самом деле довольно разумно, но я сонный"
0,"Эй, * обряд ты положил »10 Эй, это все?"
0,"Я иду спать сейчас, принц"
0,"Я думаю о себе ... спасибо и увидимся, Томо"
0,"Если вы Dun ездят, то как я иду 2 Sch."
0,"Я сейчас не дома, Лей ..."
1,GSOH? Good with SPAM the ladies?U could b a male gigolo? 2 Присоединяйтесь к самому быстрорастущему мужскому клубу в Великобритании Oncall. mjzgroup. 08714342399.2 Стоп ответов. msg@£1.50rcvd
0,"Хорошо, тогда я приеду к твоему дому через полчаса"
1,"У вас есть секретный поклонник, который ищет 2, вступая в контакт с U-Find Out, кого они показывают, кто считает, что у вас такой специальный вызов на 09058094599"
0,У тебя есть какой -нибудь фнд по имени Ашвини в твоем колледже?
0,"JUS заканчиваю свой обед по дороге домой, и я, я могу быть, остаться в SCH сегодня ..."
0,K Тогда 2 -й Marrow вы идете в класс.
1,"Hot Live Fantasies Call Now 08707500020 только 20 пенсов за мин NTT Ltd, PO Box 1327 Croydon CR9 5WB 0870 - это национальный звонок"
0,"Пожалуйста, пришлите мне свой адрес, сэр."
0,Я хочу сейчас лизать твою киску ...
0,"Эй, ты все еще собираешься быть в наличии завтра/сегодня? Я пытаюсь получить дабсак"
1,СРОЧНЫЙ! Ваш мобильный номер был награжден <UKP> 2000 гарантированным призом. Позвоните 09061790125 с стационарной линии. Претензия 3030. Действительно 12 часов только 150 млрд.
0,"Я посмотрю, но, да, да"
0,"Думал, что мы можем пойти на ужин. Я обратимся к тебе! Кажется, в порядке?"
0,Где ты ? Что вы делаете ? Как ты можешь быть вдали от меня? Ваше сердце не болит без меня? Ты не удивляешься обо мне? Разве ты не жажду меня?
0,"Извини. Вы никогда не услышите, если вы забронируете это. Одним из них была шутка-они действительно искали тощих белых девушек. Другая была одной линией-вы можете сделать только так много на камере с этим. Что -то вроде этого, они играют на внешнем виде."
0,Что у тебя дела? Как дела?
0,"Конечно, большой человек. У меня хоккейные выборы в 6 лет, хотя не должен продолжаться дольше, чем час"
0,"Смотреть, лор. Я видел несколько образцов, я вполне нормально. ARD 116, но мне нужно 2 -е мнение, Leh ..."
0,"Привет, тебе нравятся фото, фото выглядели ужасно, так что вытащили Мо! Как лагерь Amrca? Скоро говорите, Серена :)"
0,"Младенец! Как дела в тот день? Что ты задумал ? Я уже скучаю по тебе, моя любовь ... * любящий поцелуй * ... надеюсь, все пойдет хорошо."
0,Юньни ... я собираюсь опоздать
0,"Док назначил мне морфин, потому что других обезболивающих лекарств недостаточно. Жду, когда моя мама принесет это. Эта медис должна быстро набраться, поэтому я постараюсь быть включенным позже"
0,"Круто, хочу, чтобы я пошел в Каппу или я должен встретиться с тобой за пределами Му"
0,"Эй, сексуальные булочки! Я тебе говорил? Я обожаю тебя, Лавербой. Я надеюсь, что вы помните, чтобы поблагодарить свою невестку за эти фрикадельки * улыбаются * ... я люблю тебя, детка"
0,Может одобрить Panalam ... но у него должно быть больше постов ..
1,"Spjanuary мужская распродажа! Горячий гей чат теперь дешевле, позвоните по номеру 08709222922. Национальная ставка от 1,5 пенса/мин дешево до 7,8 п./Мин Пик! Чтобы остановить тексты звонить 08712460324 (10p/min)"
0,"Извините, я позвоню позже"
0,"Я не знаю, это неправильный звонок между нами"
0,Я не работаю. Как только я получаю работу ...
0,"И когда ты закончишь, я имею в виду сейчас"
0,"Удажи, чтобы любить кого -то. Это твое состояние любить того, кто любит тебя. Но это чудо любить человека, который не может любить никого, кроме тебя ... Гуд Нью -Йорк ..."
0,"Привет, детка, я только что вернулся с работы, и я хотел увидеть тебя, Альдэй! Я надеюсь, что сегодня я не разозлил тебя по телефону. Если ты встанешь"
1,"Freemsg сегодня в тот день, если вы готовы! Я возбужден и живу в вашем городе. Я люблю секс -веселье и игры! Netcollex Ltd 08700621170150P за MSG Ответ Остановка до конца"
0,"Это твои мальчики Yahoo, которые приносят перфу? Или законно."
0,"Не нужно ничего мне говорить. Я знаю, что я посторонний"
0,У вас когда -нибудь была одна нога раньше?
0,Только что дошло до & lt;#& gt;
0,"Хороший! Нет, не нужны квитанции - ну, сделаны! (…) Да, скажите, пожалуйста. Какой ее номер, я мог бы позвонить ей"
0,"Когда-либо зеленая цитата, когда-либо говорила Джерри в мультфильме «Человек, который всегда раздражает тебя,-это тот, кто любит тебя много, но не может выразить это ...! .. !! :-) :-) Гуд Нью-Йорк"
0,"Оставь это мне, чтобы я ... ü wan нести меня так тяжело ... Da num 98321561 знаком с ü?"
0,Красивая истина: выражение лица можно было увидеть всем ... но депрессия сердца может быть понята только любимыми .. Gud Ni8 ;-)
0,"На самом деле с новым годом. Как ты, где ты, когда мы видим"
1,"В фильме «Симпсоны», выпущенный в июле 2007 года, назовите группу, которая умерла в начале фильма? A-Green Day, B-Blue Day, C-Red Day. (Отправьте A, B или C)"
0,"Это позор! Может, CLD встречается в течение нескольких часов, Томо?"
0,"Лол, я бы, но, несмотря на эти судороги, мне нравится быть девушкой."
0,"Я могу дождаться Корнуолла. Надеюсь, сегодня вечером тоже не очень плохо, но это Rock Night Shite. В любом случае, я собираюсь на Кип, теперь спокойной ночи. Поговори с тобой в ближайшее время."
0,"Пожалуйста, помогите мне сказать Суре, что я ожидаю батареи от Hont. И это, если пожалуйста, пришлите мне сообщение о том, как загрузить фильмы. Спасибо"
1,"Пожалуйста, позвоните в Аманду в отношении обновления или модернизации вашего текущего телефона T-Mobile бесплатно. Предложение заканчивается сегодня. Тел 0845 021 3680 в зависимости от T's и C's"
0,"Не нашел способ получить другое приложение для вашего телефона, а? Вы пойдете в сетевое кафе? Вы взяли эту работу? Ну, ты мне нужен, детка. Я жажду тебя видеть ..."
0,"Я работаю только с понедельника на четверг, но я не могу Лех ... забронировал Ляо ... В какой другой день ты свободен?"
0,"Ü comin, чтобы принести нам, Ореди ..."
0,Какой адрес Nannys?
1,"СРОЧНЫЙ!! Ваш 4* Costa Del Sol Holiday или 5000 фунтов стерлингов ожидают коллекции. Позвоните 09050090044 теперь Toclaim. SAE, TC S, POBOX334, Стокпорт, SK38XH, стоимость 1,50 фунтов стерлингов/PM, Max10Mins"
0,Ты съел? Что ты замазаешь меня 2?
1,"Хотите новый видеофон? 750 В любое время, когда какие -либо сетевые мин? Бесплатный текст аренды на полцены на 3 месяца? Ответить или позвонить 08000930705 для бесплатной доставки"
0,"Эй, позвони мне, когда у тебя будет шанс, мой друг хотел, чтобы я спросил тебя о большом заказе"
0,"Эти единственные ответы мы сражаемся? Плюс я сказал, что я сломался, и ты не ответил"
0,"Это, безусловно, ставит вещи в перспективу, когда что -то подобное происходит"
0,Теперь есть телевидение 2 смотреть Meh? Ты сегодня нет?
0,Я чувствовал себя так ... не по какой -либо причине.
1,Был ваш мобильный телефон 11 месяцев или более? U R имеет право на обновление до последних цветовых мобильных телефонов с камерой бесплатно! Позвоните в мобильное обновление CO бесплатно 08002986030
0,"Как дела? Запланировано какие -нибудь захватывающие мероприятия типа караоке? Я обсуждаю, играть ли футбол в эту канун. Чувствует себя ленивым."
0,"Я сказал, что я приду в среду."
0,"Все в порядке, вместо этого зовут маму весело"
1,"Уважаемый держатель ваучеров, чтобы претендовать на предложение этой недели, на вашем компьютере, пожалуйста, перейдите по адресу http://www.wtlp.co.uk/text. TS & CS применяется."
0,"Что ж, если я такой отчаянный, я просто снова позвоню Арманду"
0,Вы сейчас на работе?
1,Поздравляю! Nokia 3650 Video Camera Phone - это ваш звонок 0906382422 ЗАПИСЬ Стоимость 150ppm Ave Call 3MIN
0,"Ничего не слышал, и он не отвечает на мои тексты, так что я предполагаю, что он сломался. Тем не менее, JB фантастический"
0,"Мммммм ... Я так люблю тебя, Ахмад ... Я не могу дождаться этого года, когда каждая секунда поднимает меня ближе к твоей стороне. С Новым годом, любовь моя !!"
0,"Пожалуйста, каково полное имя школьного плата за шутку в университете Флориды, похоже, на самом деле является & lt;#& gt; k. Пожалуйста, обратно"
0,"Извините, я позвоню позже"
0,"ОК ... но они сказали, что у меня есть зубы мудрости, спрятанные внутри N Mayb, нужно 2 удалить."
0,"И, пожалуйста, выпейте много воды"
0,Как дела. Как королева. Ты собираешься на королевскую свадьбу
0,"Он в отстатии. Это просто печальная часть, но мы поддерживаем связь благодаря скайпу"
0,"Хорошо, тогда мы идем в турнир ..."
0,Две команды ждут некоторых игроков
0,Можно ли прислать мне копию DA Report?
0,"Swhrt, как ты, надеюсь, ты в порядке, ты, 2 дня."
0,"ОК, да, я уже планировал. Я тебя выберу."
1,"Срочный! Пожалуйста, позвоните по номеру 0906346330. Ваша бесплатная ABTA 4* Испанский праздник или 10 000 фунтов стерлингов."
0,"Извините, я позвоню позже на встрече"
0,"Мне просто очень нужно дерьмо до завтра, и я знаю"
0,Я в порядке. Вы зарегистрировались для голосования?
0,"Хм, хорошо, я останусь на час, потому что мой глаз действительно болит!"
0,Уважаемая автобус прямо в Каликут
0,"М.М. Умма попросит Ваву также прийти сказать ему, что он может сыграть позже вместе"
0,"Ну, общая цена -#& gt; /oz, дайте мне знать, если/когда/сколько вы хотите"
0,"Извините, я позвоню позже"
0,"Каждый момент в день, как утро, утро, надежда, день приносит веру, вечер приносит Лув, ночь отдыхает, желаю, чтобы вы нашли все сегодня. Хорошее утро"
0,"& lt;#& gt;  W Jetton Ave, если вы забыли"
0,"Хорошо, я сейчас прихожу домой."
0,Не могу использовать иностранные марки в этой стране.
1,"Двойные минуты и TXTS 4 6 месяцев бесплатно Bluetooth на апельсине. Доступно на телефонах Sony, Nokia Motorola. Call MobileUpd8 по телефону 08000839402 или Call2optout/N9DX"
0,"Извините, это много друзей друга, я только сейчас собираюсь поговорить с настоящим парнем, который хочет купить"
1,Бесплатно на 1 -й недели! №1 Nokia Tone 4 Ur Mob каждую неделю только Txt nokia до 8007 Получите Txting и расскажите Ur Mates www.getzed.co.uk pobox 36504 W45WQ Norm150p/Tone 16+
1,"Хочу фантазировать ур -фон с еженедельным новым тоном ответом Tones2u 2 Этот текст. www.ringtones.co.uk, оригинал N Best. Применяются тарифы операторов сети 3GBP"
1,"Cmon Babe, сделайте меня возбужденным, * включите меня! Txt мне теперь твоя фантазия, детка -) я горячий, липкий и нужен ты сейчас. Все ответы стоят £ 1,50. 2 Отмена отправить остановку"
0,Я приду завтра
0,Обновление Wylie: мой дилер сорняков Карлос отправился в свободу и прошел урок с Лансфордом
0,"Вы счастливы, детка? Ты в порядке? Вы взяли эту работу? Надеюсь, у тебя все в порядке. Я посылаю тебе поцелуй, чтобы ты улыбнулся со всего моря ... *Поцелуй * *Поцелуй *"
0,"C Фильм - это решение в последнюю минуту. Джуз смотрит 2 LAR, но я не заинтересован."
0,"Как вам этот семестр? Береги себя, брат."
1,"Важная информация 4 Orange User 0796xxxxxx. Сегодня у тебя счастливый день! 2 Узнайте, зачем войти на http://www.urawinner.com, есть фантастическая Prizeawaiting вас!"
0,"Получите дверь, я здесь"
0,"Давай используем его на следующей неделе, принцесса :)"
0,"Или я иду домой сначала, lar ü Подожди 4, лор .. я сначала положил свои вещи .."
0,"Я хочу, чтобы KFC это вторник. Купите только 2 пищи только 2. Без соуса. Только 2 отметки. 2!"
0,Нет да :) Он глупый да .. всегда посылает так :) Дон верю в любое из этих сообщений.
0,"Ой, когда ты собираешься позвонить"
1,"Пропущенное предупреждение о вызове. Эти цифры называются, но не оставили сообщения. 07008009200"
0,"Я присутствовал, но ничего нет."
0,"ARD 530, как Dat Lor. Мы встречаемся на станции MRT, а затем выходите."
0,"Нет, дорогая, я спал:-p"
0,"Er MW Im заполнен, Tuth - это Aight"
0,Будет офис около 16:00. Теперь я иду в больницу.
0,"На самом деле я жду 2 недели, когда они начнут размещать рекламу."
0,"Что -нибудь, если они все пойдут, тогда я иду ..."
0,"Ты бесплатно на Sat Rite? Ты будешь смотреть на адские дела, когда я и Даррен нэмб xy?"
0,"Примечание: если кто -то звонит из Mobile Co. & amp; просит вас ввести # & lt; # & gt;  или # & lt; # & gt; Полем Не делай этого. Отключите звонок, потому что это попытка «террориста» использовать SIM -карту №. ITZ подтвердил Nokia N Motorola N был проверен CNN IBN."
0,Ты вокруг? Мой друг захочет забрать позже сегодня вечером
0,Глупо
0,Двойное выселение на этой неделе - Спираль и Майкл и хорошее избавление для них!
0,"Мир много страдает ... не из -за насилия плохих людей. Но из -за молчания хороших людей!, Gud Night ...."
0,"Хорошо, это круто. Это, недалеко от Raglan Rd или Edward Rd. За землей в крикет. Получите кольцо, когда у тебя близко увидишься во вторник."
0,"Купи для меня одно яйцо, да .. :)"
0,Вы начали в Скай
0,"Вы забронировали хижину? А также твое выходное время? Как ты, кстати?"
0,"И несколько для вас, сэр."
0,Ты действительно так много спишь. Мой папа разбудил меня в 10 SMTH 2 сегодня обед.
0,"Я дома. Пожалуйста, позвоните"
0,"Моя любовь ... Надеюсь, ты ничего не делаешь радикально. Не смей продать свой компьютер или телефон ..."
0,Теперь только я добрался до дома. Полем Полем Я сейчас очень устал. Полем Я приду томорро
1,"Freemsg: Наши записи указывают на то, что вы можете иметь право на 3750 фунтов на аварию, который у вас был. Чтобы требовать бесплатного ответа с да на этот MSG. Чтобы отказаться от текстовой остановки"
1,"Вы можете выиграть 100 фунтов стерлингов музыкальных подарочных ваучеров каждую неделю, начиная с того, что слово «Draw» до 87066 TSCS www.idew.com Skillgame, 1Winaweek, Age16. 150ppermessSubscription"
0,"Одежда жизни в стиле жизни нет, пожалуйста."
0,"Lol wtf случайный. Кстати, это ваш обеденный перерыв"
0,"Сез, как ты и арабский мальчик? Надеюсь, ты все хорошо отдай мою любовь 2 evry1 love ya eshxxxxxxxxxxx"
0,"Младший человек! Просто чтобы вы знали, что вас не хватает и продумали. Удачного дня. И если вы можете прислать мне номера Бимбо и Уго, я ценю. Безопасный"
0,Детройт. Дом снега. Наслаждайся этим.
1,Покажи свои цвета! Евро 2004 2-4-1 Предложение! Получите флаг Англии и 3Lions Tone на свой телефон! Нажмите на следующее сообщение службы для получения информации!
0,Оки ...
0,"Aight, я чиллин в комнате друга, так что напишите мне, когда вы едете"
0,Toshiba Portege M100 GD?
0,"Ну, WELP - это своего рода полуобозначение Интернета"
1,"Текст проходит к 69669, чтобы собрать ваши полифонические рингтоны. Обычные заряды GPRS применяются только. Наслаждайтесь вашими тонами"
1,"соответственно. Я повторяю, просто напишу слово «ОК» на своем мобильном телефоне и отправляю"
0,Лосу идите в больницу. Не позволяйте этому небрежно.
0,Сколько за восьмое?
0,"Боже, Джоанна меня волнует. Она посмотрела через всех моих друзей, чтобы найти мои фотографии. А потом она спрашивает о вещах на моем MySpace, которые я даже не вошел в систему за год. :/"
0,"Отправьте свою дату рождения с месяцем и год, я буду называть имена партнера по жизни. и метод расчета. Ответ должен."
0,"Джуз теперь не проснулся, так что немного размыто, может? Папа вышел, Ляо ... Я не могу кончить, Осо ..."
0,"Как насчет одежды, украшения и поездок?"
1,"Block Breaker теперь поставляется в роскошном формате с новыми функциями и отличной графикой от T-Mobile. Купить всего за 5 фунтов стерлингов, ответив"
0,Ааа! Обниматься была бы пышной! Мне нужно много чая и супа перед каким -либо шариком!
1,"Важная информация 4 Пользователь Orange. Сегодня ваш счастливый день! 2find, зачем зайти на http://www.urawinner.com. Вас ждет фантастический сюрприз!"
0,Я опоздал. Я буду там в
0,"Печальная история о человеке - на прошлой неделе был мой день. Моя жена не пожелала мне. Мои родители забыли n, как и мои дети. Я пошел на работу. Даже мои коллеги не хотели."
0,Вы планы с семьей в камне?
0,"Пожалуйста, не забудьте учиться"
0,"Вы никогда не поверите в это, но я на самом деле вышел в Тонтон. Ух ты"
0,"DEN Только будние дни получили специальную цену ... Хайз ... не могу съесть Ляо ... нарезать гвозди Осо, Муз подожди, пока я не закончу Дривин, что, обед еще"
0,"Она только что сорвала список причин, почему никто не в городе, и я не могу сказать, саркастична или просто фэгги"
0,"& lt; Decimal & gt; М, но это не общий автомобиль здесь, поэтому лучше покупать в Китае или Азии. Или если я нахожу это дешевле. I.ll Holla"
0,"Наибольшее испытание мужества на Земле - нести поражение, не теряя сердца .... GN TC"
0,"Извините, я стил трахнул после того, как последний вечер пошел в 430, 430, 4 работа в 630"
0,"Эй, в какой план этот сидел?"
0,Красотный сон тоже может помочь твоим прыжкам.
0,"Большой. Надеюсь, вы используете свои подключения из режима, мужчины, потому что вы никогда не узнаете, почему старые друзья могут привести вас к сегодняшнему дню"
1,Наталья (25/f) приглашает вас стать ее другом. Ответить да-440 или нет-440 См. Она: www.sms.ac/u/nat27081980 Стоп? Отправить остановку на 62468
0,Где их получить?
0,"Вроде. Просто пропустил поезд, потому что атака астмы, nxt один за половину, так что въезжает. Не уверен, где парковаться."
0,Мяч много движется. По -прежнему вращается :) Так сложно бить :)
0,"Хайёх ... может быть, твой хомяк завидовал миллиону"
0,Не могли бы вы прислать мне номер моей тетя
0,Я рад. Вы следите за своими мечтами.
0,Я наконец добрался до дома ...
1,"СРОЧНЫЙ. Важная информация для 02 пользователя. Сегодня твой счастливый день! 2 Узнайте, почему, войдите на http://www.urawinner.com. Вас ждет фантастический сюрприз!"
1,Победитель !! В качестве ценного клиента сети вы были выбраны для получения призового вознаграждения за 900 фунтов стерлингов! Чтобы требовать звонка 09061701461. Код претензии KL341. Действительно только 12 часов.
0,"Чем пострадал от D Prsn, который закрывает 2 u, дразнить остроумие. Потому что время от времени сражается с спасением, Bt, будучи тихим, листья ничего в отношении .. Gud eveb-)"
0,Ты можешь позвонить сейчас ...
0,"Наука говорит, что шоколад будет таять под солнечным светом. Пожалуйста, не идите под солнечным светом. Bcoz, я не хочу потерять милого друга."
0,Да. Я приезжаю в Нью -Йорк за зрителями и пытаюсь переехать.
0,Я заставил тебя там раньше
0,"Поздравляю. Замечательно. Я хотел сказать вам, что не рассказываю мне свою оценку, потому что это может заставить меня расслабиться. Но это мотивирует меня, так что спасибо, что поделились"
0,"Я не против, если ты не скучаешь по мне или мне не понадобится ... но ты действительно причинишь мне боль, когда мне нужно, чтобы я тебе нужен Ты не говоришь мне ......... Береги себя :-)"
0,"Эй, мистер, как называется этот Билл Брисон книга о языке и словах"
0,"Хорошо, хорошо, нет проблем, и спасибо!"
0,"Для вашей информации Ikea написана всеми ограничениями. Это не кричит. Когда вы подумали, что я оставил вас, вы сидели на кровати среди беспорядка, когда я вошел. Я сказал, что мы пойдем после того, как вы вернулись домой из класса. Пожалуйста, не пытайся и блужи меня. Это заставляет меня хотеть слушать тебя меньше."
0,"Позвони мне, когда ты закончишь ..."
0,Г.В.Р.
0,"Ты лучше всего смотришь, что ты говоришь, потому что я напиваюсь как ублюдок"
1,Кит -стрип - вам было выставлено 150 пенсов. Netcollex Ltd. PO Box 1013 IG11 OJA
1,"Бонус HMV Специальные 500 фунтов подлинных ваучеров HMV, которые будут выиграны. Просто ответьте на 4 простых вопроса. Играй сейчас! Отправить HMV на 86688 Подробнее: www.100percent-real.com"
1,"Пожалуйста, позвоните по телефону 08712402578, так как вас ждет срочное сообщение"
1,thesszone.com позволяет вам отправлять бесплатные анонимные и маскированные сообщения .. Им отправляет это сообщение оттуда .. Вы видите потенциал для злоупотреблений ???
1,"ОТЛИЧНАЯ РАБОТА! Ваш 4* Costa Del Sol Holiday или 5000 фунтов стерлингов ожидают коллекции. Позвоните 09050090044 теперь Toclaim. SAE, TCS, POBOX334, Stockport, SK38XH, стоимость 1,50 фунтов стерлингов/PM, Max10Mins"
0,"Поврежно мне ... дразни меня ... заставляй меня плакать ... но в конце моей жизни, когда я умру, пожалуйста, держи одну розу на мою могилу и говорю глупо, я скучаю по тебе .. Хорошего дня, bslvyl"
0,"Эрм ... Вудленд -авеню где -то. Вы получаете приходский журнал, его номер телефона будет там."
0,"Есть ли работы TA? Дайте мне знать, пожалуйста, потому что мне действительно нужно начать работать"
0,"Aiyar Hard 2 Type. Ты позже свободен, тогда скажи мне, тогда я звоню и ругаю и скажи тебе."
0,"Да, я свободен ..."
0,"Хорошо, что хорошо, Билли Мэтс все ушел. Только что бегал, снова! Наслаждался концертом?"
0,"Йоу, приди, Карлос скоро будет здесь"
0,"Оуу, это мило! Мы можем думать о чем -то, что нужно сделать, он! Хорошо провести время сегодня вечером, наверное, наверняка ты позже, потому что я одинока :( xxx."
0,"Я думаю, это бесполезно называть тебя 4 чем -то важным."
0,"Ха -ха - выскочил в туалет, когда ты приветствовал меня. Привет!"
0,"Он дает что -нибудь сказать. Он злится на меня, почему ты сказал Аби."
1,"Кто -то, кого вы знаете, попросил нашу службу знакомств 2 связаться с вами! Не могу догадаться, кто? Позвоните 09058091854 Теперь все будут раскрыты. PO Box385 M6 6WU"
0,"Так получилось, что там, что вы хотите. Она может прийти и плохо получить свою медицинскую страховку. И она сможет доставить и иметь базовый уход. В настоящее время я покупаю для нее правильную медицинскую страховку. Так что дайте мне пятницу утром. Вот когда я бы увидел основного человека, который может направить меня к правильной страховке."
0,Я держу десять рупий в своей полке :) Купите два яйца.
0,"Я не был хорош, детка, у меня опухшие железы в горле ... что ты в итоге сделал?"
0,Ур изменения 2 DA сообщают? Потому что я уже внес изменения 2 DA предыдущий отчет.
0,Капитан в нашей комнате :)
0,"Я не могу говорить, у Bcaz Mobile есть проблемы. Я могу слушать тебя, но ты не можешь слушать мой голос. Поэтому я звоню тебе позже."
0,"Hiya stu wot u up 2. im in to trubly дома в мгновение ока, Эвон ненавидит меня даже! Черт возьми, я сделал сейчас? Ты не скажешь мне текст, ты, пожалуйста, luv dan"
0,S ... я возьму только игроков в Мокке :)
0,Вы все еще играете с Гаутамом?
0,"Эй, мистер, и я собираюсь на вид с моря, и я имею пару геев, я имею в виду игры! Дай мне колокол, когда ты закончишь"
0,"К, Джейсон говорит, что он будет рядом, так что я буду там вокруг & lt;#& gt;"
0,Извини . Я смогу добраться до вас. Увидимся утром.
0,"Айс хорошо, держать меня в курсе"
0,"У меня нет ее номера, сэр"
0,Я ищу только хорошую двойную SIM -карту Mobile PA.
0,Это кажется излишне враждебным
0,Чувак получил стрижку. Теперь там там
1,"Поздравляю! 2 Мобильные 3G видеофоны R Yours. Позвоните 09061744553 сейчас! VideoChat vid ur mates, играйте в игры Java, Dload Polyh Music, Noline Rentl. BX420. IP4. 5 мы. 150 вечера"
0,"1pple/день = нет врача. 1tulsi Leaf/Day = нет рака. 1Lemon/Day = нет жира. 1cup Milk/Day = без костных проблем 3 литров Watr/Day = без заболеваний и 2, которые вам не заботятся .. :-)"
0,"Я думал, что мы делаем там короля холма."
0,"Нет, я прихожу в Интернет .."
0,"Также скажите ему, что я сказал с днем ​​рождения"
0,Y Bishan Lei ... я скажу лаванду?
0,"Бу, во сколько ты уходишь? Ты должен был отправить меня сегодня по магазинам. :("
0,"Теперь ты говоришь как Манки Скуз Стив, как! Я путешествую на автобусе DA Home. Wot У вас есть Inmind 4 отдыха Dis Eve?"
0,"К вашему сведению я принимаю быстрый душ, будь в Эпсилоне, как & lt;#& gt;  мин"
0,Во вторник вечером R u 4 Real
0,"Да, когда снова появится приложение?"
0,Только что вышел из занятий в спортзале.
0,"Я хочу отправить & lt;#& gt; Месасы сегодня. Это у. Извините, если мне больно"
0,Ü Все пишут или ват ..
0,"Ха! Я бы не сказал, что я просто ничего не прочитал, чтобы ты казался. Я не люблю 2, чтобы быть осуждающим .... Я сохраняю это на пятницу в пабе!"
0,"Это игра Валентина. Полем Полем Отправьте DIS MSG всем своим друзьям. Полем Если 5 ответов на то же самое, тогда кто -то действительно любит тебя. Полем Ques- Какой цвет мне подходит лучше?"
0,Привет :) Вы попросили Вахиду Фатиму об отпуске?
0,"Наслаждайтесь собой, tmr ..."
0,Ты все еще рядом? Я мог бы использовать пол-8-й
1,"U 447801259231 Имеет секретный поклонник, который ищет 2, вступая в контакт с U-Find, который, по их мнению, раскрывает, кто считает, что у вас такой специальный вызов на 09058094597"
0,Вы возвращаете нам мое удостоверение личности и & lt;#& gt;  рупий Мы не позволим вам работать. Мы приедем к вам домой через несколько дней
0,"Ü BOT Notes oredi ... потому что я juz rem, я получил ..."
0,"Да. Аренда очень дорогая, поэтому мы сохраняем."
0,"Ночь закончилась еще на один день, утро пришло особым образом. Желаю вам улыбнуться, как солнечные лучи, и оставит свои заботы в голубом заливе. GUD MRNG"
0,"Как боль, дорогая? Ты улыбаешься?"
0,"Забавный факт: хотя вы думаете, что Арманд в конечном итоге накапливает терпимость или какое -то дерьмо, учитывая, сколько он курит, его трахают в 2 хита"
1,"Важная информация 4 Оранжевый пользователь 0789XXXXXXX. Сегодня ваш счастливый день! 2find, зачем зайти на http://www.urawinner.com. Вас ждет фантастический сюрприз!"
0,"Извините, я не могу вам помочь."
0,Большой. Так следует ли отправить вам номер своей учетной записи.
0,"Hellogorgeous, как ты? Мой фон был на заряде LST NITW WEN U TEXD ME. Hope ad ad приятный wkend, так как я уверен, что вы выглядели 4ward 2 c-in u 2mrw luv jaz"
1,"Наш службу знакомств попросил 2 связаться с кем -то застенчивым! Позвоните 09058091870 Теперь все будут раскрыты. Pobox84, M26 3UZ 150p"
0,Ü только отправьте мне страницу содержимого ...
0,"Ночь, сладкая, спать хорошо! Я только что увидел экзорцизм Эмили Роуз и, возможно, больше никогда не заснул! Обнимают и обноски!"
0,"Не думай о том, что у тебя есть «Подумай» о том, как его использовать, что у тебя есть «Хороший ni8"
0,"Я не могу прямо в эту секунду, сначала ударить людей"
0,"Evry Emotion DS не имеет слов. Эври желаю, чтобы не молиться ... если ты улыбнешься, то мир-это с ума, даже не падение слезы не оставайся 2-м"
0,Так что насчет тебя. Что ты помнишь
0,Уджххххххххххххххххххххххххххххи отправлен с адресом Сандиаго и Парантелла Лейн. WTF. Какать.
0,"ММ да, дорогой, посмотри, как я тебя обнимаю. :-P"
0,"Мне нравится Dise Sweater Fr Mango, но не больше моего размера уже так раздражает."
0,"1 У меня нет ее номера, и 2 это будет огромная боль в заднице, и я бы предпочел не принять участие, если это возможно"
0,"В любое время, лор ..."
1,Вы хотите новый видео -телефон? 750 в любое время в любые сетевые минимальные минимальные минимальные? Неограниченный текст? Видеокамера? Ответить или позвонить сейчас 08000930705 для Del Sat Am
0,"Чистота дружбы между двумя не о улыбке после прочтения перенаправленного послания ... это о улыбке, просто увидев имя. GUD EVNG"
1,"Ваш баланс сейчас 600 фунтов стерлингов. Следующий вопрос: Завершите ориентир, Большой, А. Боб, Б. Барри или С. Бен? Текст A, B или C до 83738. Удачи!"
0,Я хорошо .. очень хорошо
0,"K И вы уверены, что мне не нужно иметь формы согласия для этого: V"
1,"UR Tonexs подписка была обновлена, и вам было взимается 4,50 фунтов стерлингов. Вы можете выбрать еще 10 полис в этом месяце. www.clubzed.co.uk *MSG счета *"
1,"Если вы этого не сделаете, ваш приз пойдет к другому клиенту. T & C на www.t-c.biz 18+ 150p/min polo Ltd Suite 373 London W1J 6HL Пожалуйста, перезвоните, если занят"
0,Сколько стоит факел в 9JA.
0,"Ничего не делая, тогда ты не поужинал с нами?"
0,Как вы. Просто проверяю вас
0,"Сделано, но подключение к Интернету V медленно и не может отправить его. Попробую еще раз позже или первое, что Томо."
0,Мэтьюз или Тейт или Эдвардс или Андерсон
0,"Да, конечно, приятель Хейт, все мои вещи отсортировали, но я все равно буду звучать, продвигая гекс для. не знаю номер. Шутить"
0,"Не нуждаюсь, я иду инженером? Потому что моя сестренка в искусстве сегодня ..."
0,"Спасибо, дорогая, но все еще ничего не слышал, я оставлю его немного дольше, так что не будет 2, и я попробую позже - отличный совет, спасибо, надеясь, что Кардифф все еще там!"
1,"Вы хотите, чтобы завтра новый цветной телефон Nokia 3510i? С 200 бесплатными минутами до любого мобильного телефона + 100 бесплатный текст + бесплатный ответы на видеокамеру или позвоните по телефону 8000930705"
0,"Im .. в поездке на сноуборде. Мне было интересно, планируете ли вы собрать всех вместе, когда мы уходим ... встретиться и приветствовать своего рода? Ваше здоровье,"
0,С. Я смотрю в прямом эфире ..
0,"Увидимся тогда, мы все здесь!"
0,"K Я готов, & lt;#& gt; ?"
0,"Вы знаете, почему Бог создал разрыв между вашими пальцами ..? Так что тот, кто создан для вас, приходит & amp; Заполняет эти пробелы, держа руку любовью ..!"
0,"Наибольшее испытание мужества на Земле - нести поражение, не теряя сердца .... GN TC"
0,Каковы ваши новогодние планы?
1,Recpt 1/3. Вы заказали рингтон. Ваш заказ обрабатывается ...
0,Baaaaaaaaabe! Проснуться ! Я скучаю по тебе ! Я жажду тебя! Ты мне нужен!
0,"Только только что получил это сообщение, не игнорируя вас. Да, я был. Покупки, это"
0,"Уважаемый:-/ Почему ты настроенный. Я не могу водить машину, поэтому брат, чтобы водить"
0,Когда папа вернулся.
0,"Можете ли вы сказать Шоле, чтобы договориться о том, чтобы пойти в медицинский колледж и посетить академический отдел, рассказать академическому секретарю, какова текущая ситуация, и спросить, может ли она перевести туда. Она должна попросить кого -нибудь проверить Сагаму на то же самое и Лаутех. Это жизненно важное, она заканчивает свое медицинское образование в Нигерии. Это дешевле гораздо дешевле. Если она не получит гражданских ставок в Новой Зеландии."
0,"Да, только что закончил смотреть дни нашей жизни. Я люблю это."
0,Juz Go Google N Search 4 QET ...
0,"Много раз мы теряем наши лучшие, Bcoz, мы"
0,"Хорошие друзья заботятся друг о друге ... близкие друзья понимают друг друга ... и настоящие друзья остаются навсегда за пределами слов, вне времени. Gud Ni8"
0,Просто возвращаться домой
0,"Извините, я позвоню позже & lt;#& gt; мин"
0,Дун должен использовать Dial Up Juz Open DA Browser N Surf ...
1,"Как один из наших зарегистрированных подписчиков, вы можете ввести Draw 4 A 100 G.B. Подарочный ваучер, ответив с Enter. Чтобы отписаться на текстовую остановку"
0,"Потрясающе, планируйте добраться сюда в любое время после, как & lt;#& gt; , Я напишу вам подробности"
0,"Береги себя и хорошо сон. Вам нужно научиться меняться в жизни. Вам нужно только убедиться в этом. Я буду ждать, но не больше разговоров между нами. Пойеть к тому времени. Ваша семья закончилась для вас во многих смыслах. Ориентируйтесь на них, но не переоцените. Или вы не играете никакой роли в моей жизни."
1,"За ваш шанс выиграть бесплатную гарнитуру Bluetooth, а затем просто ответьте с помощью «ADP»"
0,"Ты также не получил, привет привет привет привет"
0,"Да, но это не может отображать внутренние подводные лодки, поэтому я должен их извлечь"
0,"Если я сказал что-то не так, извините De :-)"
0,"Печальная история о человеке - на прошлой неделе был мой день. Моя жена не пожелала мне. Мои родители забыли n, как и мои дети. Я пошел на работу. Даже мои коллеги не хотели."
0,"Как глупо сказать, что я бросаю вызов Богу. Вы вообще не думаете о том, что я пишу, вместо этого вы отвечаете сразу."
0,"Да, я должен быть в состоянии, я напишу тебе, когда буду готов встретиться"
0,"V Skint тоже, но в Spoon несколько прибыли. Если я не сделаю это ночью"
0,"говорит, что он бросает не менее 5 лет в день, поэтому я не обращаю к этому внимания. Нет, она не возражала. Ты снова увидишь его? Вы хотите приехать в Тонтон сегодня вечером? Ты можешь рассказать мне все о!"
0,"Когда ты освободишься, позвони мне"
0,"Как были ваши маленькие любимые на этой неделе? Нужен кофейный забег томо? Не могу поверить, что это уже время недели ..."
0,"Хорошо, я msg u b4, я покидаю свой дом."
0,"Все еще на Западном побережье ... Хайз ... ü займет вечность, чтобы вернуться ..."
0,Ммм ... трахни .... с Рождеством для меня
0,хорошо. Спасибо за совет. Наслаждайтесь ночью. Я пытаюсь немного поспать ...
0,Часто обновлять статус вашей лицевой книги :)
0,Только сейчас увидел ваше сообщение. Это k да :)
0,"Это было что -то, что ты ел?"
0,Так что же банк сказал о деньгах?
0,"Aiyar dun surving u liao ... это у вас есть много 2, чтобы у тебя шкаф, приходи ..."
0,"Эй, они не смотрят фильм сегодня вечером, так что я, наверное, я рано домой ..."
0,Яр Лор ... как ты? Ты тоже использовал маршрут DAT?
0,2mro Я не прихожу в спортзал Махана. Спокойной ночи.
0,"Не думаю, что вам нужна желтая карта для британских путешествий. Спросите кого -нибудь, кто ушел раньше. Если вы это сделаете, это просто & lt;#& gt; Бакс"
0,"Можешь ли ты посмотреть на меня в да, я получил вещи, еще не закончился."
0,Звучит отлично! Я собираюсь спать сейчас. Спокойной ночи!
1,"Не б, брюшко и счастлив! Только гей -чат с чатом с загрузкой фотографии 08718730666 (10 пенсов/мин). 2 Остановите наши тексты звоните 08712460324"
0,"Домашняя-убийца, потому что мужчина был убит на & lt;#& gt; Январь .. в качестве государственного праздника все правительство. Внедрение закрыта, в том числе почтовое отделение .. понял?"
0,Почему у тебя нечего делать?
0,"Ничто никогда не будет легко. Но не ищете причину, чтобы не рисковать жизни и любви"
0,Я хочу понять твою красивую добычу :)
0,"У меня это до чая. Не уверен, какой вкус"
0,"Я собираюсь в ближайшее время, когда я скоро достигну. Ты достигаешь?"
0,"Дорогой, я не отрицаю твои слова, пожалуйста"
0,"Вы знаете мой старый DOM, о котором я вам рассказал вчера? Его зовут Роджер? Он связался со мной вчера вечером и хочет, чтобы я встретился с ним сегодня в 14:00"
0,Вернись в Тампа Фффууууууууууууууууууууууууууууууууууууууууууу
0,"2 Отметьте мой день B, у вас еще?"
0,Счастливого Рождества тебе тоже Энни!
0,"Пожалуйста, скажите мне, что у вас есть некоторые особенные акции, о которых вы говорили"
0,Я послал их. Тебе нравится?
1,"Срочный UR присудил бесплатную поездку в Eurodisinc Trav, ACO & Entry41 или 1000 фунтов стерлингов. Чтобы претендовать на TXT DIS до 87121 18+6*£ 1,50 (MoreFrmmob. Shracomorsglsuplt) 10, LS1 3AJ"
0,"Потрясающе, будь там через минуту"
0,"И это проблема. Вы ходите в ""Julianaland"", не обращая внимания на то, что происходит вокруг вас. Я постоянно говорю одно и то же, и они уходят в одно ухо, а другое, пока вы уходите делать все, что хотите. Дело не в том, что вы не знаете, почему я расстроен-это то, что вы не слушаете, когда я скажу вам, что меня расстроит. Тогда ты хочешь быть удивленным, когда я злюсь."
0,"Я сказал вам, что все остановится. Просто не позволяй ей обезвожить."
0,"Или я думаю, что & lt;#& gt;  мин"
0,"Я дома. Ard wat time, ты достигнешь?"
0,"Штурмовидный MSG: Wen u поднимает D Phne, ты говоришь «Привет», ты знаешь, что это реальное значение привет ?? Полем Полем Полем Это D Имя девушки ..! Полем Полем Полем Да .. и ты, кто такая девушка ?? «Маргарет привет», она - D Girlfrnd F Grahmbell, которая вкладывала телефона .... Полем Полем Полем Мораль: Можно 4get D Имя человека, не его девочка ... G O O D N I G H T. Полем .@"
0,"Если вы хотите сделать это или что -то в этом роде посмотреть ""USF Dogwood Drive"", это крошечная улица, где парковка"
0,Aight я должен просто запланировать позже сегодня вечером?
0,"Умереть ... Я случайно удалил e msg, я полагаю, 2 положил в архив. Хайс ... мне так грустно ..."
1,"Добро пожаловать в британскую дату, эта MSG бесплатно дает вам бесплатный призыв к 08719839835. Будущие MGS выставляли выставленную сумму 150p в день. Чтобы отменить отправить ""Go Stop"" на 89123"
0,"Это желает вам отличного дня. Моджи рассказал мне о вашем предложении, и, как всегда, я потерял дар речи. Вы предлагаете так легко пойти на все, что от моего имени и это потрясающе. Мой экзамен в следующую пятницу. После этого я буду поддерживать связь больше. Извини."
0,"Еще раз спасибо за ответ сегодня. Когда появится твоя виза. И ты все еще покупаешь гуччи и сумки. Моя сестра нелегко, у дядю Джона также есть свои счета, поэтому мне действительно нужно подумать о том, как заработать свои собственные деньги. Позже Ша."
0,"Извините, что я хлопнул вчера вечером, дерьмо серьезно спускается с моим соседом по комнате, чем вы делаете сегодня вечером?"
0,"Он сказал, что я выгляжу довольно длинными волосами. Но я, что он сокращает довольно короткие 4, я."
0,Ранджит Кэл Дрпд Деарадж и Дипак 5 мин
0,"Приветствия для Callin babe.sozi culdnt talk, но я Wannatell U"
0,"Эй, ты все еще в спортзале?"
0,"Она сказала: «Вы не возражаете, если я пойду в спальню на минуту? '' '' OK '', я сдался в сексуальном настроении. Она вышла на 5 минут лат в торте ... и моя жена,"
0,"Гораздо лучше сейчас спасибо, лол"
0,"Ничего, smsing u n xy lor. Извините, ребята, ребята, нева, они лично, но они как бы знают вас. Итак, вы 2 встречаете их, xy, спросите меня 2, принесите вам 4 наше следующее собрание."
0,"Я знаю, когда я могу забраться и забрать, я свободен в основном в любое время после 1 всего этого семестра"
0,"Ва ... ты такой эффективен ... ну, вот ... спасибо ..."
1,3. Вы получили свой мобильный контент. Наслаждаться
0,"S, но не в состоянии спать."
1,Хотите явный секс за 30 секунд? Кольцо 02073162414 СЕЙЧАС! Стоит 20 пенсов/мин
0,Мы скоро встретимся с принцессой! Поговорим позже!
0,"Я заберу тебя около 5:15 вечера, чтобы поехать в Тонтон, если вы все еще хотите приехать."
0,"Ох :-) Только 4 внешних игрока позволили играть, знают"
0,"Я что -нибудь, лор."
0,Эрутупалам Тандиячу
0,"Ты не можешь попробовать новое изобретение, чтобы летать .. я не шучу.,"
0,Нет .. это полная песня ..
0,"Что ты считаешь, как нужно 2, договорись о транспортировке, если ты не можешь этого сделать, спасибо"
0,"Истинная любовь и уход за тем, чтобы не было признанными. Хотя сочане часто совершает ошибки при оценке этого. Но они определенно будут разоблачить один раз, когда начнут пропустить его."
0,"Шоппинг? Эх Гер, я нахожусь в Абт Сид Лех ... Ха -ха"
0,Что не подходит.
0,Есть * хорошие выходные.
0,"Мисс Полл Мисс Кэлл Хелат Кинту противник мисс Дхотт -Лейдж. Это d Правило. Один с отличным телефоном, получая качественные победы."
0,"Позвони мне, когда у тебя появится шанс, пожалуйста, 3"
0,Новая игра Deus ex Comin в начале следующего года
0,"Мой компьютер просто поджарил единственную важную часть, о которой мы не держим запасные запасные, потому что мои гребаные соседи по комнате идиотской комнате подходят, оставляя вещь, работающую на полном уровне;#& gt; /7"
0,"Моя подруга, она учится в Warwick, мы планировали пойти по магазинам и посвятить TMW, но это может быть отменено, что не видно целую вечность, да, мы должны когда -нибудь собраться вместе!"
0,"Наверное, на пару часов"
0,"LOL .. * улыбается * .. Я не детка, но спасибо, что подумали обо мне!"
0,"Человек этот автобус такой медленный. Я думаю, ты доберешься до меня"
0,"Надеюсь, этот текст встретит вас, улыбаясь. Если нет, то пусть этот текст даст вам повод улыбаться. Хорошего дня."
0,"Если вы просыпаетесь, задаваясь вопросом, где я нахожу"
0,Хорошо
1,"Последние Nokia Mobile или iPod MP3 -плеер +400 фунтов стерлингов гарантированно! Ответьте: выиграть до 83355 сейчас! Norcorp Ltd. £ 1,50/Mtmsgrcvd18+"
1,"SMS Services. Для ваших инклюзивных текстовых кредитов, пожалуйста, www.comuk.net login = 3qxj9 unsubscribe с остановкой, без дополнительной платы. Помощь 08702840625.comuk. 220-CM2 9ae"
0,NVM возьмите свое время.
0,Так решение Wat's DA?
0,"Уот, ты вверх 2, тогда сука?"
0,Глупый. Это невозможно
0,"Она сказала HR, что он хочет публиковать в Ченнаи :), потому что я здесь работаю :)"
1,Мобильный клуб: выберите любой из лучших товаров для вашего мобильного телефона. 7cfca1a
0,"Когда вы уезжаете, ребята?"
0,"Он нево ворчал, но мне грустно, что ... Хи ... купить TMR LOR AFT Lunch. Но мы все еще встречаем 4 ланча TMR A не. Нева слышит их Лей. Ü получил много работы?"
0,Ничего не может сделать.
0,Ü Takin Linear Algebra Today?
0,Эти выходные в порядке (оправдание не делать слишком много украшения)
0,"Извините, я скучал по тебе, детка. Я опаздывал и спал. Надеюсь, вам понравится ваш урок вождения, Boytoy. Я тоже скучаю по тебе ... *дразнил поцелуй *"
0,Теперь проект PA. После этого только я могу прийти.
1,"Деньги, которые я выиграл, номер 946"
0,"Конечно, всякий раз, когда ты показываешь, черт возьми, & gt; :("
0,"Это было случайно, когда я увидел мой старый комнатный в кампусе. Он закончил"
1,"Поздравляю! 2 Мобильные 3G видеофоны R Yours. Позвоните 09061744553 сейчас! VideoChat vid ur mates, играйте в игры Java, Dload Polyh Music, Noline Rentl. BX420. IP4. 5 мы. 150 вечера"
0,"Мужчинам всегда нужна красивая, умная, заботливая, любящая, регулируемая, кооперативная жена. Но закон позволяет только одной жене ...."
0,"Это отстой. Так что же вы запланировали для своего Валентина? Я твой твой валентин, не так ли?"
0,"Только что получил часть Ноттингема - 3 часа 63 миль. Хорошо, что я так сильно люблю своего мужчину, но занимаюсь всего лишь 40 миль в час. Привет, хо"
0,"Что думать никто не говорит ясно. Хорошо, не нужно спрашивать ее. Я пойду, если она придет или нет"
0,"Привет, доброе утро .. Спасибо, что тебе нравится .."
0,Ты хочешь 2 встретиться 2 ирро
0,"На самом деле я решил, что я слишком голоден, поэтому я еще не ушел: V"
0,Я отправил свою роль ..
0,"Потому что я выходил на шоппинг, где Даррен Джус теперь я позвонил ему 2 Спросить, что он присутствовал, он он хотел. Затем он начал догадываться, кем я был, он наконец догадался Даррену Лор."
1,"Я хочу член! Мой муженек, мне нужен настоящий человек 2, мне удовлетворяют. TXT Жена до 89938 без каких -либо действий. (TXT Stop 2 End, TXT Rec £ 1,50EA. OTBOX 731 LA1 7WS.)"
0,Понимать. Его потеря - моя выгода :) Так ты работаешь? Школа?
0,"КАК У ТЕБЯ ДЕЛА? Я скучал по тебе! Мне не было на 2 немного скучно с праздником. Хочу 2 Go Bak 2 College! Грустно, не так ли? Xx"
0,"Привет, вероятно, приеду домой * выходные после следующих"
0,"Не забывайте, что я люблю тебя .... и я иду рядом с тобой. Наблюдая за вами и держит свое сердце в тепле."
0,"Я бы хотел, чтобы все было иначе. Интересно, когда я смогу показать вам, насколько я вас ценю. Продолжайте оживление, не проходит никаких наркотиков, не попроси меня, и найдите вещи, над которыми можно смеяться. Я очень тебя люблю."
0,"Хорошо, оба наши дни. Так что ты делаешь на ужин? Тонит? Я приглашен?"
1,"GR8 Новый сервис - видеочат в прямом эфире на вашей толбе - см. Самые сексуальные грязные девушки в прямом эфире на вашем телефоне - 4 подробности текст роговой до 89070, чтобы отменить Отправить остановку на 89070"
0,У меня нет денег 4 Стив Мат! !
0,"Я опоздал, я в своем пути"
0,Никогда не вините ни дня в вашей жизни. Хорошие дни дают тебе счастье. Плохие дни дают вам опыт. Оба необходимы в жизни! Все боги благословения! доброе утро.:
0,Обычно я ежедневно пил больше воды :)
0,Смею ли я спросить ... любая удача с разобраться с машиной?
0,"Вечеринка у меня в USF, без зарядки (но если вы можете внести свой вклад в любое время, это очень ценится), и да, у нас есть место для еще одного"
0,"Ург, тренер горячий, запахи чипсов! Еще раз спасибо, особенно за одеяло (не предиктивное текстовое слово)."
0,"Hiya. Как прошла прошлой ночью? Я был непослушным, купил себе одежду и очень мало ... готов к покупке! Какое время ты хочешь встретиться?"
1,Freemsg Hi Baby Wow только что получил новый Cam Moby. Хотите C горячей картинки? Или хотите чат? Im W8in 4Utxt / Rply Chat с 82242 HLP 08712317606 MSG150P 2RCV
0,Я пытался связаться с ним без успеха
0,Когда вы и Дерек закончили с классом?
0,Никогда не лей ... я ленивый ... у тебя есть? DAT Day ü Отправить мне URL не могу работать ...
0,"Никогда не пытайся в одиночестве, чтобы взять вес слезы, которая выходит из твоего сердца и падает своими глазами ... всегда помни, что глупый друг, чтобы поделиться ... bslvyl"
0,"Эй, приятель. Поговорил с людьми. Мы на.  Это доставляется к концу месяца. Доставить 24 сентября. Поговорить позже."
0,"Надеюсь, у вас хорошая неделя. Просто проверяя"
0,"Ха -ха, мой друг Тайлер буквально только что спросил, сможете ли вы получить его Dubsack"
0,"Привет! Вы хотите встретиться со мной в 4 в Cha Hav Lil Beverage на меня. Если не TXT или позвоните мне, и мы сможем встретиться с L8R. Довольно устал войти в 3 V.Pist;) Love Pete X X X"
0,Большой. Взять безопасное путешествие. Не сдавайся панику.
0,"Симптомы, когда вы влюблены: «1.U нравится слушать песни 2.u остановку, где вы видите имя своего любимого 3.u, не сердится, когда ваш"
0,"Солнце ах ... это может быть, если у Дун есть что -нибудь на ... Там нужно забронировать урок ... Элатес в Orchard Mrt U Noe Hor ..."
0,"Попробуйте сделать что -нибудь, дорогой. Вы что -нибудь читаете для экзаменов"
0,"7 чудеса в моем мире 7 -й ты 6 -й стиль, 5 -й твоя улыбка, 4 -я личность 3 -я природа, 2 -й ур смс и 1 -й ""твоя прекрасная дружба"" ... доброе утро, дорогой"
0,"Gettin Rdy, чтобы отправить комплекс"
0,Я в больнице да. Полем Я вернусь домой вечером
0,"Писс говорит - это тот, кто понимает, что это то, что это так. (Теперь прочитайте это назад)"
0,Думай + да. Вы делаете.
0,"Я проснулся, о. Как дела."
0,"Добрый день, мой мальчик. Как идет эта прогулка здесь и там, день? Вы получили эту полицейскую реферат? Вы все еще вышли? Я просыпаюсь и скучаю по тебе, детка"
0,Сколько ты пытаешься получить?
0,"Приходите вокруг; Decimal & gt; PM Vikky .. Я Otside NW, IL, пришел к этому времени"
0,"Скажи мне еще раз, какой у тебя адрес"
0,"Дошневинка сказала: * Я очень милый в мире. * Бог смеялся & amp; Сказал: * Подожди, ты не встретил человека, читающего это MSG * Мораль: даже Бог может шутить! GM+GN+GE+GN :)"
0,"Должен ли я купить ему Blackberry Bold 2 или Torch. Должен ли я купить его новым или использованным. Дайте мне знать. Плюс вы говорите, что я должен купить & lt;#& gt; G Wi -Fi iPad. И что вы говорите о The & lt;#& gt; G?"
0,"Но вы были вместе, так что вы должны подумать о нем"
0,"Привет, как дела в солнечной Африке? Надеюсь, ты хорошо проведешь время. Поцелуй меня большой старый серебряный поцелуй."
0,В какое время я должен приехать завтра
1,"Хотите посмеяться? Попробуйте Chit-Chat сейчас на своем мобильном телефоне! Вход в систему, поставив слово: чат и отправьте его в №: 8883 CM PO Box 4217 London W1A 6ZF 16+ 118p/MSG RCVD"
0,"Cha Quiteamuzing That School Babe, Probpop In & Cu Satthen Hunny 4brekkie! Люблю Джен ххх. Psxtra lrg порции 4, пожалуйста"
0,"Боже, как ты узнал, что я ел?"
1,СРОЧНЫЙ! Это 2 -я попытка связаться с U! U выиграл £ 1000CALL 09071512432 B4 300603T & CSBCM4235WC1N3XX.CALLCOST150PPMMOBILESVARY. Макс 7 фунтов стерлингов. 50
0,:( но ты здесь не ....
0,Не прямо позади ... Abt 4 ряда позади ü ...
1,"Поздравляем, что вы присудили 500 ваучеров CD или 125 -й гарантированной и бесплатной записи 2 100 Wkly Draw Txt Music To 87066"
1,"Был ли ваш контракт на мобильные 11 Mnths? Последние Motorola, Nokia и т. Д. Все бесплатно! Двойные минуты и текст на апельсиновых тарифах. Текст да для обратного вызова, нет, чтобы удалить из записей"
1,Срочный! Позвоните по номеру 0906350750 с вашего стационарного линии. Ваш бесплатный 4* Ibiza Holiday или 10 000 наличных денег Sae T & CS PO Box 434 SK3 8WP 150 м.д. 18+
0,Пока нет планов. Что ты делаешь ?
0,"Привет .... моя помолвка была исправлена ​​на & lt;#& gt; В следующем месяце. Я знаю, что это действительно шокирует Bt .... Hmm njan vilikkam .... t ws al of a of sudn ;-(."
0,"Не курс. Только математика однажды одна глава, с которой через месяц мы можем закончить."
0,"Вау не думал, что это было так распространено. Я возвращаю все это, не урод! Если ты не отрубишь :-)"
1,За ваш шанс выиграть за 250 фунтов стерлингов.
0,"НЕОООООООО, ПОЖАЛУЙСТА. Последнее, что мне нужно, это стресс. На этот раз в жизни будет справедливым."
1,"У вас есть секретный поклонник, который ищет 2, вступая в контакт с U-Find Out, кого они показывают, кто считает, что у вас такой специальный вызов по телефону 09065171142-Stopsms-08718727870150ppm"
1,"Мила, возраст 23, блондинка, новая в Великобритании. Я смотрю на секс с британскими парнями. Если тебе нравится веселье со мной. Текст mtalk до 69866.18. 30pp/txt 1st 5free. £ 1,50 приращения. Help08718728876"
0,"Я посмотрю, смогу ли я немного пройти мимо, у меня есть кое -что, чтобы позаботиться здесь, Firsg"
0,"Я хотел пожелать вам счастливого Нового года, и я хотел поговорить с вами о некоторых юридических консультациях, с которыми мы с Гэри расстались, но лично. Я совершу поездку в PTBO для этого. Я надеюсь, что с тобой все хорошо, детка, и я люблю тебя :)"
0,Вы еще не закончили работу или что -то в этом роде?
0,"Завтра я не пойду в театр. Полем Полем Так что я могу приехать, куда бы ты мне ни звонил. Полем Полем Скажи мне, где и когда приедешь завтра"
1,"Молодец, Англия! Получите официальный полингтон или цветный флаг на Yer Mobile! Текст Тон или Флаг на 84199 сейчас! Отказаться от TXT Eng Stop. Box39822 W111WX £ 1,50"
0,"Правильно это не было, кто позвонил, это был кто -то с таким числом, как ваш!"
0,"Все в порядке, я злился. MSG u uft, я прихожу домой сегодня вечером."
0,Я тоже хорошо провел время. Приятно сделать что -то немного другое с моими выходными для разнообразия. Увидимся скоро
0,"Йо, извините, был в душе SUP"
0,"Карлос падает, но я должен забрать его у него, поэтому я немного качаюсь мимо USF"
0,Полное тепло PA :-) Я применил масляное PA.
0,Я застрял в середине DA Row на правой стороне DA LT ...
0,"Вы положили свою линию Airtel, чтобы отдохнуть?"
0,"Привет, ты решил, что ты получишь 4 его день рождения, если не плохой, если бы он получил ваучер от девственницы или сами"
1,"Freemsg: TXT: звоните в №: 86888 и претендуйте на свою вознаграждение в 3 часа времени разговора, чтобы использовать с вашего телефона сейчас! Specpibe6gbp/mnth inc 3hrs 16 Stop? Txtstop"
0,"Привет! Ты чувствуешь себя лучше, Хопсо Ханни. Я не чувствую себя плохо, и я могу иметь tonsolitusaswell! Черт, я лежал в кровати, скучно. много любить меня хххх"
0,"И я не планирую оставаться на ночь, но я не буду не выйти до позднего вечера"
0,Спасибо 4 Путана да Фоне на меня !!
0,"Мне нужен 8 -й, но я вне банкомата в кампусе, могу ли я забрать через час или два?"
0,"О ... ха -ха ... Ден, мы тоже пошли сегодня ... Ну и дела, nvm la ... kaiez, я Dun Mind Goin Jazz Oso ... напуганный Hiphop Open не могу догнать ..."
0,"Работал, но управлял всего 5 минут, а затем нуждался в кислороде! Возможно, придется прибегнуть к варианту ролика!"
0,Мы живем в следующем & lt;#& gt; мин
0,Ты спрашиваю так.
0,Просто рад поговорить с вами.
0,Что время ü финиш?
0,"Извините, да. Я сошел с ума так много ожидающих работ, что делать."
0,Сколько у вас есть для уборки
0,"Как мой любимый человек сегодня? ты усердно работаешь? не мог снова спать в прошлом ночере, чуть не позвонив вам в 4.30"
1,"Солнечная викторина! Выиграйте DVD -рекордер Super Sony, если вы Canname столица Австралии? Текст mquiz до 82277. B"
0,Ü называется папа Ореди ...
0,"Хороший. Как вы думаете, вы могли бы прислать мне немного пикса? Я хотел бы увидеть ваш верх и снизу ..."
0,"NVM ... Я все равно буду носить свои спортивные туфли ... Я буду поздно, Лех."
0,"Извините, я позвоню позже на встрече."
0,Это длинное чертовски шоур
0,"Получен, понял n, действуя!"
0,"Они наконец пришли, чтобы починить потолок."
0,"Тебе нужно, чтобы мои преснты всегда не могли бы любить. ""Jeevithathile Irulinae neekunna Prakasamanu Sneham"" Prakasam Ennal Prabha ', что Mns Prabha is'love' получил. Не меня меня ...."
0,"JUS финиширует, взорвав мои волосы. Ты уже закончил ужин?"
0,Я в автобусе. Люблю тебя
0,Лол ... я знал это .... я видел его в долларовом магазине
1,"Пожалуйста, позвоните на нашего представителя по обслуживанию клиентов по номеру 0800 169 6031 с 10 до 21 вечера, так как вы выиграли гарантированные 1000 фунтов стерлингов или 5000 фунтов стерлингов!"
1,"Сегодняшние номера Voda, заканчивающиеся 7634, выбраны для получения вознаграждения в размере 350 фунтов стерлингов. Если у вас есть матч, пожалуйста, позвоните по номеру 08712300220, применяя код претензии 7684 Стандартные ставки."
0,"Только суббота и воскресенье, так что это очень сложно :)"
0,Все веселились сегодня вечером. Скучаю по тебе.
0,"Получили газовые деньги Hella, хотите немного поехать в Grand Nature Adventure с Галилей?"
0,"Я на встрече, позвони мне позже в"
0,"Ого, это гей. Будет ли справка обновления прошивки"
0,Это не подойдет. Придется перейти к морфину
0,"Почему я дин c ü ... да, я подстригаю волосы ..."
0,"K K PA пообедал, ага."
0,"О, хо. Это первый раз, когда вы используете эти слова"
0,Капитан Виджайкант занимается комедией на капитане ТВ .. он пьян :)
0,"Конечно. Я думаю, что Бог только что приостановил меня прямо сейчас."
0,Вы скрываете любые или держащие расстояние от меня
0,Не
1,Вы сорвались! Получите свой мобильный контент с www.clubmoby.com Позвоните по телефону 08717509990 Poly/True/Pix/Ringtones/Games Six загрузки только для 3 за 3
0,"Извините, я заблокирую свою клавиатуру."
0,У тебя была история этих людей
0,Вы планируете приехать в Ченнаи?
1,"Мы попытались связаться с вами в ответ на наше предложение видео -телефона 750 в любое время, когда любая сеть получает полцены."
0,"Бог создал пропасть, следовательно, ваши пальцы, так что Dat Date Sum1 Special заполнит эти пробелы, держа руки."
0,Мы в порядке. Собираюсь спать сейчас. Позже
0,"Пожалуйста, защитите себя от электронных угроз. SIB никогда не просит конфиденциальную информацию, такую ​​как пароли, ATM/SMS PIN -код по электронной почте. Никогда не делитесь своим паролем ни с кем."
0,"Наконец это случилось ..! AFTR десятилетия ..! Пиво теперь дешевле, чем бензин! Государство ожидает, что мы будем «выпить». Полем Полем Но не ""водите"""
1,"Вас ждет рождественская награда за 400 фунтов стерлингов! Наш компьютер случайно выбрал вас у наших лояльных мобильных клиентов, чтобы получить вознаграждение в 400 фунтов стерлингов. Просто позвоните 09066380611"
0,Где встреча с TMR?
0,Лол да. Но это добавит немного специи в ваш день.
0,"Надеюсь, у вас отличный день."
0,Наша мать Прасант -Эттанов скончалась прошлой ночью. Просто молитесь за нее и семью.
0,"K, я что -нибудь поработаю"
1,ЧАСТНЫЙ! Ваша заявление учетной записи 2003 года показывает 800 не вырученных S. I. M. Points. Звоните 08718738002 Код идентификатора: 48922 истекает 21/11/04
0,"Это сообщение от отличного доктора в Индии :-): 1) Не пейте Appy Fizz. Он содержит рак, вызывающий возраст"
0,"Я не могу выбрать телефон прямо сейчас. Пожалуйста, отправьте сообщение"
0,Вы звоните ему и говорите сейчас перед ними. Позвони ему сейчас.
0,"ОК, нет, вероятно ..."
0,Дамы первые и род второй к.
0,"Нет. Да, пожалуйста. Плавал?"
0,Мама уже не идет Робинсон.
0,"ОК, установлен, дайте вам подробности позже ..."
0,НЕТ .. назвать программное обеспечение ..
0,Я отправляю печатные ауты да.
0,"Я действительно Soz Imat, моя мама 2nite, как насчет 2 моро"
0,"Когда я родился, Бог сказал: «О, нет! Другой идиот». Когда вы родились, Бог сказал: «О нет! Конкуренция». Кто знал, однажды эти двое станут друзьями навсегда!"
0,"Я не получил ур полного MSG..SomeText отсутствует, отправьте его снова"
0,"Наверное, нет, у меня почти нет бензина, и завтра я получаю немного денег"
1,"Объявление о обслуживании клиентов. Недавно мы попытались сделать вам доставку, но не смогли этого сделать, пожалуйста, позвоните по номеру 07099833605, чтобы переучить. Ссылка: 9280114"
0,"Я забыл 2 Спросить все SMTH .. Есть карта на настоящем Лей ... как? Ü Все хотите, чтобы 2 написать SMTH или знак на нем?"
0,Я сейчас покидаю свой дом.
1,"Привет, детка, это хлоя, как ты? Я был разбит в субботу вечером, это было здорово! Как прошли ваши выходные? Ты скучал по мне? Sp visionsms.com Текст остановка, чтобы остановить 150p/text"
0,"Ü Готов, тогда позвони мне ..."
0,Wewa 130. IRIVER 255. Все 128 МБ.
0,"Хорошо, что теперь я получаю связь с BW"
0,Sry da..jst nw Только я пришел домой ..
0,"Это круто, он будет здесь всю ночь, я узнаю, когда ты рядом"
0,Вы остановились в городе?
0,"Ха -ха, да, 2 унции - это как -то дерьмо"
0,"Хорошо, ты можешь отправить меня по магазинам, когда тебе платят = D"
0,"Моя жизнь много значит для меня, не потому, что я люблю свою жизнь, а потому, что я люблю людей в моей жизни, мир называет их друзьями, я называю их своим миром :-) .. GE :-) .."
0,"Хорошо, мы принесем это вам, увидимся, как & lt;#& gt;  мин"
0,"Но, пожалуйста, не играйте в жизни других."
0,Ешь мой обед ...
0,"Хммм., но ты должен дать его на один день .."
0,"Не пытались, G и я решили не отправляться"
0,"ОК, нет, вероятно"
0,Сумски я дам это вам :-) При приезде к рассмотрению.
0,"К прекращению марта я должен быть готов. Но наверняка назовет вас. Проблема в том, что мой капитал никогда не завершается. Как далеко с тобой. Как работа и дамы"
0,"Tessy..pls сделаю мне одолжение. Пожалуйста, передайте мои пожелания на день рождения Нимья .. PLS DNT забудьте об этом. Сегодня ее день рождения Шиджас"
0,"Пожалуйста, дайте ей пищу предпочтительно папа очень медленно с множеством сахара. Вы можете занять до часа, чтобы дать это. А потом немного воды. Очень очень медленно."
1,СРОЧНЫЙ! Ваш мобильный № 07808726822 был удостоен премии по бонусу в размере 2000 фунтов стерлингов 09/09/03! Это наша вторая попытка связаться с вами! Звоните 0871-872-9758 Box95Qu
0,"Парень, которого привык, но слишком глуп, чтобы понять это."
0,"Оки Доки, я немного закончился, просто разбирая кое -что."
0,Дон нет да :) Что вы планируете?
0,"Да, хорошо"
1,"Win: У нас есть победитель! Мистер Т. Фоли выиграл iPod! Скоро более захватывающих призов, так что следите за своим мобильным телефоном или посетите www.win-82050.co.uk"
0,Мне понравился новый мобильный
0,В любое время ...
0,Ммммммм* прижимается к тебе* ...* глубоко довольствовался со вздохну
0,"Яр, но они говорят, что получили ошибку."
0,"Эй, все равно мне нужно :-)"
0,"Вау, так здорово. Old Airport Rd Lor. Не могу ничего другого. Но я буду купать свою собаку позже."
0,WIF My Family Booking Tour Package.
0,"Вы сказали смелый, затем факел позже. Или один факел и 2bold?"
0,"Ха -ха, круто, мне, возможно, придется принять тебя на это, что ты делаешь сегодня вечером?"
0,"Я знаю, что я vl giv .. ОК, спасибо, Кано .. В любом случае наслаждайся твоей семьей с 1-й зарплатой .. :-)-)"
0,"Да так медленно, я давно достигаю, Liao ... U еще 2 дня, только я еще 4 Leh ..."
0,Это крутая принцесса! Я покрою твое лицо в горячей липкой сперме :)
0,Большой брат действительно соскребил ствол с этим душем социальных неудач
0,"Ой, я так, как я, я, я иду, проверяю, а потом скажу ü .."
0,"S :) 8 минут, чтобы пойти на обед :)"
0,"Привет. Что случилось? Вы выключите свою ячейку D Целый день. Это не хорошо. Теперь, если у тебя это заботится, позвоните мне завтра."
0,"K будет делать, addie & amp; Я делаю искусство, так что я буду здесь, когда вернусь домой"
0,"Мои дяди в Атланте. Желаю вам, ребята, отличного семестра."
0,"Айо ... ее урок так рано ... Я все еще сплю, ха -ха ... Оки, ты иди домой, Ляо Ден подтвердить меня, что ..."
0,"Забыл сказать, что я смогу, как номер разделения, чтобы это было яснее .."
0,"Ага. Что -нибудь, лор, если ты не дун Ван, это нормально ..."
0,"Я дома, любовь моя ... если ты все еще не спишь ... *любящий поцелуй *"
0,"Привет, персик! Мой торт на вкус пышной!"
1,"Бесплатная игра. Получите Rayman Golf 4 бесплатно от A2 Arcade O2 Arcade. 1 -й Get UR Games Settings. Ответить сообщение, затем сохранить & active8. Нажмите кнопку 0 для Arcade. Термины"
0,"Сегодня вечером вам будет интересно, в моем месте будет незначительный Shindig?"
0,"Джейсон говорит, что это круто, если мы возьмем немного с его места за час"
1,"Был ваш мобильный 10 млн месяцев? Обновите последнюю камеру/видео телефоны бесплатно. Держите свой тот же номер, получите дополнительные бесплатные минуты/тексты. Текст да для звонка"
0,Я (карьера Тел) добавил тебя в качестве контакта на indyarocks.com для отправки бесплатных SMS. Удалить с телефонной книги - SMS NO to & lt;#& gt;
0,Я уже достиг.
0,"Я не знаю, спрашиваю моего брата. Ничего не проблема что -то. Просто я сказал."
0,K :) egging в пепел :)
0,Что время r ü Собирается в хостел Синь?
0,"Доброе утро, моя дорогая Шиджутта ........... Успешный день."
1,Купить космические захватчики 4 Aneck 2 Win Orig Arcade Console. Нажмите 0 для Games Arcade (STD WAP) см. O2.co.uk/games 4 Условия + Настройки. Нет покупки
0,"О, К :) После этого размещения, а?"
0,"Не для владения, особенно не первое нарушение"
0,"Nt только для вождения даже по многим причинам ее называют BBD .. это Chikku, затем HW Abt DVG холодно .. Сердца, что насилие винобанагара HW - это состояние .. и hw ru? Какие -нибудь проблемы?"
0,"Я купил тест вчера. Это то, что позволяет вам узнать точный день, когда вы получите 2U примерно за 2-3 недели. Но, пожалуйста, не волнуйтесь. Я знаю, ты волновался. Пожалуйста, расслабься. Также есть что -нибудь в прошлой истории, вам нужно мне сказать?"
0,"У нас есть пицца, если ты хочешь"
0,"Я продолжаю видеть странное дерьмо и все ""ооа"", а потом понимаю, что это на самом деле разумно, и я все ""о"""
0,Многие еще счастливые возвращения дня. Желаю тебе счастливого дня рождения.
0,Я очень мило. Полем . будь готово в четверг
0,Я в больнице да. Полем Я вернусь домой вечером
0,Думать о u;) x
1,Камера - вы награждены цифровой камерой Sipix! Звоните 0906122066 FromM Landline. Доставка в течение 28 дней.
0,"Или я говорю, что она теперь все еще верит."
0,"Когда вы просто вставьте знак +, выберите мой номер, и PIN -код покажет. Верно?"
0,"Красота жизни состоится в следующей секунде ... которая скрывает тысячи секретов. Я бы хотел, чтобы каждая секунда была замечательной в твоей жизни ... !! GUD N8"
0,"Спасибо, ты, дорогая! Я крут, спасибо. Несколько напитков на день рождения 2 ночи. 2 завтра! Береги себя в ближайшее время.xxx"
0,"Если вы все еще встали, возможно, оставьте кредитную карту, чтобы я мог получить газ, когда вернусь, как он сказал мне"
1,Ваши еженедельные тона с прохладным двигателем готовы к загрузке! В эту неделю новые тона включают в себя: 1) Crazy лягушка-оси F >>> 2) Akon-Lonely >>> 3) Black Eyed-Dont P >>> Дополнительная информация в n
0,"Ну, мальчик, я рад, что я потратил впустую всю ночь в Applebees на что"
1,"Cashbin.co.uk (получите много денег в эти выходные!) Www.cashbin.co.uk Уважаемые в выходные, у нас есть самая большая и лучшая когда -либо задача! Эти.."
0,"ОК, Лор ... или ты, ты, иди, иди, посмотри 4 ты?"
0,U Wan 2 Haf Lunch Я сейчас в столовой.
0,"Не делайте жизнь слишком стрессовой .. Всегда найдите время смеяться ... это может не добавить годы в вашу жизнь! Но, безусловно, добавляет больше жизни в твои годы !! Gud ni8..swt мечты .."
0,"Эй, похоже, что я ошибался, и одно из номеров парней Каппы все еще на моем телефоне, если вы хотите, я могу написать ему и посмотреть, есть ли он рядом"
1,СРОЧНЫЙ! Ваш номер мобильного телефона был награжден гарантированным призом в 2000 фунтов стерлингов. Позвоните 09061790121 от земли. Претензия 3030. Действительно 12 часов только 150 млрд.
1,Спасибо 4 Ваша постоянная поддержка вашего вопроса на этой неделе введет вас в 2 нашего розыгрыша 4 £ 100 наличными. Назовите нового президента США? TXT ANS до 80082
0,"Я дома. Док дал мне обезболивающие лекарства говорит, что все в порядке."
0,"Это всего лишь $ 140 ard ... é resh All ard $ 180, по крайней мере ... это цена 4 é 2 bedrm (900 долларов)"
0,Я тоже! Хорошей ночи ххх
0,Приготовьтесь быть удовольствием :)
0,"Привет. :) Техническая поддержка. Помощь нам, клиенту, по электронной почте и электронной почте :)"
0,"Если вы отправляете сообщение по дороге на чашку, это должно работать. И это должно быть автобус"
0,Когда ваше радио -шоу?
1,Ваш уникальный идентификатор пользователя - 1172. Для удаления отправьте остановку на 87239 службы клиентов 08708034412
0,"Я не уверен, что он все еще доступен, хотя"
0,"Связь с Watever U, созданное в Dis World Only Thing, которая остается Atlast Iz Lonlines с воспоминаниями Lotz n Mot! чувство.."
0,"Ура, Лу! Да, был хороший стыд, когда пришел Нева! C Ya Gailxx"
0,"Привет .. у меня есть деньги, да :)"
0,"Привет, мобильный нет.  & lt;#& gt;  добавил вас в их список контактов на www.fullonsms.com Это отличное место для отправки бесплатных SMS для людей для получения дополнительной информации о посещении fillonsms.com"
0,"Хорошо, тогда ты скажи мне, что ты приедешь позже, лор."
0,U повторите инструкции снова. Wat e road wame of our House?
0,"Так много людей, кажется, особенные с первого взгляда, но лишь очень немногие останутся для вас особенными до вашего последнего взгляда .. поддерживайте их до конца жизни .. Sh! Jas"
0,"Довольно лор. Но Дун Скажи ему, подождите, он станет самодовольным ..."
0,"Извините, полностью забыл * займет их на этой неделе, если вы все еще здесь?"
0,"Ты самая красивая девушка, которую я когда -либо видел. Ты мой ребенок, приходи и смотри меня в общей комнате"
0,"O Мы не можем посмотреть, сможем ли мы присоединиться к Денису и Мине? Или Денис хочет в одиночестве"
0,"Сен сказал, что собирается присоединиться к своему дяде финансам в CBE"
0,"Да ... эй, однажды, когда -нибудь на пт, мы можем попросить Миву и Цзяйин уйти в отпуск go караоке"
0,"Позвони мне, я Сенхал из HSBC."
0,"Тем более, что я говорю о Бостоне в моем личном заявлении, LOL! Я бы изменил это, если бы я понял, что он сказал Нью -Йорк! Это говорит Бостон сейчас."
0,"Действительно и, кстати, это было либо или - не оба!"
1,Срочный -call 09066649731 от стационарного линии. Ваш бесплатный 4* Ibiza Holiday или 10 000 фунтов стерлингов.
0,"Святой Живой Христос, что тебя так долго занимает"
0,"Ü thk of Wat, чтобы поесть сегодня вечером."
0,"Спасибо. Да, мы возвращаемся на солнце. Закончите ужин, возвращаясь 2 отеля сейчас. Время улетает, мы сегодня наступаем 4. Надеюсь, у нас будет еще много MTHS ..."
0,"Мы на противоположной стороне, откуда мы вас высадили"
0,"Ага. Иззит все еще идет дождь, потому что я нахожусь в E MRT, я не могу C снаружи."
0,Пришлите мне свое резюме :-)
0,GD Luck 4 UR экзамены :-)
0,"Или вы спрашиваете их всех, если следующее SAT не может. Если все они могут сделать это, то я в порядке."
0,"Извините, это был мой дядя. I.ll поддерживать связь"
0,"Вчера вечером видели парней и куклы с Патриком Суэйзи, это было здорово"
1,Срочно это наша вторая попытка связаться с U. Ваша приз в 900 фунтов стерлингов со вчерашнего дня все еще ожидает коллекции. Чтобы требовать звонка сейчас 09061702893
1,"Санта Поймете ли вашим малышам звонок из канун Санты Рождество? Позвоните 09077818151, чтобы забронировать время. Звонки1.50ppm Последние 3 минуты 30S T & C www.santacalling.com"
0,"Просто вернись домой. Я не хочу, чтобы ты был несчастным"
0,"Я не знаю, почему она не получает твои сообщения"
0,"Это круто, но Тайлеру пришлось взлететь, чтобы мы купили для него и высадили его на его место позже сегодня вечером. Наш общий заказ - четверть, у вас достаточно?"
0,"Парень в автомобильном магазине, который флиртовал со мной, получил мой номер телефона из документов и позвонил и написал мне. Я нервничаю, потому что, конечно, теперь он может иметь мой адрес. Должен ли я позвонить его боссу и сказать ему, зная, что это может уволить его?"
0,Реверс - это обман. Это не математика.
0,Как вы планируете управлять этим
0,"Э -э -э -э -э -э -э -э, все не совсем ходило в план - медленно хромает домой, за которым следует АА и выхлопная вых."
0,"Извините за задержку. Да, мастера"
0,"Позвони мне, когда закончишь, а потом я выберу тебя."
1,ЧАСТНЫЙ! Ваша заявление учетной записи 2004 года для 078498 **** 7 показывает 786 негативных бонусных баллов. Чтобы претендовать на звонок 08719180219 Код идентификатора: 45239 истекает 06.05.05
0,"Что случилось в моей собственной Oga. Оставил свой телефон дома и только что увидел ваши сообщения. Надеюсь, у тебя все хорошо. Удачных выходных."
0,"Не волнуйтесь, я понимаю, как важно, чтобы меня поставили на свое место с плохо продуманным наказанием перед лицом худшего, что когда -либо случалось со мной. BRB пойдет убить себя"
0,"Дорогая, ты можешь узнать, сколько они продают прогноз в Нигерии. И сколько раз его можно использовать. Очень важно иметь ответ до понедельника"
0,"E Административное здание? Я мог бы немного раньше ... я позвоню тебе, когда достигну ..."
0,"К вашему сведению, я сейчас в USF, качайтесь мимо комнаты, когда"
0,"Я могу позвонить в & lt;#& gt;  Мин, если это нормально"
0,"Мммммаа, много счастливых возвращений в день, мое дорогое сладкое сердце .. с днем ​​рождения, дорогой"
0,"Ü Нет домашней работы, чтобы делать меня ..."
0,"Все ценно только в 2 ситуациях: первая- прежде чем получить его ... второе- после того, как проиграл ..."
0,"Я тоже. Марк требует вечно, чтобы забрать мой рецепт, и боль возвращается."
0,Как твоя бумага?
0,Есть меньшая емкость один? Довольно бывший ...
1,Посетите выберите свой малыш видео @ sms.shsex.netun fgkslpopw fgkslpo
0,Я в порядке! Я думал о тебе ...
1,"U R победитель U AVE был выбран специально 2, получите 1000 фунтов стерлингов наличными или 4* праздником (Flights Inc) Поговорите с живым оператором 2 претензия 0871277810710P/мин (18)"
0,
0,Не думал об этом ... || Пейте в Tap & Spile в семь. || Это паб на газовом ул. || Хорошо?
0,Я собираюсь спать. Я устал от путешествий.
0,"Ха -ха, именно то, что я думал"
0,"Да, но это не дает мне проблем сейчас, так что, майб, я только оставлю это ..."
0,Лол нет. Просто пытаюсь сделать свой день немного интереснее
0,"Как долго до того, как вы получите ответ, просто отложите вход до следующего семестра"
0,"Слово «Checkmate» в шахматах происходит от персидской фразы «шах маат», что означает; «Король мертв ..» Гудтрон .. Хорошего дня .. :)"
0,"Po de :-) :) :-) :-) :-). Не нужна работа, ага."
0,"Крысы Эй, ты когда -нибудь проголосовал за следующие темы?"
1,Новые мобильные телефоны с 2004 года должны пойти! TXT: Nokia to no: 89545 и собирайте свой сегодня! От 1 фунта стерлингов. www.4-tc.biz 2optout 087187262701.50gbp/mtmsg18 txtauction.
0,"Надеюсь, твоя моча сжигает тонит."
0,"О, обряд. Ну, я с моим лучшим приятелем Пит, с которым я выходил с 4 в неделю+, теперь были 2geva. Это было дольше недели."
0,"Ура, не могу дождаться, чтобы повеселиться вместе!"
0,.... Photoshop делает мой компьютер закрытым.
0,"Все мальчики высмеивали меня сегодня. Хорошо, у меня нет проблем. Я только что отправил одно сообщение просто для удовольствия"
0,"Это одна из проблем, но Калифорния в порядке. Нет снега, так что его управляемый"
1,ЧАСТНЫЙ! Ваша заявление учетной записи 2003 года показывает 800 не вырученных S. I. M. Points. Звоните 08715203652 Код идентификатора: 42810 истекает 29/10/0
0,"Хммм .... Mayb может попробовать E Shoppin Area One, но забыл e name of Hotel ..."
0,"Потрясающе, это будет скоро или позже сегодня вечером?"
0,Мне нужны подробности об этой онлайн -работе.
1,"Вы выиграли! Будучи ценным клиентом Vodafone, наш компьютер выбрал вас, чтобы выиграть приз в 150 фунтов стерлингов. Собирать легко. Просто позвоните 09061743386"
0,Тоже скучаю по тебе.
0,"Пожалуйста, помогите мне сказать Эшли, что я не могу найти ее номер"
0,Я сейчас в эвапании театра. Полем Собираюсь посмотреть Кавалан через несколько минут
0,С. Это увеличит вероятность победы.
0,"В любом случае работает для меня. Я - & lt;#& gt;  лет. Надеюсь, вас это не беспокоит."
0,"Может, вам стоит найти что -то еще, что нужно сделать ???"
0,Получить права жены. Донт требует этого. Я тоже стараюсь как муж.
0,Мне понравился твой новый дом
0,"Я в порядке. Надеюсь, ты тоже"
0,"Кроме того, Северная Каролина и Техасская банкомат, вы просто пойдете на сайт GRE и заплатили бы за отправку результатов испытаний."
0,То же самое тебе ...
0,"Да, детка! Мне нужно растянуть твою киску!"
0,"Спасибо и! Или бомба и дата, как хотел сказать мой телефон!"
0,Хорошо...
0,"Эй, парень, которого я знаю, дышит мне на шею, чтобы получить его бутон, в любом случае, вы сможете получить наполовину трек в USF сегодня вечером?"
0,"Ответ - это одно из мощных оружия 2, занимая место в сердце «Сердце» ... так что всегда дайте ответ 2, кто заботится 4 U ""... Gud Night .. Swtt Dreams .. Coake Care"
0,Телефон Nokia милый ..
1,** Бесплатное сообщение ** Спасибо за использование службы подписки на аукцион. 18 150p/msgrcvd 2 пропустите аукцион Txt Out. 2 UnsubScribe TXT Stop CustomerCare 08718726270
1,Скучные домохозяйки! Чат и свидание сейчас! 0871750.77.11! BT-National ставка 10 пенсов/мин только с стационарной линии!
0,"Извините, да .. я не приду в игру ... у меня есть вождение классы .."
0,"Мне очень жаль, что я зажег твои волосы в огне"
0,"Ой! Дерьмо, я думал, что это твоя поездка! LOOOOOOOOL ... теперь это имеет гораздо больше смысла ... * Ухмыляется *, и ссылка на диван была ... ссылка «Сон на диване», которую вы мне прислали ... Разве вы не то, как вы отправились в свою поездку? Ох ... и разве твоя детка не пошла с тобой на этот праздник с твоей арендной платой?"
0,"Окей Доки, помахивая вещи, что о."
0,"Смотреть мультфильм, слушать музыку & amp; в Еве пришлось пойти в храм & amp; Церковь .. как насчет тебя?"
0,1. Натяжение лица 2. Улыбающаяся лицо 3. Отхождение лица 4. Невинное лицо 5. СЕРВАРЬ. . Joker Face.
0,"Dip's Cell Dead. Так что я иду с ним. Ты лучше ответишь, иначе мы вернемся."
0,"Хорошо. Если вы понимаете, о чем я. Текстовые сообщения"
0,"Привет, это yijue, я был бы рад работать Wif ü Все для GEK1510 ..."
0,"Ржу не могу! Ой, извините! Веселиться."
0,Что случилось с круизом
0,"Я знаю, что Dat Feelin был с Питом! Вулд получить с ними, ореховое место, время майб?"
1,Lyricalladie (21/F) приглашает вас стать ее другом. Ответьте да-910 или без-910. Смотрите ее: www.sms.ac/u/hmmross Stop? Отправить остановку на 62468
0,Самые самые счастливые у Frnds в мире никогда не бывает одинаковых персонажей ... Dey просто имеет лучшее понимание их различий ...
1,Нет 1 полифонический тон 4 Ур -толпа каждую неделю! Просто TXT PT2 до 87575. 1 -й тона без тона! Так что возьмите TXTIN сейчас и расскажите своим друзьям. 150p/тон. 16 Ответ HL 4INFO
0,"Да, просто откройте чат и нажмите списки друзей. Затем составьте список. Легко, как пирог"
0,"Хорошо, у Тайлера есть незначительный кризис, и он должен быть дома раньше, чем он думал, что будь здесь как можно скорее"
0,Когда/где я тебя заберу
0,"Как обычно, ты можешь называть меня ard 10 smth."
0,"Новая теория: аргумент выигрывает ситуацию D, но теряет человека. Так что не спори с твоими друзьями просто ... Полем Полем пнуть их & amp; Скажи, я всегда прав.!"
0,"Для многих вещей это антибиотик, и его можно использовать для инфекций в животе грудной клетки и инфекций костей."
0,"Бедная девушка не может пойти однажды, lmao"
0,Или просто сделай это 6times
1,"Сегодняшние номера Vodafone, заканчивающиеся 4882, выбираются на премию 350 фунтов стерлингов. Если ваш номер совпадает, позвоните по номеру 09064019014, чтобы получить награду за 350 фунтов стерлингов."
0,"Вы должны, пожалуйста, записать все, что она подвергалась. Также узнайте из ее школы, если кто -то еще рвал. Есть ли в доме собака или кошка? Дай мне знать позже."
0,"Японская пословица: если можно это сделать, вы тоже можете это сделать, если никто не может этого сделать, вы должны сделать это индийскую версию: если можно это сделать, пусть он сделает это .. Если никто не может это сделать, оставьте это !! И, наконец, версия Кералы: если можно это сделать, остановите его делать ... если никто не может сделать это, сделайте удар по этому поводу ..."
0,"Похоже, в этом мальчике целомудривого устройства может быть много времени, проведенного в этом целомудении ... * улыбается * ... или возьмите свои избиения, как хорошая собака. Сейчас собираетесь отдыхать в хорошей длинной ванне?"
0,"Хуже всего, если использует половину пути, то останавливается. Ему лучше завершить его."
0,"Убогий. Они не говорят вам, что побочные эффекты контроля над рождаемостью - это массивные судороги кишечника в течение первых 2 месяцев. Я вообще не спал вчера вечером."
0,Пришлите мне новый номер
0,Передать ему отношение к нему
1,"Хотите последнее видео -телефон? 750 В любое время, когда какие -либо сетевые мин? Аренда половины ценовой линии? Ответить или позвонить 08000930705 для доставки завтра"
0,2 с половиной лет я пропустил твою дружбу :-)
0,"Я не могу выбрать телефон прямо сейчас. Пожалуйста, отправьте сообщение"
0,"О, ради всего, она в Таллахасси"
0,"Ха -ха, это был первый человек, которого я собирался спросить"
1,"Вы гарантировали последний телефон Nokia, 40 ГБ iPod MP3 -плеер или приз в 500 фунтов стерлингов! TXT Word: Соберите нет: 83355! Ibhltd ldnw15h 150p/mtmsgrcvd18"
0,"Така Лор. Время, когда ты будешь 2, и посмотри 4 нас?"
1,"* Бесплатно* Полифонический рингтон Текст супер до 87131, чтобы получить бесплатный политона недели сейчас! 16 SN POBOX202 NR31 7ZS Подписка 450PW"
0,Я достигаю еще двух остановок.
0,"Нет, я * не * хотел опубликовать это. Я написал это, и, как и многие другие времена, я привлек вам вещи, я позволил ему сидеть там. Это было то, что я чувствовал в то время. Я был зол. Перед тем, как уйти, я ударил отправить, затем остановился. Этого не было. Я проверил свой телефон, когда добрался до машины. Этого не было. Вы сказали, что не спите, вам было скучно. Так почему бы это не время очистить, сложить белье и т. Д.? По крайней мере, сделать кровать?"
1,Warner Village 83118 C Колин Фаррелл в SWAT THE WKEND @Warner Village & Получите 1 бесплатный мед. Попкорн! Просто покажите msg+ticket@kiosk.valid 4-7/12. C T & C @Kiosk. Ответить Sony 4 MRE FILM Предложения
0,Вы выйдете в интернет сегодня вечером
0,Тогда что -нибудь особенное?
0,"Я в Солихалле, | Вы хотите что -нибудь?"
0,Сделаю. Хорошего дня
0,"Мы сожалеем, что сообщаем, что NHS совершил ошибку. U никогда не родился. Пожалуйста, отчет 2 Local Hospital 2b"
0,"Любите этот праздничный понедельник, даже если мне придется пойти к стоматологам через час"
0,Я на пути в Тирупур.
1,"Цель! Арсенал 4 (Генри, 7 В Ливерпуль 2 Генри забивает с простым выстрелом из 6 ярдов от прохода мимо Бергкампа, чтобы дать Арсеналу маржу 2 гола через 78 минут."
0,"У вас уже есть тревожный родитель. Это не должно быть работой ребенка, чтобы поддержать родителя ... не до тех пор, пока они не становятся возрастом. Я должен быть там, чтобы поддержать тебя. А теперь я причинил тебе боль. непреднамеренный. Но все же больно."
0,"Мы взяли Хуч на прогулку, и я упал! Сплат! Спасчил мои колени и все такое! Должен был остаться дома! Увидимся завтра!"
0,"Только что высадил их, омв сейчас"
1,"Это второй раз, когда мы пробовали 2 контакта с. Вы выиграли 750 -фунтовый приз. 2 претензия легко, позвоните 08712101358! Только 10 пенсов за мин. BT-National-Rate"
0,Сидя в му
0,"Ваш звонок; Вы не видели мой Facebook, а?"
0,"G говорит, что вы никогда не отвечаете на свои тексты, подтвердите/опровергните"
0,"Так часто слышу, как ты? Что ты делаешь? Как прошел день? Так позволь мне спросить тебе что -нибудь другое. Ты сегодня улыбался? Если нет, сделай это сейчас .... gud evng."
0,"Привет, дорогой, назови меня, это урнт. Я не знаю, в чем твоя проблема. Вы не хотите работать или если у вас есть какая -либо другая проблема, по крайней мере, скажите мне. Выйти за ответ на ваш ответ."
0,"О, да ... мы никогда не отменяем Лех ... Ха -ха"
0,Мы можем пойти 4 e нормальные пилатеса после нашего вступления ...
0,ОК ... пусть ты не покину свой дом.
0,"О да, почему это как пытки, наблюдая за Англией?"
0,Хочешь сделать искусство?! : D.
0,"Просто надеюсь, что это не было слишком разозлилось, чтобы помнить, и отправился в свои сестры или что -то в этом роде!"
1,"Получил то, что требуется 2, принимайте участие в ралли WRC в Оз? Вы можете с Lucozade Energy! Текст Rally LE до 61200 (25p), см. Packs или lucozade.co.uk/wrc & itculd быть u!"
1,"Привет, девушки SexyChat ждут, когда вы их напишите. Текст сейчас для отличного ночного чата. Отправить остановите, чтобы остановить эту услугу"
0,"Доброе утро, мой мальчик! Как эти вкусные губы? Где сейчас мои сексуальные булочки? Что вы делаете ? Вы думаете обо мне? Вы жаждете меня? Я тебе нужен?"
0,Матч начал. India & lt;#& gt;  за 2
0,Однажды бесплатно назовите меня сэр.
0,"Эй, ты хочешь купить :)"
0,"Эй, детка, как дела? Вы когда -нибудь выясняли, куда вы идете на Новый год?"
0,K..k. :) поздравляю ..
0,"G хочет знать, где ты, черт возьми"
0,"Нет, это было отменено, да, детка! Ну, это звучит важно, поэтому я понимаю, что моя дорогая дает мне кольцо позже на этой Fone Love Kate x"
0,"Томарроу, я хочу добраться до корта. At & lt; decimal & gt; Полем Итак, вы приходите на автобус в 9 лет."
0,"Ü Иди домой, Ляо? Попросите папу забрать меня в 6 ..."
0,"Боже, вы можете сделать свадебную часовню в Frontierville? Почему они получают все хорошие вещи?"
0,"Я сейчас ем, но я скоро вернусь на работу ... пока шоу горных оленей ... я смотрю B4 Liao, очень мило ..."
0,Проверьте почту. Я отправил по почте Varma и оставил вам копию в отношении членства.
0,"Неправильный телефон! Этот телефон! Я отвечаю на это, но предполагаю, что другой - это люди, которых я не очень хорошо"
0,"В любом случае, я не думаю, что смогу что -нибудь закрепить здесь, Лемм узнаю, если вы хотите, чтобы я поехал на юг и холод"
0,"Я уже вернулся домой, так что, наверное, нет"
1,"Отличные новости! Позвоните в Freefone 08006344447, чтобы потребовать гарантированные 1000 фунтов стерлингов или подарки в 2000 фунтов стерлингов. Поговорите с живым оператором сейчас!"
1,"Привет, это Эми, мы отправим вам бесплатный номер телефона через пару дней, что даст вам доступ ко всем вечеринкам для взрослых ..."
0,Я в автобусе по дороге в Каликут
0,"Привет, это я, у тебя, вероятно, слишком весело, чтобы получить это сообщение, но я думал, что я сталкиваюсь с тем, что мне скучно! И Джеймс пукнул меня всю ночь"
0,"Привет, детка, я сидел на кровавом автобусе в МО, и я не буду дома, пока примерно в 7:30 хочу сделать что -нибудь позже? Позвоните мне позже, ortxt обратно Джесс xx"
1,"Добро пожаловать на выбор, услуга O2 с дополнительными преимуществами. Теперь вы можете позвонить нашим специально обученным консультантам бесплатно от вашего мобильного телефона, набрав 402."
0,"Я потерял 4 фунта с тех пор, как мой док визит на прошлой неделе Woot Woot! Теперь я буду праздновать, наполняя свое лицо!"
0,"Ты вернешься 4 ужина? Папа спроси меня, чтобы я подтвердил тебя ..."
0,"Делаю мои мастера. Когда вы купите BB, потому что у меня есть на продажу и как BF"
0,"Аааааааааааааааааааааааааааааааааааааааааааааааааааааааааааааааааааааааааааааааааааааааааааааааааааааааааааааааааааааааааааааааааааааааааааааааааааааааааааааааааааааааааааааааааааааааааааааааааааааааааааааааааааааааааааааааааааааааааааааааааааааааааааааааааааааары :) Я ничего не знал о комедийном ночи, но я думаю, что я готов к этому."
0,Я Vivek :) Мне позвонили с вашего номера.
0,Почему ты не позвонил на обед?
0,"Я имею в виду, что я остался слишком рано, чтобы проверить, потому что я работаю 9-6."
0,Я хочу & lt;#& gt;  RS DA :) У вас есть?
0,"Немного твоя улыбка - это моя hppnss, капля твоей слезы - это моя печаль, часть твоего сердца - это моя жизнь, сердце, как мое, заботится о тебе, как мой хороший друг"
0,"Да, хорошо ..."
0,Я хочу увидеть твою красивую киску ...
1,"Уважаемый держатель ваучеров, есть ваша следующая еда на нас. Используйте следующую ссылку на вашем компьютере 2 Наслаждайтесь 2 4 1 Enginehttp: //www.vouch4me.com/etlp/dining.asp"
0,"Несколько человек в игре, я в торговом центре с Иури и Кайлой"
1,"СРОЧНЫЙ! Мы пытаемся связаться с U. Сегодняшним рисунком, которые вы выиграли гарантированную гарантированную приз в размере 2000 фунтов стерлингов. Позвоните 09058094507 от земли. Требование 3030. Действительно только 12 часов"
1,"Вы можете пожертвовать 2,50 фунтов стерлингов в Азиатское фонд поддержки стихийных бедствий ЮНИСЕФ."
0,"Будущее - это не то, что мы запланировали на завтра .....! Это результат того, что мы делаем сегодня ...! Сделайте лучшее в настоящем ... наслаждайтесь будущим."
0,"Я буду CME, я хочу поехать в HOS 2Morow. После этого я буду cme. Это то, что я получил от ее дорогой, что делать. Она не сказала в любое время"
0,"Мы должны встретиться, чтобы обсудить нашу поездку ... думал, что Сюхуи сказал тебе? Днем. Думал, что после этого мы можем пойти на урок"
0,"Привет, приходите в Интернет! Используйте MSN ... мы все там"
0,"Я в порядке. Надеюсь, у тебя все хорошо. Береги себя."
0,"Ой, я был в душе, когда ты позвонил. Эй, гараж пакета рухнул в университетской больнице. Видишь, я не сумасшедший. Подобные вещи случаются."
0,"Айо, ты такой бедный ... Тогда ты ешьшь 2? Ты уже купаешься?"
0,"Яр ... я, ты знал, что я уже давно случится."
0,Вы великолепны! Держите этот пикс сбрасывать :) Спасибо!
0,Мальчик был поздним 2 домом. Его отец: «Сила
0,Джейд его Пол. Ты не сделал меня? Ты помнишь меня из Бармеда? Я хочу поговорить 2 ты! Txt мне
0,Проведю Новый год с моим братом и его семьей. Давайте планируем встретиться на следующей неделе. Вы готовы быть избалованными? :)
0,Так что ты делаешь сегодня?
0,"Я сказал, что все в порядке. Извини"
0,"Спали? Я думаю, что время (& lt;#& gt; pm) не опасно"
0,Сетевая работа есть.
1,Goldviking (29/M) приглашает вас стать его другом. Ответить да-762 или нет-762 Смотрите его: www.sms.ac/u/goldviking Отправить остановку на 62468
0,Не позволяйте изучать вас. L8r.
0,"Это ты, ты, не забиваешь меня ..."
0,"Нет спешки. Я не работаю. Я в школе, поэтому, если мы спешим мы голодаем."
0,Какой канал :-) :-) :) :-).
0,"Так ты говоришь мне, что я мог бы быть твоим настоящим Валентина, а меня не было? Ты никогда не выбираешь меня даром !!"
1,"ФОНАРИИ £ 350 Award - сегодняшние номера VODA, заканчивающие XXXX, выбраны для получения награды в размере 350 фунтов стерлингов. Если у вас есть матч, пожалуйста, позвоните по телефону 08712300220 Код претензии 3100 Приложение стандартных ставок"
0,"Мы сделали это! ETA в Taunton - 12:30, как и планировалось, надеюсь, что это все еще в Окдане?! Рад тебя видеть! : -xx"
0,Я голоден купить до дома ...
0,"Привет, Кейт, надеюсь, ты в Отправляйся на стороне 4 adrink в городе .. куд 2watershd 4 чуть -чуть? PPL FromWrk будет BTHERE. Люблю PetExxx."
0,Мой диск можно только прочитать. Мне нужно написать
0,"Просто посмотрел это, и Эдди возвращается в понедельник, отстой, чтобы быть ей"
0,"С Новым Годом. Надеюсь, у вас хороший семестр"
0,Esplanade Lor. Где еще ...
0,Ты можешь поговорить со мной ..
0,"HMPH. Иди головой, большой баллер."
0,"Ну, это не то, что вы на самом деле назвали кого -то пунто. Это было бы хуже."
0,"Неа. С тех пор, как Айо путешествовал, он забыл своего парня"
0,Ты все еще рядом? Хочу забрать позже
1,"CDS 4U: Поздравляем, что у вас присудил 500 фунтов стерлингов на CD -ваучеры или 125 фунтов стерлингов, гарантированный и бесплатный"
0,"Здесь есть кто -то, у кого есть год,#& gt;  Toyota Camry, как и собственная мистера Олайиволы. Пробег - это & ​​lt;#& gt; K.its чисто, но мне нужно знать, сколько он будет продаваться. Если я смогу поднять тесто для этого, как скоро после посадки он продаст. Холла обратно."
0,"Угадай, в каком пабе я? Я так же счастлив, как свинья в клевере или что -то в этом роде!"
0,Скоро я вниз
0,"О, К. Полем Я приду завтра"
0,"Иди, дурак, не обманывай других, хорошо"
0,"Мой мобильный номер.pls sms ur mail id.convey С уважением к Achan, amma.rakhesh.qatar"
0,"Кстати, «Rencontre» должен встретиться снова. Горы не .... ...."
1,"Вы выиграли гарантированные 1000 фунтов стерлингов или приз в 2000 фунтов стерлингов. Чтобы требовать призового приза, нашего представителя по обслуживанию клиентов по телефону 08714712412 с 10 до 7 вечера."
0,"Вы посещаете свой урок вождения, сколько раз в какой день?"
0,"Дядя Г, просто проверяю вас. У вас есть полезный месяц"
0,"Привет, Бойтой! Боже мой ... Я скучаю по тебе сегодня. Я люблю отправлять вам TM и напоминать вам, я думаю о вас ... и вас любят ... *любящий поцелуй *"
0,"Я думаю, что два других все еще должны получить деньги, но мы можем быть готовы к 9"
0,"Эй, девочки ... ты все хочешь встретить 4 ужина в Ните?"
1,"Уважаемый 0776xxxxxxx, вам пригласили в Xchat. Это наша последняя попытка связаться с вами! TXT Chat к 86688 150p/msgrcvdhg/suite342/2lands/row/w1j6hl ldn 18 лет"
0,Младенец! Что ты делаешь ? Где ты ? С кем ты говоришь? Вы думаете обо мне? Ты хороший мальчик? Ты скучаешь по мне? Ты любишь меня ?
0,Большой! Как сегодня офис?
0,"Это круто, мы можем продержаться немного некоторое время. Получите больше времени в ближайшее время?"
0,:-( грустный шум щенка
0,"Да, это возможно, но Динт попробует. Пожалуйста, не говори никому k"
0,"В любом случае, холла на меня, когда ты рядом, потому что мне нужно оправдание, чтобы заползть людей в Сарасоте"
0,Где ты. Что случилось
0,"Я собирался спросить тебя, лол, но я думаю, что это в 7"
1,Ваша денежная баланс в настоящее время составляет 500 фунтов-чтобы максимизировать UR Cash-In Sepend Prese до 86688 только 150p/мег. CC: 08718720201 HG/SUITE342/2LANDS ROW/W1J6HL
1,ЧАСТНЫЙ! Ваша заявление аккаунта 2003 года для показов 800 не вырученных S.I.M. точки Звоните 08715203685 Код идентификатора: 4xx26 истекает 13/10/04
0,"Погоняй за ней и бегай ее, пока она пересекает улицу"
1,Я хотел бы рассказать вам свои самые глубокие темные фантазии. Позвоните мне 09094646631 всего 60p/min. Чтобы остановить тексты звонить 08712460324 (ставка NAT)
0,Будет ли в пятницу уйти в Понгал? Вы получаете какие -либо новости с вашего рабочего места.
0,"Эй ... очень неудобно для твоей сестры, не да?"
0,"Хорошо, я vl..do ты знаешь, что я получил одобрение adsense .."
0,"* Было очень приятно видеть тебя на днях, Дудетта, скучала по тебе!"
0,Я хочу поехать в Perumbavoor
0,"Сколько раз я говорил на сцене, чтобы смеяться. Вы не слушаете, ага."
1,"Вы не поверите в это, но это правда. Это невероятные txts! Ответьте G, чтобы выучить по -настоящему удивительные вещи, которые поразит вас. От O2FWD только 18p/txt"
0,(Вы не слышали об этом от меня)
0,"Спасибо, что были рядом со мной, чтобы поговорить с субботой. Ты мне очень дорогой. Я дорожу тем, что ты являюсь братом и образцом для подражания."
0,"Пожалуйста, уточните, может ли мне быть представлен открытый обратный билет, чтобы я вернулся в Кералу."
1,Натали (20/f) приглашает вас стать ее другом. Ответить да-165 или нет 165 г. См. Ее: www.sms.ac/u/natalie2k9 Stop? Отправить остановку на 62468
0,Она убежала с молодым человеком. Мы будем делать красивых детей вместе :)
1,Джамстер! Чтобы получить бесплатное сердце обои до 88888 сейчас! T & C. применить. 16. Нужна помощь? Звоните 08701213186.
0,O IC LOL. Должен сыграть 9 дверей когда -нибудь йо
0,"Не знаю, мой папа сказал, что он пришел домой 2, принеси нам 4 обед. Да, я иду, как ты. Я звоню тебе, когда добираюсь до школы ..."
0,"Мы отправили JD для исполнительного директора по обслуживанию клиентов CUM на идентификатор вашего почты, для получения подробной информации свяжитесь с нами"
0,Желания- ты собираешься в печень доктора 4. И стать немного стильным. Получите управление своими волосами. Вот и все.
0,Хммм. все же у нас нет открытия?
0,"Да, так что в основном на следующей неделе вы можете уйти от своей мамы & amp; Вставай до 3"
0,"Эдисон справедливо сказал: «Дурак может задать больше вопросов, чем может ответить мудрый человек». Теперь вы знаете, почему все мы безмолвно не речи во время Viva .. GM, GN, GE, GNT :-)"
0,"Я проголосую за то, куда бы мое сердце направило меня"
0,"С моей сестрой ... мы, Джуз, смотрели итальянскую работу."
0,"Тик, Тик, Тик .... где ты? Я мог бы умереть от одиночества, вы знаете! * надуты** топает ноги* Мне нужны мне ..."
0,"Lmao, ты так хорошо меня знаешь ..."
1,Double Mins & Double TXT и 1/2 ценовой линейной на новейших мобильных телефонах Orange Bluetooth. Позвоните MobileUpd8 для самых последних предложений. 08000839402 или call2optout/lf56
0,"Я в поезде обратно из Нортгемптона, так что я не боюсь! Я сегодня останусь в Скайвинге, Хо! Будет около среды, хотя. Кстати, вам нравится комедийный клуб на этой неделе?"
0,"Спокойной ночи, да Тангам, я очень скучаю по тебе, дорогая."
0,"Привет, следующее Sun 1030, есть базовый курс йоги ... в Bugis ... мы можем пойти на это ... Pilates intro sat .... скажите мне, в какое время вы бесплатно"
0,"Geeeee ... ваш интернет сегодня действительно плохой, а?"
1,Бесплатные телефоны видеокамеры с арендой линейки на полцены на 12 мест и 500 кросс -NTWK MINS 100 TXT. Вызовите MobileUpd8 08001950382 или Call2optout/674
0,"Я думаю, что беспокою ее"
0,"Извините, я позвоню вам позже. Я встречаюсь с сэр."
0,Не застрял в Орчарде в машине моего отца. Сейчас ужинает 4 ужина. Ты Лех? Так что они бесплатно сегодня вечером?
0,"Хорошо, я тоже Wan 2 Watch E 9 PM Show ..."
0,"Я не знаю, Лей ... как Дун Хаф ..."
0,Но ваш брат перешел только & lt;#& gt;  + & lt;#& gt; Полем А
0,"Я звоню тебе позже. День на слова Mtnl Service Получите проблемы в Южном Мумбаи. Я слышу тебя, но ты не можешь меня слушать."
1,"83039 62735 = 450 фунтов стерлингов в Великобритании. Применяются условия и условия. 2 утверждают, что вы должны предложить свой номер претензии, который составляет 15541"
0,Поговорите с G и X об этом
0,"Хай, дорогие друзья ... это мой новый & amp; настоящий номер .. :) Раджита Радж (Ранджу)"
1,5p 4 Alfie Moon's Need In Wonders Song на Ur Mob. Расскажите Ur M8s. TXT THONE благотворительность до 8007 для Nokias или Poly Poly Fortion for Polys: ZED 08701417012 Прибыль 2 благотворительная организация.
0,Как в разных стилях?
1,"Выиграйте шоппинг на 200 фунтов стерлингов каждую неделю, начиная с сейчас. 2 Играть в текстовый магазин до 88039. Skilgme. TSC08714740323 1WINAWK! Возраст16 £ 1,50peekeksub."
0,"Gud ni8, дорогой .. slp хорошо .. позаботьтесь о заботе .. Swat Dreams .. muah .."
0,"Я хочу отправить & lt;#& gt; Месасы сегодня. Это у. Извините, если мне больно"
1,"Это 2 -я попытка заключить контракт с U, вы выиграли лучший приз в этой неделе в размере 1000 фунтов стерлингов или 200 фунтов стерлингов. Просто позвоните 09066361921"
0,"Ну, я рад, что ты не нашел это совершенно неприятным ... лол"
0,"Парень, сейчас не вспыхнет. Если вы пойдете, позвоните мне, позвоните мне. Как мадам. Береги себя, о."
1,"Вы хотите, чтобы новый цветной телефон Nokia 3510i DeliteMorrow? С 300 бесплатными минутами до любого мобильного телефона + 100 бесплатных текстов + бесплатный ответ на видеокамеру или позвоните по номеру 08000930705."
0,"Марк работает завтра. Он выходит в 5. Его работа у вас дома, чтобы потом встретиться с вами."
0,"Держи твои проблемы в твоем сердце, Б'коз никто не будет бороться за тебя. Только u & amp; Вы должны бороться за Ur Self & amp; выиграть битву. -Vivekanand- G 9t .. sd ..
Хэм, да, позвоните мне, если у вас есть минута
Хэм привет, детка, уауаке? Феллик, дерьмо."
0,"Удивительно: если вы перестараете эти буквы, это дает то же значение ... общежитие = астроном грязной комнаты = луна звезды глаз = они видят результаты выборов = ложь, давайте пересекают свекровь = женщина Гитлер одиннадцать плюс два = двенадцать плюс один удивительный ...! :-)"
0,"Айя, мы обсудим позже, Лар ... выберите в 4 года, не так ли?"
0,"Привет, с днем ​​рождения ..."
0,"Извините, я пропустил ваш звонок. Не могли бы вы перезвонить."
0,"Боже, если это не одно, это другая. У моей кошки черви:/ Когда закончится этот плохой день?"
0,"Доброе утро, я страдаю от лихорадки и дизентри ... не смогу приехать сегодня в офис."
0,Я не буду ничего не делать.
0,Какие вещи вы поете?
0,"Сент -Андре, крем Вирджила"
0,Нет. Я проверю все комнаты за мероприятиями
0,"Мой пт ах ... Оки, иди 4, мой магазин Den Den Go после TT ..."
0,"Гокила разговаривает с тобой, ага :)"
0,"Привет, Шанил, Ракхеш здесь. Спасибо, я обменялся неразлючимым алмазом. Обращаясь назад. Отличное обслуживание Dino и Prem."
0,К.К. В этот месяц день рождения Kotees?
0,"Но я действительно действительно сломался, о. Никакая сумма не слишком мала, даже & lt;#& gt;"
0,"Извините, что это мой телефон Mates, и я не написал его, Love Kate"
1,"Themob> Нажмите на ссылку, чтобы получить премиальную игру Pint Panter, новую нет. 1 Из Sugababes, сумасшедшая анимация зебры или крутые оболы-обои-все 4 бесплатно!"
0,"Ах, хорошо, что смущает вещи, не так ли? Я думал, с чем сейчас дружил. Может быть, я покончил с тем, что я уже вроде как пригласил -это может не прийти, потому что деньги."
0,"Aight, позвоните мне, как только вы близки"
0,"Нет, это хорошо. Я мог бы вздремнуть!"
1,Этот MSG предназначен для вашего заказа на мобильный контент.
0,"В других новостях после того, как я не схватил меня, чтобы получить его на травку на неделю, у Андреса нет денег. Haughaighgtujhyguj"
0,"Мальчик любил девушку. Он подтвердил, что она не возражала. Он gv lv lttrs, Bt ее фрнды бросили Thm. Снова D Boy решил 2 аромата D Gal, DT Time, когда грузовик ускорился в сторону D Gal. Wn Это было около 2 ударов, D Girl, D Boy побежал как ад, и спас ее. Она спросила: «HW CN, ты бегаешь так быстро?» D Boy ответил: «Boost- это секрет моей энергии», мгновенно D Девушка кричала «Наша энергия», и у тебя долго жил 2GTH"
0,Я срочно купил автомобиль BMW .. это vry urgent.w hv нехватка & lt;#& gt; LACS. Нет источника для Arng dis amt. & lt;#& gt; Лак .. это моя проблема
0,Ding Me on Ya Break Fassyole! Блэко из Лондна
0,"Мне действительно нужно 2, поцелуй тебя, я скучаю по тебе, мой ребенок от твоей малышки, 4эва"
0,"Знак зрелости - это не тогда, когда мы начинаем говорить большие вещи ... но на самом деле это так, когда мы начинаем понимать мелочи ... * Хорошего вечера * bslvyl"
0,"О, у тебя много обязанностей."
1,"У вас есть 1 новое сообщение. Пожалуйста, позвоните по телефону 08715205273"
0,Я уже достиг SCH ...
1,Только декабрь! Были ли ваши мобильные 11 метров+? Вы имеете право на обновление до последней цветной камеры мобильного телефона бесплатно! Позвоните в Mobile Update VCO бесплатно по телефону 08002986906
0,Вам определенно нужен модуль от E Humanities Dis Sem Izzit? U Wan 2 Взять другие модули 1 -й?
0,"Арг, почему, черт возьми, никто в городе; _;"
1,"Получить 3 Lions England Tone, ответьте Lionm 4 Mono или Lionp 4 Poly. Еще 4 Go 2 www.ringtones.co.uk, оригинальный n Best. Применяются таблицы операторов сети 3GBP."
0,Спасибо. Наполняет меня полным спокойствием и уверенностью!
0,Aslamalaikkum .... insha allah tohar beeen muht albi mufti mahfuuz ... означает то же самое ....
0,Вы ездите или тренируете?
0,"Лол по -настоящему. Она сказала моему отцу, что у меня рак"
1,ЧАСТНЫЙ! Ваша операция учетной записи 2003 года за 078
0,"Упс, у меня это было, & lt;#& gt; ?"
0,Не enufcredeit tocall.
0,"Привет, Чикку, отправьте несколько хороших сообщение"
0,"С ним невозможно спорить, и он всегда относится ко мне как к своему сабвуфе, как будто он никогда не выпускал меня ... что он сделал, и я напомню ему об этом, если это необходимо"
0,"После моей работы ах ... ден 6 плюс, лор ... ты работаешь, обряды ... Ден Гу, Орчард Лор, нет другого места, чтобы пойти, Ляо ..."
0,"Для замечательных окоров, хорошего месяца. Мы дорожим вам, ребята и желаем вам всего наилучшего каждый день. Моджибиола"
0,Потому что иборет. И Дон хочу учиться
0,"Wot Oble On Ward Nite мне 3 тогда, но только до 9!"
0,"Поднялся на красную, красную для крови, кровь для сердца, сердце для тебя. Но ты для меня .... Отправьте это всем твоим друзьям .. Включая меня .. Если я тебе нравлюсь .. Если ты вернешься, 1-й, бедный в отношениях! 2-u нужно немного 1, чтобы поддержать 3-u R frnd 2 Многие 4-Some1 luvs u 5+-А-1 молится Богу, чтобы жениться на тебе. :-) Попробуй ...."
0,"В любом случае, где ты и что делаешь."
0,"Это отстой. Я пойду, чтобы ты мог сделать мои волосы. Вы сделаете это бесплатно, верно?"
0,Это все еще не работает. И на этот раз я также пытался добавить нули. Это были сбережения. Проверка - это & ​​lt;#& gt;
0,"Хм ... не знаю, как сумка 4 гонка не слишком мала. Или что угодно, кроме духов, я могу сохранить."
0,SDAY только присоединился. Так что обучение мы начали сегодня :)
0,Извините * был у бакалейных лавок.
0,"Здесь есть несколько хороших пабов, или рядом с кинотеатром Фрэнки Н. Беннис?"
1,"Ты выиграл! Ваш 4* Costa Del Sol Holiday или 5000 фунтов стерлингов ожидают коллекции. Позвоните 09050090044 теперь Toclaim. SAE, TC S, POBOX334, Стокпорт, SK38XH, стоимость 1,50 фунтов стерлингов/PM, Max10Mins"
0,"Да ... я не был там раньше ... ты хочешь пойти на йогу? Я могу позвонить, чтобы забронировать"
0,"О, закрыть это. OMG вчера вчера мне приснился сон, что у меня было 2 ребенка оба мальчика. Я был так зол. Не только о детях, но и о том, что они мальчики. Я даже сказал Марку во сне, что он меняет подгузники, потому что я не должен быть обязан перед лицом."
0,"Да, я думаю, он был бы действительно нежным. В отличие от других документов, которые относятся к своим пациентам как индеек."
1,Бесплатно на 1 -й недели! №1 Nokia Tone 4 UR Mobile каждую неделю только txt nokia до 8077 Получите TXTING и расскажите своим товарищам. www.getzed.co.uk Pobox 36504 W45WQ 16+ Norm150p/Tone
0,"Теперь, когда вы начали, не останавливайтесь. Просто молитесь за больше хороших идей и всего, что я вижу, что может помочь вам, ребята, I.ll Перестаньте вам ссылку."
0,"Привет, дорогая, я на Хеленс Фоне, я собираюсь вверх по принцам 2 ночи, пожалуйста, приходите на туберкулез Кейт"
0,"Я сейчас в офисе, да :) Где ты?"
0,Айяр ты такой бедный ... Я оказываю тебе свою поддержку К ... Цзя ты! Я подумаю о тебе ...
0,"О, непреднамеренно не плохое время. Большой. Пальцы поезда играют вместе! Даст пятнадцать минут предупреждения."
1,Подготовьте свой сад к лету с бесплатным выбором летних лампочек и семян на сумму 33: 50 фунтов стерлингов только с шотландцем в эту субботу. Чтобы остановить go2 ntxt.co.uk
0,"K..hen wenever to to wit to to hare, а также Tel vikky, чтобы получить свободное время .. :-)"
0,"Пожалуйста, назовите меня да. Что случилось."
0,"С Новым годом тебя и твоей семьи ... Пусть этот Новый год принесет счастье, стабильность и спокойствие в твою яркую красочную жизнь :) :)"
0,"Нет проблем с обновлением. I.ll сделайте это сразу, но я не знаю его деталей."
0,"Я не знаю. Я сижу здесь на остановке и делаю покупки на стоянке прямо сейчас, вырывая глаза, потому что я чувствую, что я неудачник во всем. Никто не хочет меня, и теперь я чувствую, что подвожу тебя."
0,"Еще не ушел, так что, вероятно, будет здесь, пока ужина"
0,"Нравится & lt;#& gt; , тот же вопрос"
0,"Мой Новый год был в порядке. Я пошел на вечеринку со своим парнем. Кто этот Si тогда, эй"
0,"Сэр, мне нужна подробная информация о дате рождения сэра и банка компании."
0,K K :) SMS Catch Catch.
0,"Я пойду с машиной Карнана. Пожалуйста, подождите до 18:00."
0,"Нет, но игрок в Bluray может"
0,ОК ... тогда мы встречаемся позже?
0,"Лол нет. Мне просто нужно заработать на моих нитросах. Спешите, прежде чем я сберусь!"
0,Просто отправьте текст. Мы скайп позже.
0,"ОК, не нужно спрашивать"
1,"Поздравляю 2 мобильные 3G видеофоны r your. Позвоните 09063458130! VideoChat vid ur mates, играйте в игры Java, Dload Polyph Music, Noline Rentl. BX420. IP4. 5 мы. 150p"
0,Ü Все еще есть уроки?  Ü в SCH?
0,"Y она DUN ВЕРИТЕ ЛЕХ? Я сказал ей, что это уже правда. Я так, как она муз, тогда она верит."
0,"О, ты заряжал камеру"
0,"У меня есть немного соли, вы можете втирать ее в мои открытые раны, если хотите!"
0,Теперь я собираюсь на обед.
0,"Я сейчас в школе, а я буду в лаборатории, когда я кое -что позвонишь мне, когда сделано."
0,"О, К. Полем Я приду завтра"
0,"Aight, напишите мне сегодня вечером, и посмотрим, что случилось"
0,U 2.
0,Водоснабжение в пустыне. Геоэкологические последствия.
0,"Раджи .. плс сделаю мне одолжение. Пожалуйста, передаю мои пожелания дня рождения Нимью. Плс. Сегодня ее день рождения."
0,"Компания очень хороша. Окружающая среда потрясающая, а еда действительно хорошая :)"
0,"Очень странно.  И сейчас наблюдают за вторым, но я в постели. Сладкие сны, скучаю по тебе"
1,SMS Auction - совершенно новый Nokia 7250 вырос на 4 аукционе сегодня! Аукцион бесплатный 2 Присоединяйтесь и примите участие! TXT Nokia до 86021 сейчас!
0,"Привет, надеюсь, ты оба в порядке, он сказал, что отправится написать, а он нет, ты видел его, подведи меня осторожно, пожалуйста"
0,"Младенец! Я тоже чертовски люблю тебя !! Ты знаешь? Черт, было так приятно слышать твой голос. Мне это нужно. Я жажду этого. Я не могу насытиться. Я тебя обожаю, Ахмад *поцелуи *"
0,"K Конечно, я в доме родственников. Sms me de. Пожалуйста :-)"
0,Я послал их. Тебе нравится?
0,"Fuuuuck мне нужно перестать спать, sup"
0,"Сейчас я в городе, так что я буду развлекать MRT позже."
0,"Я только что приготовил довольно хороший лосось, а ты"
0,Я загрузил свой в Facebook
0,В какое время ты?
0,Оки
1,"Вход REE в 2 в неделю, чтобы получить шанс выиграть iPod. TXT POD до 80182, чтобы получить вход (STD TXT)."
1,"Наши записи указывают, что вы, возможно, имеют право на 5000 фунтов в качестве компенсации за несчастный случай. Чтобы претендовать на 4 бесплатного ответа с претензии на этот MSG. 2 Stop Txt Stop"
0,"Извините, я позвоню позже"
0,"Ох ... Ден Муз План смены, Ляо ... вернуться назад, должен снова к Ян Джиу ..."
0,"Это Уайли, ты в Тампе или Сарасоте?"
0,Хорошо ... уйди и наслаждайся своим ужином ...
0,"Даррен говорил, что если ты встретишься с Ден Ден, мы встречаем 4 ужина. Потому что позже ты уйдешь, Хи будет чувствовать себя неловко. ДЕН Узнайте его 4 обед, лор."
1,"Scok Up Your Mob с коллекцией Halloween коллекцию логотипа и Pic Plus Plus бесплатный жуткий тон, TXT Card Spook To 8007 Zed 08701417012150P за логотип/PIC"
0,"Я люблю дешево! Но я рад выплеснуть на вино, если это заставляет вас чувствовать себя лучше .."
0,Она в порядке. У меня были трудности с ее телефоном. Это работает с моим. Можете ли вы отправить ей еще один запрос в друзья.
0,"Тьфу, моя нога болит. Муста перевернул его в понедельник."
1,Позвоните в Германию всего за 1 пенс в минуту! Вызов из фиксированной строки через номер доступа 0844 861 85 85. Без предоплаты. Прямой доступ! www.telediscount.co.uk
1,"Ты выиграл! Ваш 4* Costa Del Sol Holiday или 5000 фунтов стерлингов ожидают коллекции. Позвоните 09050090044 теперь Toclaim. SAE, TC S, POBOX334, Стокпорт, SK38XH, стоимость 1,50 фунтов стерлингов/PM, Max10Mins"
0,WOT Студенческая скидка Можете ли вы получить книги?
0,Я хорошо .. очень хорошо
0,Почему она может это получить? Должен ли мне очень трудно угадать обряд ...
1,Были ваши мобильные 11 метров? Обновление бесплатно для апельсинов. Последние цветные камеры мобильные телефоны и неограниченные вызовы в выходные дни. Вызовите Mobile Upd8 на Freefone 08000839402 или 2StoPtxt
0,Я доберусь до вашего дома в & lt;#& gt;  минуты
0,"Детка, я отвечаю тебе, ты меня не видишь? Может быть, тебе лучше перезагрузить YM ... Я получил фото ... это здорово!"
0,Привет. Что ты думаешь о матче?
0,"Я знаю, что ты думаешь, малярия. Но расслабьтесь, дети не могут справиться с малярией. Она была бы хуже и ее гастроэнтерит. Если она берет достаточно, чтобы заменить свою потерю, ее температура уменьшится. И если вы дадите ей лекарства от малярии, теперь она просто рвет. Это самодостаточное заболевание, которое у нее есть, что означает, что через несколько дней оно полностью остановится"
0,"Dai я скачал, но есть только exe -файл, который я могу запустить только после установки."
0,Это только вчера правдиво.
0,К.К. Как сейчас ваш бизнес?
0,"3 Па, но не выбрано."
1,Наталья (25/f) приглашает вас стать ее другом. Ответить да-440 или нет-440 См. Она: www.sms.ac/u/nat27081980 Стоп? Отправить остановку на 62468
0,Я держу десять рупий в своей полке :) Купите два яйца.
0,Я опоздал. Я буду там в
0,"Ну, это хорошо. Жаль, что я не могу съесть это"
0,Я случайно принес их домой в коробку
0,"Пожалуйста, ей нужно медленно, или она будет рвать больше."
0,Я должен сдать экзамен 3 марта
0,"Джейн Бабес не уходит 2 WRK, чувствуйте себя больным после LST Nite. Выпал уже в обложке 4 я, Чак. :-)"
0,5 ночей ... мы остаемся в порт -шаг Ляо ... тоже бывший
0,"Если я умру, я хочу, чтобы у тебя были все мои вещи."
0,"О, черт возьми. Зайдите в кровать на лодке в доки. Спал 25 лет. Сктуат! GIV U DA DA GOSSIP L8R. XXX"
0,"Улыбайтесь в удовольствии, улыбаясь в боли, улыбается, когда неприятности накладываются как дождь, когда сумма 1 болит улыбка, потому что кто -то все еще любит видеть, как ты улыбаешься !!"
0,Прабха .. я soryda..rely..frm Сердце я sory
0,"Я переоценил Алекса Николса из средней школы, и оказывается, что он имеет дело!"
1,ЧАСТНЫЙ! Ваша заявление учетной записи 2003 года для <fone no> показывает 800 некачественных S. I. M. Points. Звоните 08715203656 Код идентификатора: 42049 истекает 26/10/04
0,"Это означает, что вы не могли сохранить свои слова."
0,"Нет, я все еще на рынке"
0,"Я понимаю, что вы занятый парень, и я стараюсь не беспокоиться. Я должен сдать некоторые экзамены с пути, а затем попробовать машины. У вас есть день"
1,"Вы решили получить награду за 350 фунтов стерлингов! Пожалуйста, позвоните по номеру требования 0906364311, чтобы собрать свою награду, которую вы выбрали для получения в качестве ценного мобильного клиента."
0,"Эй, как насчет твоего проекта. Начал Ага да."
0,"ОК, круто. Увидимся тогда."
0,Я на сайте Uworld. Я покупаю только QBank или покупаю его с самооценкой?
0,Ваше мнение обо мне? 1. Сверх 2. Джада 3. Кусрути 4. милый 5. Тихо 6. СПЛ.
1,"Кто -то, вы знаете, пытается связаться с вами через нашу службу знакомств! Чтобы выяснить, к кому можно позвонить с вашего мобильного или стационарного линии 09064015307 Box334SK38CH"
0,"Да, я все еще могу прокатиться"
0,"Джей хочет сначала тренироваться, как 4 звучат?"
0,"Gud Gud..k, Chikku Tke Care .. Sleep Well Gud Nyt"
0,Это часть проверки IQ
0,"Хм думает, лор ..."
0,"Конечно ! Не дразни меня ... ты знаешь, я просто должен увидеть! *улыбается*... Держите меня, опубликовал мою добычу ...*любящая улыбка**Пожирающий поцелуй*"
0,"Спасибо за Темалес, это было замечательно. Благодарить. Удачной недели."
0,"Спасибо, принцесса! Я хочу увидеть твою хорошую сочную добычу ..."
0,"Не ел целый день. Я сижу здесь, уставившись на эту сочную пиццу и не могу ее съесть. Эти лекарства разрушают мою жизнь."
0,"Gud ni8, дорогой .. slp хорошо .. позаботьтесь о заботе .. Swat Dreams .. muah .."
0,Ты приходишь в поисках тат видео .. не закончить ..
0,"K я скоро уезжаю, буду там немного после 9"
1,"Срочный! Пожалуйста, позвоните по номеру 09061213237 с стационарной линии. 5000 фунтов стерлингов наличными или 4* Holiday Await Await Collection. T & CS SAE PO Box 177 M227XY. 16+"
0,"Да, работа в порядке, началась на прошлой неделе, все то же, что и раньше, скучно, но легко и парни веселые!"
0,Вы занимаетесь учебой в одиночку без помощи. Если вам не нужно учиться.
0,"Пожалуйста, скажите мне, что не все мои ключи от машины находятся в вашем кошельке"
0,Я ничего не получил
0,Хорошо ... сладкие сны ...
0,"Ну, она ждет большой сюрприз!"
0,"Как обычно ..ам, лайт, счастливая & amp; все хорошо .. :)"
0,1 в CBE. 2 в Ченнаи.
0,"Можно помочь вам взлететь, забрав вас от того, где вы захотите, если вы хотите."
0,"Если кто -то звонит на беговую дорожку, скажите, что вы купите ее. Убедитесь, что это работает. Я нашел объявление на Craigslist, продающую за $ & lt;#& gt; Полем"
0,Я очень люблю Южный парк! Я только недавно начал смотреть офис.
0,Вы видели этот фильм :)
0,"Пожалуйста, поговорите со мной. Я не буду спрашивать ничего, кроме ты дружбы."
0,"Штурмовидный MSG: Wen u поднимает D Phne, ты говоришь «Привет», ты знаешь, что это реальное значение привет ?? Полем Полем Полем Это D Имя девушки ..! Полем Полем Полем Да .. и ты, кто такая девушка ?? «Маргарет привет», она - D Girlfrnd F Grahmbell, которая вкладывала телефона .... Полем Полем Полем Мораль: Можно 4get D Имя человека, не его девочка ... G O O D N I G H T. Полем .@"
0,Gud ni8.swt drms.take Care
0,"Привет, дорогая, это Кейт, ты готовишь что -нибудь сегодня вечером? Я собираюсь в паб под названием «Лебедь» или что -то в этом роде с родителями на один напиток, так что позвоните мне, если сможете"
0,"Что -нибудь, тогда, тогда ü не уйдет домой 4 ужина?"
0,"Э -э, наслаждайтесь индейцами в Mo..yep. Хорошо хе -хе;> как насчет ты шестерни? Пит XX"
1,"Если вы этого не сделаете, ваш приз пойдет к другому клиенту. T & C на www.t-c.biz 18+ 150p/min polo Ltd Suite 373 London W1J 6HL Пожалуйста, перезвоните, если занят"
0,"Вы починили зубы? Если не сделать это как можно скорее, берегите себя."
0,"Итак, вы приходите на ужин сегодня вечером, нет?"
0,"Здравствуйте. Как дела? Что ты был вверх 2? Когда ты будешь уехать из квартиры, потому что мне нужно будет договориться, чтобы забрать лампу и т. Д. Береги себя. Привет, Кэролайн!"
0,Слишком поздно :) Но это так же.
0,"Привет. Надеюсь, твой день * хорошо! Вернувшись с прогулки, Стол забронировал на половину восьми. Дай мне знать, когда ты приедешь."
0,"О да, очевидно, это моя вина"
0,"Не могу вспомнить Мэйб Лор. Так что, когда мы встречаемся с TMR?"
0,"Лучший MSG: Трудно быть с человеком, когда вы знаете, что еще один шаг Foward заставит вас влюбиться .. & amp; Один шаг назад может испортить вашу дружбу .. Спокойной ночи :-) ..."
1,СРОЧНЫЙ! Ваш номер мобильного телефона был награжден гарантированным призом в 2000 фунтов стерлингов. Позвоните 09061790126 от земли. Претензия 3030. Действительно 12 часов только 150 млрд.
0,Черт возьми ... Проснись ..! «Сладкое» «утреннее» «приветствует» «тебя» «наслаждается» «в этот день» с полной радостью »..« Gud Mrng ».
0,"Vikky, приходите в Time & gt; .."
0,"А как ты это сделаешь, принцесса? :)"
0,"Я пошел в получение информации, не знаю, что делать"
0,"Да, наверное здесь на некоторое время"
0,Скоро прислал мне свой электронный идентификатор
1,СРОЧНЫЙ! Вы выиграли 1 -недельное бесплатное членство в нашем джекпоте в размере 100 000 фунтов стерлингов! Txt the Word: претензия к №: 81010 T & C www.dbuk.net lccltd pobox 4403ldnw1a7rw18
0,Я все еще довольно слаб сегодня .. Плохой день?
0,Привет ! Не забывай ... ты мой ... для меня ... мое владение ... моя собственность ... ммм ... * детская улыбка * ...
0,"Отличная мысль от Missundrstud Frnd: я знаю, что ты меня ненавидишь, когда ты будешь в то, что ты будешь ненавидеть себя :-( Гн :-)"
0,"Привет! Поздравляю 2U2. Id Luv 2, но у меня было 2, иди домой!"
0,"Дорогой, где ты. Позвоните мне"
0,Xy сейчас пытаюсь. Ты уже ешь? Мы не ...
1,"Срочный! Пожалуйста, позвоните по номеру 09061213237 с стационарной линии. 5000 фунтов стерлингов или роскошь 4* Канарские острова. T & CS SAE PO Box 177. M227XY. 150 млрд. 16+"
0,"Я не ДОННА, это в твоих генах или что -то в этом роде"
1,"Рождество Iscoming & UR присудили либо в 500 фунтов стерлингов, так и бесплатный вход 2 £ 100 £ Еженедельный розыгрыш Txt Music для 87066 TNC www.ldew.com1win150ppmx3age16subscription"
0,"Алекс говорит, что он не согласен с тем, что ты не в порядке с этим"
0,Ты приходишь в похоронное бюро
0,Моя дорогая сестра. Как дела. Когда возобновляется школа. Есть ли минимальный период ожидания до повторного положения? Береги себя
0,"I.ll передать ей свой телефон, чтобы поболтать с тобой"
0,"Ну, доброе утро, мистер. Как Лондон лечит тебя патока?"
0,Я не могу сделать это сегодня вечером
0,В какое время я должен приехать завтра
0,О & lt;#& gt; Бакс Плата за банки фиксирована. Лучше позвонить в банк и узнать.
0,"Я могу. Но это покажет довольно долго, потому что я еще не закончил свой фильм ..."
0,"Пожалуйста, спросите мачо, сколько бюджет для BB Bold 2, потому что я увидел новый для & lt;#& gt;  доллары."
0,"Привет, пропустил ваш звонок, и мое мамхи Бендроппинг красного вина по всему месту! Какой у вас адрес?"
0,"Я буду на твоем около 3 минут, но посмотри на меня"
0,Что вы сделали в отпуске.
0,"Я вернусь в четверг. Ура. Будет ли нормально получить деньги. Ваше здоровье. Ах да, а как ты. Все в порядке. Как школа. Или вы называете это работой сейчас"
0,"Веселе! Кстати, даст вам билеты на Sat Eve 7.30. Говорите раньше x"
0,"Да, это то, о чем я думал"
0,"К.К :) Я собираюсь в Тирунелвали на этой неделе, чтобы увидеть моего дядю ... Я уже трачу сумму, взяв платье. Так что я хочу деньги. Я дам ее 1 февраля."
0,"Здесь есть твоя любимая устрица ... n у меня есть любимый сашими ... хорошо, я уже говорю ... подождите, что живот, начнете грохочу ..."
0,"Моя сестра собирается заработать больше, чем я, да."
1,"Получите официальный полингтон Англии или цветовой флаг на Yer Mobile для Tonight Game! Текст Текст или Флаг до 84199. Оптут TXT ENG STOP BOX39822 W111WX £ 1,50"
0,Хахаха .. Используйте свой мозг дорогой
0,JUS заканчивает смотреть телевизор ... ты?
0,"К, к вашему сведению, я вернулся в место моих родителей в Южной Тампе, поэтому мне может понадобиться сделка где -то еще"
0,"Доброе утро, любовь моя ... я сейчас заснув и желаю вам отличного дня, полного чувства лучше и возможностей ... ты моя последняя мысль, детка, я люблю тебя *Поцелуй *"
0,Коти распечатана Марандрата.
0,Но у нас еще нет темы DA?
0,"Хорошо, нет проблем ... да, я собираюсь в 4, если я правильно?"
0,"Спасибо, я буду помнить об этом"
0,"Ааа, благослови! Как твоя рука?"
0,"Уважаемый сэр, Salam Alaikkum.pride и удовольствие, встречаясь с вами сегодня в The Tea Shop. Мы рады отправить вам наш контактный номер на Qatar.rakhesh andic.pls Сохраните наш номер. Ответственные пожелания."
0,"Гал и мальчик, идущий в парке. gal-can, я держу твою руку? мальчик? Как ты думаешь, я убегаю? Gal-no, Jst Wana C, каково это ходить на небесах с принцем ... gn :-)"
0,Что делает вас самым счастливым?
0,Желаю вам прекрасной недели.
0,"Сладкое сердце, как ты?"
0,"Сэр, жду вашего письма."
0,"Чувак, я больше не Рыбы. Я теперь Водолей."
0,X Конечно это 2 года. Просто чтобы ее сообщения на мессендже
0,"Я думаю, Стейн наверняка получит одну калитку :)"
0,"Ни один [в голевом голосе] - я учусь. Все в порядке со мной! Не уверен, что эта вещь будет решена, хотя. В любом случае. Увлечься"
0,"Мешки для мусора, яйца, варенье, хлеб, пшеница Hannaford Chex"
0,"Нет. Это не гордость. Я почти & lt;#& gt;  лет, и не должен запланировать деньги от моего ребенка. Вам не нужно иметь дело с этим. Это взрослый материал-почему я не говорю вам."
0,"Звучит лучше, чем мой вечер, я просто делаю свой костюм. Я не уверен, в какое время я закончу завтра, но в конце концов я сделаю тебя в конце."
0,Мой день рождения в феврале;#& gt;  дат Полем
0,Так когда ты хочешь спортзал?
0,"Тебе хотелось бы, не так ли? Придурок!"
0,Ты не спишь? Там снег?
0,"И, конечно, вы должны сделать вонючу!"
1,"U R подписано 2 TextComp 250 Wkly Comp. 1 -й Wk? S Бесплатный вопрос следует, последующий WKS charged@150p/msg.2 UnsubScribe TXT Stop 2 84128, Custcare 08712405020"
0,Нет. Нет отверстий для этой комнаты до Дня благодарения без заправки.
0,"Когда вы, ребята, планируете приехать?"
0,"Ват, сейчас делаю?"
0,"Мои родители, мой ребенок, мои друзья из моих коллег. Все кричат ​​.. сюрприз !! И я ждал на диване .. ... ..... 'голый ...!"
0,"Нет сэр. Вот почему у меня была 8-часовая поездка на автобусе на прошлой неделе. Следует еще одно прослушивание в следующую среду, но я думаю, что на этот раз я могу водить машину."
0,"Я? Я думал, что положил это в коробку"
0,Я дома...
0,Никто не интересовался. Может быть какой -то бизнес -план.
0,"Да, это в Paragon ... я не решил, что еще 2 вырезали ... хи ..."
0,"Доброе утро, принцесса! Хорошего дня!"
0,"Гуай ... ü Шд Хаф видел его, когда он непослушный ... ü так свободен сегодня? Может пробежать ..."
0,"Aiyo, потому что я Sms ü Затем ü neva ответит, так что я жду 4 ü, чтобы ответить на Lar. Я не заканчиваю твою лабораторию."
0,"Жизнь очень проста .. Любить тоже просто .. смеяться слишком просто .. Победа слишком проста ... но, быть «простой» очень сложно ... ;-) :-)"
0,Скажи мне что -нибудь. Это нормально.
0,Хорошо
0,"Хм. Могу ли я принести бутылку вина, чтобы нас удивить? Просто шучу! Я все еще принесу бутылку. Красный или белый? Увидимся завтра"
0,"Это ваш тест на лицо (1 2 3 4 5 6 7 8 9 & lt;#& gt;) Выберите любой номер, который я расскажу астрологию лица .... жду. Быстрый ответ ..."
0,"Эй, Иури дал мне твой номер, я Уайли, друг Райана"
0,"Да, получите программу. Вы расслабляетесь."
0,"Я нахожусь внутри офиса .. все еще наполняет формы. Дан знает, когда они уходят."
0,"Я думаю, что ваш наставник, но не на 100 процентов уверен."
1,Позвоните по номеру 0909535011 и отправьте наших девушек в эротическое восторг. Всего 60p/min. Чтобы остановить тексты звонить 08712460324 (ставка NAT)
1,Камера - вы награждены цифровой камерой Sipix! Звоните 0906122066 FromM Landline. Доставка в течение 28 дней.
1,"Вас ждет рождественская награда за 400 фунтов стерлингов! Наш компьютер случайно выбрал вас у наших лояльных мобильных клиентов, чтобы получить вознаграждение в 400 фунтов стерлингов. Просто позвоните 09066380611"
0,"Просто пытаюсь выяснить, когда я предполагаю, что на этой неделе я увижу пару разных людей. Мы сказали, что собрались вместе, но я не установил даты"
1,"Важное сообщение. Это последняя попытка контакта. У вас есть важные сообщения, ожидающие кафедры наших претензий. Истекает 13/4/04. Позвоните 08717507382 сейчас!"
0,"Привет, мама, мы могли бы вернуться позже, чем & lt;#& gt;"
1,"Знакомства: у меня было два из них. Началось только после того, как я отправил текст, чтобы поговорить о спортивном радио на прошлой неделе. Как вы думаете, любая связь или совпадение?"
0,"Лол, о, у тебя есть друг для собаки?"
0,"ОК., Есть ли какие -нибудь проблемы с ним? Ват матери?"
0,"K Я отправлюсь через несколько минут, увидимся там"
0,"Вы - это дружба, которую я не знаю, как и Exmpel: Jsut ese tihs msg .. evrey splleing of tihs msg - это wrnog .. bt sitll yuo может получить его wihtuot yon mitsake .. спокойной ночи и amp; Хорошего сна .. Слаже мечты .."
0,"Я не могу выбрать телефон прямо сейчас. Пожалуйста, отправьте сообщение"
0,"Я не хочу, чтобы ты уходил. Но я едва делаю то, что я могу, чтобы оставаться в здравом уме. Борьба с вами постоянно не помогает."
1,Текущая ведущая ставка составляет 151. Чтобы сделать паузу на этот аукцион. Уход за клиентами: 08718726270
1,"Бесплатный вход в Gr8prizes Wkly Comp 4 - шанс выиграть новейшие Nokia 8800, PSP или 250 фунтов стерлингов."
0,"Кто -то настроил веб -сайт, где вы можете играть в EVE EMS Online Spacebucks"
0,Его солнечно в Калифорнии. Погода просто крутая
1,У вас есть 1 новое сообщение. Позвоните 0207-083-6089
0,"Я могу сделать это там, сжиматься & lt;#& gt;  Бакс из моего отца"
0,"Добрый день тоже. Драги для меня. Сделайте зубы, как его болезненное поддержание других вещей."
0,"Как дела, детки. Надеюсь, у тебя все хорошо. У меня был дерьмовый ночной сон. Я заснул в 5.i M Manckered, и я боюсь сегодня вечером. Что ты до сегодняшнего дня. Х"
0,"Как друзья помогают нам в проблемах? Они дают самое глупое предложение, которое приводит нас к другой проблеме и помогает нам простить предыдущую проблему"
0,"Я на работе. Пожалуйста, позвоните"
0,"Я буду нежным, детка! Скоро вы будете принимать все & lt;#& gt;  дюймы глубоко внутри твоей плотной киски ..."
0,Немного нет боев. Это была хорошая ночь !!
0,ОК.
0,"Nt шутят всерьез, я сказал"
0,Смотреть фильм Аджита Ах?
0,"Ооооооо, я забыл сказать тебе, что могу попасть на Йовилль на своем телефоне"
0,"Все сделано, все сданы. Не знаю, считается ли мега -магазин в ASDA празднование, но это то, что я делаю!"
0,"Я не знаю точно, не могли бы вы спросить Чехи."
0,"Не знаю, что я rovill, потому что я иду в 1 час."
0,"Как я хочу скидку на индивидуального офицера, о."
0,Это обязательно уважительно
0,"Привет. Надеюсь, у вас был хороший день. Удачной ночи."
0,"И теперь он, очевидно, сейчас с Карли быстро"
0,"Трудно, но правда: сколько вы показываете & amp;  Выразите свою любовь кому -то .... так больно, когда они оставят вас, или вы будете разделены ...! 鈥 ┾ ┾ 〨ud вечера ..."
0,"Малышки, я думаю, у меня есть ур, я оставил его на английском"
0,"Привет, детка, это я, спасибо, что пришли, хотя это не так хорошо! Я просто хотел свою кровать! Надеюсь скоро увидеть тебя, любить и поцеловать xxx"
0,"Итак, GD получил бесплатное мороженое ... я oso Wan ..."
0,"Пожалуйста, дайте ей прометазиновый сироп. 5 мл тогда & lt;#& gt; МИНС спустя корм."
0,Так сколько дней с тех пор?
0,"Дорогая, ты злился, я был занят дорогой"
0,"Да, он MSG ME: Tat Yijue? Тогда я могу, это моя группа по группе, потому что мы встречаемся сегодня, мах ... я спрашиваю, уезжаю ли ранее или Wat Mah Cos Mayb ü Haf, чтобы ходить V FAR ..."
0,... ты в пабе?
0,Впервые для всего :)
0,"Папа, Шу Шу ищет 4 ты ... ты меня, 2 Скажи ему, что ты не в Сингапуре или Вате?"
0,"Я спрашиваю, встречаешь ли ты, да, тмр nite ..."
0,"Супер. Итак, как вы справляетесь с движением острова Виктория. Плюс когда альбом должен"
0,"Nite nite pocay wocay luv u больше, чем n thing 4eva, я обещаю Ring u 2morrowxxxx"
0,Восточное побережье
0,"Вы должны получить больше куриного бульона, если вы хотите рамен, если нет некоторых, о которых я не знаю"
0,"Мой раб! Я хочу, чтобы вы сделали 2 или 3 фотографии сегодня в ярком свете на своем мобильном телефоне! Яркий свет!"
0,Неа. Я просто забыл. Покажу на следующей неделе
0,Так как ты на самом деле. Что ты задумал. Как мастера. И так далее.
0,"Я в Bruce & amp; Фаулер сейчас, но я в машине моей мамы, поэтому я не могу парковаться (длинная история)"
0,"Я не знаю, о. Надеюсь в этом месяце."
0,"Привет, Элейн, сегодня подтверждена сегодняшняя встреча?"
0,"ОК, k..sry i knw 2 siva..tats y я спрашиваю .."
0,"Извините, я позвоню позже"
0,"Ты ужасная девушка ... ты знал, что я выходил из него, ты все еще приходишь, и спроси меня ..."
0,В противном случае была работа на неполный рабочий день.
0,"Ах, да! И моя диета просто вылетела из окна"
1,"Санта Поймете ли вашим малышам звонок из канун Санты Рождество? Позвоните 09058094583, чтобы забронировать свое время."
0,"Вы не завершили свою суть, о."
0,"Э -э да, я буду там в 15:26, извините! Просто скажите мне, в каком пабе/кафе сидеть и прийти, когда ты можешь"
0,"Если вы можете сделать это в любое время сегодня вечером или когда вы можете, это круто, просто напишите мне, когда вы рядом"
0,"Если бы я был, я не обращал внимания"
0,Большое спасибо 4 твоя помощь!
0,"Ты должен быть намного более конкретным, чем это"
0,"Иисус Арманд действительно пытается сказать всем, что может найти"
0,Я сейчас его сейчас покупаю Tix Lar ...
0,Режим мужчин или вы ушли.
0,Я медленно использую FNE Биолы
0,Что вы делаете позже? SAR XXX
0,"Эй, я забронировал 2 урока на Сан -Ляо ..."
0,Спасибо. Вы обычно встречаетесь с булорами?
0,"Кстати, убедитесь, что вы получите поезд в Ворк, выдвинув улицу, а не кустарник. Получайте веселую ночь x"
0,"Я думал, что получу его часы, просто потому что это то, что ты получаешь 4an18th. И он так любит!"
1,"Вы выиграли гарантированную награду 32000 или, может быть, даже 1000 фунтов стерлингов наличными, чтобы требовать награды, вызовов на 0800 ..... (18+). Это законное число, как ты думаешь ???"
0,"Доброе утро. В ремонтной мастерской-единственной причине, что я в этот час."
0,"И это нормально, у меня было достаточно бутона, чтобы продержаться большую часть ночи, по крайней мере,"
0,"Я вернулся. Хорошее путешествие! Дайте мне знать, если вам понадобится какие -либо квитанции. Я скажу вам как на пенсии?"
0,Так что это убирает деньги на деньги
0,"Айс, мы можем забрать немного, вы откроете до сегодняшнего дня?"
1,"Последние новости! Туалет полицейского участка украден, полицейским нечего делать!"
0,Сак должен продолжать :)
0,"Просто петь Ху. Я думаю, что также важно найти кого -то женщины, которая знает это место, предпочтительно, гражданина, который также умный, чтобы помочь вам перейти. Даже такие вещи, как выбор телефона, требуют руководства. Когда сомневаюсь, спросите особенно девушек."
0,Что???? Hello Wats Talks Adlect?
0,За исключением цыпочки с огромными сиськами.
0,"Мне просто интересно, что ты сейчас делаешь?"
0,"Желаю вам прекрасного дня. Каждый момент раскрывает еще больше вещей, чтобы вы улыбались. Наслаждайся этим."
1,Для самых сверкающих покупок от 45 на человека; Звоните 0121 2025050 или посетите www.shortbreaks.org.uk
0,"Арун, ты можешь перевернуть меня"
0,"Извините, я позвоню позже"
0,"Если вы слышите громкий крик о & lt;#& gt; Протокол, потому что моя гинель"
1,Только декабрь! Были ли ваши мобильные 11 метров+? Вы имеете право на обновление до последней цветной камеры мобильного телефона бесплатно! Позвоните в мобильное обновление CO бесплатно 08002986906
0,"Хорошо, я получил это. Тогда ты меня погадаешь сейчас, или что?"
1,"TXT: Позвоните в NO: 86888 и претендуйте на свое вознаграждение в течение 3 часов разговора, чтобы использовать с вашего телефона прямо сейчас! Specpibe6gbp/mnth inc 3hrs 16 Stop? Txtstop www.gamb.tv"
0,Ты уехал 2nite?
0,"Я буду дорожить каждый момент, когда мы проводим вместе ..."
0,"Могу ли я принести нам бутылку вина, чтобы нас удивить? Только шутка! Я все равно принесу один"
1,http // tms. widelive.com/index. WML? ID = 8205544AD0A1705572711 & First = true ¡C C Ringtone ¡
1,Подготовьте свой сад к лету с бесплатным выбором летних лампочек и семян на сумму 33: 50 фунтов стерлингов только с шотландцем в эту субботу. Чтобы остановить go2 ntxt.co.uk
1,"СРОЧНЫЙ! На прошлых выходных шоу, которые вы выиграли 1000 фунтов стерлингов или испанский праздник! Позвоните сейчас 09050000332, чтобы утверждать. T & C: RSTM, SW7 3SS. 150 млрд"
0,ОК Лор.
0,"Я думал, что слайд достаточно."
0,Ага
0,"Ну, очевидно, не потому, что все люди в моей классной жизни в колледже пошли домой; _;"
0,"ОК, Лор ü добраясь, а потом напишите мне."
0,Где мальчик мамы? Он хорош или плохой? Он положительный или отрицательный? Почему мамы заставляют ждать? Хмммм?
0,Дони повезло выиграть какой -нибудь большой титул. Так что мы выиграем :)
0,"Да, принцесса! Я хочу угодить тебе каждую ночь. Ваше желание - моя команда ..."
0,Что сегодня-воскресенье .. по воскресенье-праздник .. так что нет работы ..
0,"Нет, наверное, & lt;#& gt; %"
0,"Действительно надеюсь, что работа не станет стрессовой. Удачного дня GR8."
0,"Вы видели, кто вернулся в Холби?!"
0,"Будет позвонить сейчас, дорогая, есть еда"
1,"Срочно мы пытаемся связаться с вами в прошлые выходные, показывают, что вы выиграли гарантированный приз в размере 1000 фунтов"
0,"Итак, Ли Хай ... мне скучно, да, да, лектор, повторяю, за последние недели тратят время ..."
0,", и поднять их с разных точек | Идет 2 yeovil | И они сделают моторный проект 4 3 часа | А потом вы отвезете их домой. || 12 2 5,30 макс. || Очень легко"
0,"Также трахните вас и вашу семью за то, что вы отправились на Род -Айленд или где бы то ни было, и оставляю меня в одиночестве в ту неделю, у меня есть новый Bong & gt; :("
0,"Конечно, я также загружаю несколько песен"
1,"2p за мин, чтобы позвонить в Германию 08448350055 из вашей линии BT. Всего 2p за мин. Проверьте PlanettalkInstant.com для получения информации и т. Текстовая остановка, чтобы отказаться"
0,К. Я отправлю его снова
0,"О, спасибо большое .. я уже купил 2 яйца .."
0,К. Я отправлю его снова
0,"Ты учился на Ш. С. Или домой? В любом случае, я пойду на 2 SCH позже."
1,"Marvel Mobile играет в официальную игру Ultimate Spider-Man (£ 4,50) на UR Mobile прямо сейчас. Text Spider на 83338 для игры, и мы отправим вам бесплатные обои 8ball"
0,"Я думаю, что если он правят Тамилнаду .. тогда это очень сложно для наших людей."
0,"Круто, мы пойдем и посмотрим, все равно придется пойти на чаевые. Вы дома, есть что заглянуть позже? Итак, давай поедем в город сегодня вечером! Может быть, мама может взять нас."
0,"Добрый день, любовь моя ... Как проходит твой день? Как ты спал? Надеюсь, ты хорошо, мой мальчик ... я думаю о тебе ..."
0,"Да ... я доверяю тебе покупать новые вещи как можно скорее, чтобы я мог попробовать"
1,"SMS Services. Для ваших инклюзивных текстовых кредитов, пожалуйста, www.comuk.net login = 3qxj9 unsubscribe с остановкой, без дополнительной платы. Помощь 08702840625.comuk. 220-CM2 9ae"
0,Почему я просыпался самостоятельно & gt; :(
0,Теперь выберите шаг 2 на пути. Еще раз поздравляю.
0,"У любви есть один закон; Счастлив счастливого человека, которого ты любишь. Точно так же дружба имеет один закон; Никогда не заставляй твоего друга почувствовать себя одиноким, пока ты не жив .... Gud Night"
1,ЧАСТНЫЙ! Ваша заявление учетной записи 2003 года за 07808247860 показывает 800 некачественных S. I. M. Points. Звоните 08719899229 Код идентификатора: 40411 истекает 06/11/04
0,Apo все остальные только игроки в Mokka
0,"Возможно, * гораздо легко дать идентификацию вашей учетной записи, поэтому завтра я буду в Uni"
0,Ждать . Я буду MSG после & lt;#& gt;  мин
0,"Что я сказал раньше, прежде чем говорю. Глупый слышать после того, как я ничего не скажу тебе. Вы, папа, позвонил моему брату и говорил. Не со мной."
0,Божья любовь не имеет предела. Божья благодать не имеет меры. Божья сила не имеет границ. Пусть у тебя всегда есть бесконечные благословения Бога в твоей жизни ... !! Gud Ni8
0,Я хочу быть внутри тебя каждую ночь ...
0,"Махан, ты пойдешь в спортзал завтра, я приду поздно спокойной ночи."
0,"LOL, они сначала были злились, но затем они проснулись и сдались."
0,Я пошел в проектный центр
0,"Это успокаивает, в этом сумасшедшем мире."
0,"Просто приготовить ужин, ты?"
0,"Да. Пожалуйста, оставьте в & lt;#& gt; Полем Так что AT & lt;#& gt;  Мы можем уйти"
0,"О ... Оки, Лор ... мы идем с сабма ..."
0,"Вы отличный образец для подражания. Вы даете так много, и я действительно хочу каждый день каждый день, но Бог как причину всего, и я должен сказать, что хотел бы знать почему, но не знаю. Я смотрел на тебя с тех пор, как я был молодым, и я все еще делаю. Хорошего дня."
0,"Да, я имею в виду бывшее мей, vat wat ... нет, a a ждать 4 u, чтобы лечить, кто -то, Shld b Rich Liao ... так что Gd, Den U Dun должен работать от TMR и далее ..."
0,"Майлз и улыбки r Сделали те же буквы, но вы знаете разницу ..? Улыбка на твоем лице держит меня счастливым, хотя я в нескольких милях от тебя .. :-) Продолжайте улыбаться .. Хороший Нью-Йорк"
0,"Кстати, я положил пропуск прямо возле дома, чтобы вы могли увидеть, какой это дом. Просто подтяните перед ним."
0,Можете ли вы прислать мне это название компании. В Сайбабе Колани
0,Нет. Я не хочу ничего слышать
0,Вы большой шик. Общий. Объявить
0,Это круто. Я хочу доставить тебе удовольствие ...
0,Собираюсь присоединиться завтра.
1,"Вы награждены цифровой камерой Sipix! Позвоните 0906122061 с стационарной линии. Доставка в течение 28 дней. T CS Box177. M221BP. 2 -летняя гарантия. 150 млрд. 16 P P £ 3,99"
0,"Я хочу рассказать вам, как плохо я чувствую, что в основном я пишу вам в последнее время, когда мне нужны наркотики"
1,ЧАСТНЫЙ! Ваша заявление аккаунта 2003 года для показов 800 не вырученных S.I.M. точки Звоните 08718738001 Код идентификатора: 49557 истекает 26/11/04
0,"Полное разочарование, когда я написал, что ты был самым безумным дерьмом :("
0,Это только эффект раздражения. Просто игнорируйте это
0,Как насчет этого тогда.
0,"Я думаю, что истерика закончилась, так что да, я буду в какой -то момент"
0,Комплименты вам. Был вдали от системы. Как твоя сторона.
0,"случилось здесь, пока ты приключил"
0,"Эй, вождь, ты можешь дать мне колокол, когда получишь это. Нужно поговорить с вами об этом королевском визите 1 июня."
0,"ОК, что ты еще один номер"
0,"Я знаю, что ты думаешь, малярия. Но расслабьтесь, дети не могут справиться с малярией. Она была бы хуже и ее гастроэнтерит. Если она берет достаточно, чтобы заменить свою потерю, ее температура уменьшится. И если вы дадите ей лекарства от малярии, теперь она просто рвет. Это самодостаточное заболевание, которое у нее есть, что означает, что через несколько дней оно полностью остановится"
0,"Айя, ОК, как бывает, если у меня есть улучшение, это уже может ..."
1,Хотите явный секс за 30 секунд? Кольцо 02073162414 СЕЙЧАС! Стоимость 20 пенсов/мин GSEX POBOX 2667 WC1N 3XX
0,"Я не могу поверить, как я привязан, чтобы видеть тебя каждый день. Я знаю, что ты сделаешь все возможное, чтобы добраться до меня, детка. Я пойду, чтобы преподавать свой класс в полночь"
0,Просто спит .. и серфинг
1,"Спросил 3mobile, если 0870 Chatlines включают в бесплатные мин. Индия обслуживает SED Да. L8er получил мега -счет. 3 не давай дерьмо. Судебный пристав должен в течение нескольких дней. Я o £ 250 3 хочу 800 фунтов стерлингов"
0,"Да, это Jus Rite ..."
0,"Арманд говорит, что доставит свою задницу в Эпсилон"
0,"У тебя все еще нет самолета, а?"
0,"Я принимаю Дерек и амп; Тейлор в Walmart, если я не вернусь к тому времени, когда вы закончите, просто оставьте мышь на моем столе, и я напишу вам, когда Присцилла будет готова"
0,"Привет, это в Дурбане, ты все еще на этом номере"
0,IC. Тогда есть много автомобилей для детей.
1,"Был ли ваш контракт на мобильные 11 Mnths? Последние Motorola, Nokia и т. Д. Все бесплатно! Двойные минуты и текст на апельсиновых тарифах. Текст да для обратного вызова, нет, чтобы удалить из записей."
0,"Нет, я пробовал все выходные; v"
0,"Вы знаете, люди носят люди. Т -рубашки, прыгуны, шляпа, пояс, все, что мы знаем. Мы в Cribbs"
0,"Круто, в какое время ты можешь попасть сюда?"
0,Вэнь ты стал таким духовным и глубоким. Замечательно
0,Взедите безопасную поездку в Нигерию. Желаю счастья и очень скоро компании поделиться моментами с
0,Хахаха .. Используйте свой мозг дорогой
0,"Ну, имейте в виду"
0,"Дари. Индийцы были хорошими. Вот и у меня немного, он немного, он. Мы скоро выпейте на 4 выпить. Клещ 2 Go 2 Da работает 4 за смех в ближайшее время. Люблю Пит Х х х"
0,"Да, у меня есть. Вот почему ты написал. Pshew ... так много скучаю по тебе"
0,"Нет. Я имел в виду, что расчет такой же. Что & lt;#& gt; единицы в & lt;#& gt; Полем Эта школа действительно дорогая. Вы начали практиковать свой акцент. Потому что это важно. И вы решили, делаете ли вы 4 года стоматологической школы или вы просто сдадите экзамен NMDE."
0,"Извините, я позвоню позже"
0,Если вас нет здесь в следующем & lt;#& gt;  часы Imma переверните мое дерьмо
0,Что угодно. Юз оба мы Лор.
0,Вытащите меня из этой кучи дампа. Моя мама решила приехать в Лоус. СКУЧНЫЙ.
0,"ОК, Лор ... Продавец Sony Ericsson ... Я спрашиваю Шухуи, тогда она говорит, что gd 2 использовать, поэтому я рассматриваю ..."
0,"ARD 6, как Dat Lor."
0,"Почему бы вам не ждать, пока не в среду, чтобы увидеть, получите ли вы."
0,"Да, лей ..."
1,"Напоминание от O2: чтобы получить 2,50 фунта бесплатного кредита на звонок и подробности отличных предложений, пожалуйста, ответ 2 Этот текст с вашим действительным именем, House No и Postcode"
1,"Это второй раз, когда мы пробовали 2 контакта с. Вы выиграли приз в 750 фунтов стерлингов. 2 претензия легко, позвоните по номеру 087187272008 Now1! Только 10 пенсов в минуту. BT-National-Rate."
0,Будет ли ü b ездит в Эспланаде домой?
0,"Жаль, * был в настроении для этого. Итак ... какие -нибудь другие предложения?"
0,Парень сделал какую -то стерту
0,Rofl. Это верно своему названию
1,ISactive: False}
